0,0.0,0.0,-0.29787882173089625,0.024028678934726298,-0.6200396060143204,0.00031667000405594293,-0.6984742346781418,0.052484451673053545,-0.47850540139756503,0.07215911449742257,-0.4967153672304694,-0.9370000873527266,-0.4137399683513345,-0.25990880480123063,-0.3882795952543503,-0.03538374759960077,-0.4001108475977804,-0.1853386502811985,-0.1571589488284585,-1.0,-0.08328971153824746,-0.10061357759967018,-0.1268898539742675,0.04352601703391264,-0.18324663760758825,-0.23105280727696667,0.1643161100036683,-0.9261380966718349,0.19702610458308456,-0.06666361958005472,0.11408370853315651,0.03478498198399127,0.04969859380445221,-0.2067436042939824,0.43177837185780654,-0.7856582800627945,0.41638307588725554,-0.15538439194055195,0.35704870366327474,-0.04510386658265788,0.3272374575825244,-0.20047149518139049
0,0.0,0.0,-0.3487997012445438,0.04362722679706549,-0.7224172130770459,0.028058387207637748,-0.7871048052541992,0.12118863538574363,-0.47744666917433626,0.18669645200834567,-0.5356276706004606,-0.9148338578692566,-0.42193146484887684,-0.1375850059399296,-0.4328752777153867,0.04136491192938114,-0.4537391789095967,-0.13131628298419898,-0.167532263694988,-1.0,-0.07656366278519104,0.018142628669158098,-0.16087358909759075,0.049976321465200674,-0.23469216551701744,-0.23828318445172691,0.17615125036194332,-0.9228991727396471,0.21100307685646477,0.051564271661800165,0.09134421012467087,0.06183777903461937,0.016740318185385336,-0.2034933280654231,0.4577155490849261,-0.7678396787296399,0.44364589901307866,-0.06792952185596415,0.36066305309674646,-0.0230737173675964,0.3191084422771444,-0.19867887306411064
0,0.0,0.0,-0.0972096473612762,-0.4172664345832176,-0.1697392264167434,-0.7824886355099434,-0.21405155233362474,-1.0,-0.20488803395683608,-0.9283289550772512,0.21972750813039862,-0.8308253779957814,-0.2059088345850849,-0.7643654476623121,-0.2526440058955386,-0.6190334536111038,-0.15035110337326715,-0.6182445116621371,0.2835391316849236,-0.5572867727908566,-0.23711621747721678,-0.48766018197188976,-0.23027007559440155,-0.3773469747845474,-0.08156273095635827,-0.42410427727393324,0.2714835177612653,-0.25562739255550365,-0.22529211643316976,-0.20131073636224453,-0.20643427718488983,-0.1477854427156478,-0.08259321397538996,-0.15886849506513612,0.21776129120213883,0.026903905988826693,-0.17357103256905554,0.0429825532827584,-0.15472495050958338,0.041044346127834704,-0.043661530936405624,0.011717248945764865
0,0.0,0.0,-0.09231845455286287,-0.4755601174577915,-0.17877830345460322,-0.7966286280933619,-0.23230968275958053,-1.0,-0.21378563312111942,-0.9367443828017914,0.2142520581209134,-0.8511093388466832,-0.20938398754002474,-0.7682801699786749,-0.26706301498804635,-0.629792599280127,-0.16673384383094794,-0.6368014269272079,0.2753090500550755,-0.5581916920679365,-0.2392778561663967,-0.4720788692261136,-0.23245435325421626,-0.36424148252462835,-0.08026721922249681,-0.4024951082144456,0.2676072690514102,-0.2470924435304362,-0.23365475210527617,-0.17383734824477148,-0.20881519443073535,-0.11494473678668518,-0.07568977152133843,-0.1177365110787383,0.22731708567698009,0.05148859529527889,-0.17384192642498147,0.07832387328695942,-0.14348639410623393,0.07041991984522088,-0.025234379935850537,0.047392222770586474
0,0.0,0.0,-0.10386586090759606,-0.4978215571475823,-0.19314236842145993,-0.8175899279691304,-0.2571100632815912,-1.0,-0.2728369139064636,-0.9266856905051575,0.15376132933676737,-0.8380652423035712,-0.24929525518713394,-0.7650338048991042,-0.29404986251068965,-0.6334253570474891,-0.18974571829344825,-0.6376271957069722,0.21238167648009157,-0.5463029382553137,-0.2779737690989873,-0.45819597527732525,-0.2568709831047884,-0.35428131506479155,-0.09923648206903227,-0.3985002225557853,0.2077187936411228,-0.23601510702661738,-0.27484624349596765,-0.158558228177356,-0.24250923840945948,-0.0985403636258357,-0.10537153796927337,-0.10160233792371522,0.17759032127696128,0.0613489202197826,-0.21467688259479015,0.09225308302810248,-0.16582841417827388,0.08666938643887345,-0.03678757453160634,0.07395552871998422
0,0.0,0.0,-0.3082387868748881,-0.05863338437364417,-0.5954878766319843,-0.3671131858373851,-0.6859450160404449,-0.7437509694153273,-0.5482262132263538,-0.9162702343640803,-0.40842438383519475,-0.7158631634757134,-0.4452194087908204,-0.9213052964823468,-0.41027013095977866,-0.6256321964036927,-0.38978290797665893,-0.5568089668435876,-0.22371677915652363,-0.7508526431692514,-0.26332298569501744,-0.9558779152985092,-0.2308978737048169,-0.5754292114006584,-0.2112888009406253,-0.5099383132399379,-0.04734678519761525,-0.7712592658412539,-0.08556981176288804,-1.0,-0.07430542681894751,-0.6174013319496291,-0.05447303221712387,-0.5103261776639239,0.14647612491003728,-0.7729739883137412,0.09844089510380633,-0.9615500147537887,0.08756457116997643,-0.6871243362023768,0.09937585871276586,-0.5824884225516526
0,0.0,0.0,-0.2962530457732086,-0.04411757380496835,-0.594340563423725,-0.36717586560906335,-0.6815558220259497,-0.7617300177401303,-0.5357597484521216,-0.9247501237745973,-0.40200309248475025,-0.7305424330769872,-0.435490652856915,-0.9373491031628182,-0.40696384355750415,-0.6372153611576219,-0.3917610314689771,-0.5797831666352327,-0.21125649993665982,-0.7555484667528588,-0.25250076452606857,-0.9598065863810925,-0.23005832276605775,-0.5782473751434433,-0.21621725100941372,-0.5287678144829513,-0.03566388357364342,-0.768604061838365,-0.07105721624215731,-1.0,-0.06931826739200356,-0.6170103851502129,-0.05011911565211217,-0.5202129362596718,0.15654290248769115,-0.7757888976261746,0.11322838627910363,-0.9558184511615082,0.09969283193446143,-0.6820644967963159,0.11344287356706913,-0.5849820415732232
0,0.0,0.0,-0.29049280565204455,-0.039463799868224146,-0.5912875026722838,-0.3690345251759568,-0.687268436566679,-0.7640473984008664,-0.5449842146553643,-0.9254734020716956,-0.4081917246128171,-0.7344636708194403,-0.44170038573411957,-0.9405741550835238,-0.4065673656565637,-0.6335907653664231,-0.3892754129926316,-0.5825211457389309,-0.21599182268989284,-0.7608534166517733,-0.25722510052413283,-0.9636139892777504,-0.23070883818597343,-0.5770794750587659,-0.21502682997262704,-0.5370755208092381,-0.038580814000770396,-0.773411470342885,-0.07206045132012036,-1.0,-0.0687973189019458,-0.617451778365288,-0.050252862569862874,-0.5360300795670974,0.15398626823544537,-0.7801738214071966,0.11658608016510452,-0.9548994466485544,0.10172901021530693,-0.6816999571947618,0.11202603181807336,-0.5938429607784222
0,0.0,0.0,-0.3047392465209304,-0.034601840353308766,-0.612559861896699,-0.35743799943993015,-0.7044221493054859,-0.7530113601229476,-0.5624188400882405,-0.9274406264905164,-0.42397288033055935,-0.7202712990981772,-0.4517562049792652,-0.9334495616133951,-0.42064849944997357,-0.6275777687714974,-0.4088082603608,-0.5769410733254325,-0.23057567855298744,-0.7488966978328605,-0.2661863929807729,-0.9611086232246239,-0.24028473762381503,-0.5742762121160203,-0.23043703960150755,-0.5287390275344047,-0.05145533482291434,-0.7681490991028248,-0.08143246333452674,-1.0,-0.0752317180713904,-0.6148056553664105,-0.06105923309815914,-0.5263973289945644,0.14025614334007228,-0.780022422487238,0.10321925947106877,-0.9558768736443809,0.09533554761795043,-0.6785588953626452,0.10649381697846645,-0.5856201867766011
0,0.0,0.0,-0.2027108715467612,-0.42917419380870026,-0.3643082334859853,-0.6945432270393893,-0.5346184954030178,-0.7279591526073409,-0.5416497783581447,-0.48731680388226295,0.11944891233179704,-1.0,-0.36781965670730254,-0.9216185632619225,-0.37117940610620104,-0.724403896201552,-0.2491531392079582,-0.714223409854947,0.19117999299402658,-0.7176631227200784,-0.4062239453900878,-0.616416169493204,-0.33566407274474597,-0.5020412692182837,-0.20926475793628233,-0.5190103970846347,0.17605699414395992,-0.3968841758536008,-0.38872240022448457,-0.3171910448253917,-0.33045782752467223,-0.24691727999501145,-0.20063970772986287,-0.26005109592131304,0.11171556481534124,-0.09268664408371222,-0.3386339085445365,-0.07857272548872167,-0.30290931299277946,-0.0687564763988563,-0.18907801756628623,-0.09668738502959198
0,0.0,0.0,-0.20642989459641384,-0.42090611332202027,-0.3625630091195972,-0.6834962050338514,-0.5385828424613491,-0.7539353048457421,-0.5523500059646185,-0.5574593376013492,0.10256886984987432,-1.0,-0.3679494357972402,-0.9283079720619417,-0.3771406800954769,-0.7305402081562308,-0.26159634685922534,-0.7101091507278805,0.17239717839511282,-0.7251593341264664,-0.40949488457836236,-0.6351385528939864,-0.35003874315277916,-0.5020897658967831,-0.22790144659015477,-0.51137862932708,0.1565896854729477,-0.4109362444970573,-0.39624071409201134,-0.34344703365012086,-0.34281492738032165,-0.25876091408764085,-0.21699837468623062,-0.2669895800084615,0.08991707209952064,-0.11234439599908436,-0.35097714064427193,-0.10306251815805414,-0.31610382520121183,-0.07928321405887455,-0.2054397320972781,-0.09804041682832036
0,0.0,0.0,-0.19415393092078823,-0.43151379143532353,-0.34970620216331083,-0.7002103827812034,-0.5200861115211428,-0.7818877159547462,-0.5451665305036764,-0.5881216303313657,0.14318671088188312,-1.0,-0.34415086177288595,-0.9360201409177337,-0.35222107656939416,-0.7363976461097089,-0.22955417703722,-0.7204547015692114,0.20479254752429377,-0.7197033083952887,-0.39606604660135714,-0.6449120104526409,-0.33527170727928807,-0.5055169760416469,-0.20133701582364968,-0.5172926388679814,0.18094015307740538,-0.40085464807834803,-0.38922257752886824,-0.34905729660683776,-0.3366316320997795,-0.2585713262664985,-0.20263774993459793,-0.26696307084324106,0.11125423652022934,-0.09734990039884307,-0.3419953334336896,-0.09619769112387812,-0.30358001487805986,-0.07499883080079915,-0.18358418745770788,-0.10284203095747184
0,0.0,0.0,-0.20597270899286726,-0.48725333952152955,-0.3639340016736947,-0.7368342522728919,-0.5332461980700562,-0.7756922949752377,-0.5651292487446341,-0.5447476357260647,0.12448208930492374,-1.0,-0.3615681162288859,-0.9368367927701241,-0.37553061318123715,-0.743446939061055,-0.2527150142248886,-0.721383289367564,0.18205297960511574,-0.7071648467985374,-0.39533909760779956,-0.6251981682635778,-0.3367705881706107,-0.5079678714311228,-0.2033645283642724,-0.5238340350035017,0.1601944655836565,-0.38577867567291896,-0.3892629486679263,-0.3179710982417863,-0.34558857822778705,-0.24641211642757554,-0.21332782765873462,-0.25360892798979556,0.09786848490432754,-0.08586160205272177,-0.33830948488953955,-0.07175236294680995,-0.29431148543631525,-0.0695444054269571,-0.17132354976473857,-0.08458547616691295
0,0.0,0.0,-0.19793081666740064,-0.4631718972409188,-0.3566160245090377,-0.7249524314265016,-0.5328740566377416,-0.7779891936599932,-0.559341405610474,-0.5482662963119069,0.13949504260522497,-1.0,-0.35955944517097,-0.922446450742735,-0.36520567938620807,-0.7247307251119541,-0.23951653280809287,-0.7177262798341947,0.20253070292242187,-0.7129481590910078,-0.4004416737560395,-0.6181287344425201,-0.3315178490593925,-0.5001545139915964,-0.19899890054080843,-0.5208384089840766,0.18110306168293047,-0.38936278429865673,-0.3873889743729803,-0.315200415515057,-0.3339639898291047,-0.24517335146801522,-0.20192493247218796,-0.26155107854546294,0.11646707113105943,-0.08279833060626376,-0.3371457495043739,-0.06431751217163886,-0.29633250881769296,-0.05957492492132072,-0.17810463971022814,-0.09169909255397547
0,0.0,0.0,-0.3815445007136943,0.15797315485448843,-0.7345458862057709,0.31643481059025685,-0.6117186095269019,0.5546713660509636,-0.18391665401044968,0.555197690109472,-0.704442128502208,-0.8611677004031951,-0.6216783249336785,0.08986816004208265,-0.5315587862367859,0.2545040130391039,-0.4969825832997289,0.04472008812218399,-0.28954602295110393,-1.0,-0.19901333877987085,0.27867447802560685,-0.22735831874231535,0.2447578531099089,-0.29379705712405363,-0.11666006215802756,0.11162114210865959,-0.9261150418120677,0.13562343943025493,0.2748124406830749,0.04523651996510957,0.21744748251841844,-0.02691293628307564,-0.11955848132378792,0.44673769277455116,-0.7376898650759984,0.38693488536376874,0.14146333799431257,0.31885578488038857,0.13561354721467214,0.2971647746349627,-0.10961127666024836
0,0.0,0.0,-0.3808308339512953,0.1709654888469476,-0.7411443726768964,0.3244752877940611,-0.6133714808131068,0.5491156942612426,-0.17058278818121508,0.5334536982474206,-0.6958204892534953,-0.8558755613733208,-0.630855901994152,0.08254324704276106,-0.5254781818960175,0.27107044421721194,-0.4818342164850323,0.06292811404709689,-0.27941889259873576,-1.0,-0.21223452655301914,0.24594149104431598,-0.23580825547395554,0.25610891683931775,-0.30152215454728554,-0.08989615653031854,0.11536615001119084,-0.9250622104066425,0.12300895812616883,0.23566862144726933,0.0306896053385019,0.21659765891774435,-0.04394650580213858,-0.10839651581499009,0.4419454295283444,-0.7343014434308368,0.3729880561190877,0.10690450038169506,0.30190600446426646,0.1441635131691264,0.2795022133142481,-0.06705909765963602
0,0.0,0.0,-0.38357689717056265,0.1448021101963044,-0.7315893183723194,0.27566872363779715,-0.6100376245790917,0.499262415767516,-0.1878800024289303,0.5023723440762078,-0.6848854202617383,-0.8832577845322858,-0.6268962520006771,0.06823835659585699,-0.5098896870171853,0.2604778121003642,-0.45231113699601627,0.057259928217536796,-0.27893291426338834,-1.0,-0.22421354616671466,0.20306278013510853,-0.24706063673033446,0.20261766323161884,-0.30912485444999804,-0.14293946283897918,0.10851344276889079,-0.9162702008256961,0.0999802123518959,0.19446055239091867,0.016021123279291505,0.17472956062866662,-0.04723484095765485,-0.12757549702967907,0.43376039219651447,-0.7281767554455649,0.3531409420463121,0.06498678743255756,0.27744358171295963,0.09561514973752266,0.25132108144615595,-0.10143196099238912
0,0.0,0.0,-0.36990822642238497,0.13448086623198138,-0.715221267286485,0.2526678349446891,-0.6021524777700084,0.4654353575188906,-0.1854097749505684,0.4867122485706267,-0.6590470437782255,-0.8869370398447947,-0.6180558080841027,-0.012867898623521251,-0.5398854613786772,0.16903232325307227,-0.5079305684210176,-0.03009615947800013,-0.26531921443527506,-1.0,-0.2174049182598635,0.16614984289871373,-0.2440190059384536,0.17676094594433292,-0.294883514094424,-0.15523811136467291,0.11239036289994624,-0.908238636284776,0.10821404193198357,0.18500754902284638,0.012888717770918871,0.16043623608691077,-0.05303497366933031,-0.14649989881894365,0.4296589018649237,-0.7130049996488503,0.35022913553625823,0.0752492815312233,0.26943502108146866,0.09315763453402445,0.24101216587697327,-0.11822583112118326
0,0.0,0.0,-0.17578715957292648,-0.3624728053121955,-0.23642548679323538,-0.6841303518558978,-0.22086240415467923,-0.846802703788532,-0.1507125555190194,-0.8478357927594352,0.10244973362603131,-1.0,-0.34432462204893444,-0.8959600450145213,-0.3252758946858068,-0.7154220396753095,-0.20107485011806958,-0.683546900748942,0.16647826058004553,-0.7931608749103023,-0.35488778237527385,-0.6712484490188985,-0.2884853387298333,-0.5247722558851666,-0.15985577342310447,-0.5243584495294181,0.17344257398334437,-0.5206976109262635,-0.3209101583594116,-0.41472671816045475,-0.2562842282067535,-0.31802810014684574,-0.13434183702751956,-0.31710742064192937,0.13203736370154065,-0.21525937096994624,-0.25924318147010017,-0.18514171995678658,-0.1987148855183313,-0.14793846747053968,-0.06714697799279501,-0.15704252439000027
0,0.0,0.0,-0.19466967993716375,-0.3921879168749874,-0.24390436752334127,-0.7005338241855313,-0.21369573291900865,-0.8571366008485286,-0.1377185686068332,-0.8493378203561668,0.08988813083811817,-1.0,-0.3402498055050479,-0.8903141140185086,-0.32106187891465465,-0.7064575313452623,-0.20153921922514406,-0.6865073190636442,0.15482201750118266,-0.7964041040863744,-0.33841194965028276,-0.6655715162236068,-0.2802609109612946,-0.5335158334958795,-0.15808445079184294,-0.5441870858341161,0.16255861939598573,-0.5421443096494158,-0.30482937878947536,-0.43082548814309446,-0.2536436882371097,-0.3350483266708069,-0.1388983178148408,-0.34242231972503906,0.12440861203469745,-0.26201014736776024,-0.24700791656110505,-0.2064737485996737,-0.19411052096248285,-0.16801807962298246,-0.07223718145613009,-0.1912458214413029
0,0.0,0.0,-0.18966863507347176,-0.38569158792659886,-0.24385683237569925,-0.6886098857595294,-0.22522248007111467,-0.8484726058958073,-0.15677217721886058,-0.8407043449942269,0.09409546279574496,-1.0,-0.34103509503085455,-0.9032942157079319,-0.33325893924660044,-0.7165407660617212,-0.21613349639302548,-0.6918191555663857,0.16381456438846162,-0.7932056943359531,-0.34586448585715274,-0.6623788344268505,-0.2900566230094837,-0.5224590433983218,-0.1683047789091246,-0.5279731634718962,0.1739969893168573,-0.5297481456514759,-0.31045092685163467,-0.41538333071435785,-0.2554802252167107,-0.31840289560004525,-0.13878793813752127,-0.3237149370421063,0.13722960975746767,-0.24196646344935016,-0.24540149653574067,-0.1888168986927137,-0.1977454036979934,-0.15360860663671166,-0.0806601943811209,-0.17369546552858897
0,0.0,0.0,-0.18552162178764478,-0.4033296119639631,-0.23850666836181,-0.6992579367395731,-0.23080013312580053,-0.8540340998865252,-0.17168323149739326,-0.8479720778107468,0.08748330197216277,-1.0,-0.3482451446215007,-0.9005375152845595,-0.3349950627931419,-0.7117065437932235,-0.21596222967990214,-0.6873391129164116,0.1522530074786994,-0.7891976175493789,-0.34900826474064156,-0.6654760423985504,-0.2939720845342721,-0.5300202347549413,-0.17301066931777306,-0.5329084472843528,0.15919137995160895,-0.5295538665924227,-0.31763858790077176,-0.424424214103939,-0.2659426244914188,-0.3243729625044276,-0.149994055792424,-0.3273345225823349,0.1227445246819085,-0.24812375442874027,-0.25812194213306283,-0.195673533729023,-0.20645409528396655,-0.15486631950864477,-0.08610283998651627,-0.1740156835395571
0,0.0,0.0,-0.443261513389748,0.0018051490618934518,-0.7775569907429659,-0.03308880810807411,-0.8022326300370223,0.06203570879035981,-0.6207851495199549,0.062492157311192405,-0.7784144042895194,-0.945970043428738,-0.7980065296331863,0.18433746093978073,-0.6798021690820805,0.20013928937900743,-0.6232964228306841,-0.1265149494148588,-0.3297093793880751,-1.0,-0.33268484310267576,0.4597733370193299,-0.2609591999538068,0.2670688359853046,-0.26362756897453277,-0.23700032999776452,0.12134950053564153,-0.8783153404444679,0.045270983648175285,0.4840522048076448,0.06878856627100267,0.27281879703395556,0.0570486457994962,-0.19439094122265624,0.5165155332818713,-0.6660054883499177,0.3902931625301893,0.35686951798068467,0.3718129651379781,0.21423241971586643,0.3784545330499374,-0.20570473554856564
0,0.0,0.0,-0.4855498263297811,0.11074038727841391,-0.8170202106622401,0.1611433833322455,-0.7435089322412719,0.29049162166882175,-0.46169958668428357,0.3245768497333646,-0.8232056576447531,-0.8908472531175083,-0.859074335087382,0.3143182231128689,-0.7187466813905613,0.3616263788215827,-0.6434752389839807,0.02466663961797844,-0.35762234974306684,-1.0,-0.3414107772558165,0.6279234192834803,-0.2840803769411109,0.4410475604141272,-0.28985303742068413,-0.0810444556951307,0.12068995323517012,-0.8957273068855964,0.06630303821450433,0.6052205144307692,0.0499009488797433,0.38563326565281125,0.019195983622607292,-0.09580174957971631,0.5455072422862728,-0.6858846420488323,0.4305052753762267,0.4292358686774426,0.3684923943204811,0.27889408498109824,0.34539293217776634,-0.162378567560273
0,0.0,0.0,-0.48237812888974235,0.06151888696555545,-0.8261021828836832,0.09381074214729664,-0.808706875233989,0.2427002358194068,-0.595706484273871,0.2716140159893018,-0.8153380009090168,-0.9173181517394963,-0.825301957978004,0.2816505009953596,-0.706339563368004,0.3537543223196783,-0.6508142469735128,0.039748072483729566,-0.3420652364617971,-1.0,-0.3194558608789833,0.6242289589547135,-0.26169875624949057,0.49491337401344737,-0.2638614702587106,-0.014677927607448411,0.13402333879940706,-0.8774844272157976,0.08847475820567265,0.634278222692541,0.06539498714528658,0.48032282530161263,0.03687216709331514,0.018013521970438994,0.5509646906372649,-0.6583747663564313,0.44729187590400893,0.4589554042983509,0.3881401626559869,0.35880744730672687,0.37804910901156163,-0.06062126740152433
0,0.0,0.0,-0.4749101006385096,0.05459842661948518,-0.7957397887068747,0.06933852137404764,-0.7577369782891625,0.1826658161907127,-0.5360492231850187,0.18982959910500802,-0.7856058662231551,-0.9136468072287708,-0.7995284598588058,0.2464559780799784,-0.6681230552146439,0.27215196177941825,-0.5955530000058393,-0.04633170417038922,-0.31567874404349106,-1.0,-0.2944127233401035,0.5475917894034681,-0.22869868591847453,0.34777253271807784,-0.22056008444305675,-0.16036864491632807,0.15487490000209528,-0.8878044976988031,0.1013622385241563,0.552580263668155,0.09619240266670238,0.3406121846824334,0.08041428758384109,-0.13094822229572864,0.5675875919817567,-0.6719495100317349,0.44406145547487025,0.38967358691668463,0.38757796745177686,0.2521084143878823,0.37689377740818486,-0.17352285619777483
0,0.0,0.0,-0.4936908313285582,0.0892837079703686,-0.823940113456768,0.08814553135450168,-0.8067690696504167,0.1431320931759111,-0.589909483806433,0.09295018238744036,-0.7780572622341219,-0.9171858200148851,-0.83049577924753,0.22171598765335424,-0.693080785004804,0.33706302086986245,-0.6178640956517772,0.02938082238793063,-0.3274806155891043,-1.0,-0.3329154685113549,0.564757244598002,-0.27453242152096896,0.44109842384839204,-0.27553713560814314,-0.05614074032209411,0.12123640776070986,-0.8857584586984544,0.04377604987685358,0.5672610288735286,0.03455964515309718,0.3987652673302115,0.018323519978863893,-0.05101945624914458,0.5048594660000804,-0.6790393013100436,0.381654826406787,0.41430241655697997,0.32945361394056966,0.3012167560842911,0.3131470123800114,-0.11617164098307409
0,0.0,0.0,-0.19315163177510147,-0.4691133155649927,-0.2832330638591214,-0.773889755187655,-0.3384249582517722,-0.9341253515882758,-0.3296080643199186,-0.9216908308726762,0.06904253711260779,-1.0,-0.43036248152203166,-0.8944186398003457,-0.42811655589101594,-0.6856161227416329,-0.28918490502047783,-0.662843340005677,0.1294132392569737,-0.7147622839321854,-0.44513379707965156,-0.6065199119692999,-0.3789218451057806,-0.46747674817247825,-0.23793043067951,-0.4451465150828145,0.11711695770618832,-0.39487095834761804,-0.4291021089766984,-0.3082091945633301,-0.36646520612381067,-0.19575421445133798,-0.22637271490660563,-0.17193763386159125,0.08379634237601791,-0.07266053253412665,-0.35377116441613304,-0.05451175770176467,-0.282645639568104,-0.02028079139157073,-0.13600651014306833,-0.011018214392355927
0,0.0,0.0,-0.18188296037628154,-0.4415551072675408,-0.28063688442984264,-0.7845569510666819,-0.32366254462507404,-0.911802750469537,-0.2981486826588772,-0.8215019821585576,0.08352492476104303,-1.0,-0.4287200150434102,-0.8790817561323715,-0.39877742500069663,-0.7016019374173809,-0.2546044594317748,-0.7064635315597041,0.14702812910905122,-0.7207242778102866,-0.4413917748087021,-0.6070175475491106,-0.35724611660430416,-0.4786510281094811,-0.2206642548841575,-0.49493450315825743,0.14606671079447045,-0.3958341110026317,-0.41176218022895633,-0.3121388438059758,-0.3373230616143661,-0.22851209913228754,-0.20526613990196196,-0.23061789615525558,0.10150253594672277,-0.0643976773843954,-0.3386695029032695,-0.05877094427716888,-0.27056109431345426,-0.039936538680263214,-0.1264943298926615,-0.05932753643303992
0,0.0,0.0,-0.1998255860721724,-0.445857544911764,-0.2932347035771192,-0.7767322373300853,-0.3305921709775011,-0.9318642100027507,-0.3034541309304864,-0.8729562699072403,0.08211394226440846,-1.0,-0.43153241156643846,-0.872926970072083,-0.4138761533258598,-0.6806298434625231,-0.27182025314702424,-0.6751525500356836,0.14414577751196808,-0.7143438319673987,-0.44196688195238476,-0.5913331797903588,-0.37027853133599614,-0.4537491447555692,-0.2345444701355659,-0.4524207079870108,0.14055148682457444,-0.3893699487750094,-0.41458609721046036,-0.29179226381358486,-0.34974787047910205,-0.19742122384168428,-0.21756210810360635,-0.18784532741322765,0.1000926762664765,-0.057374226906091896,-0.33910279642953983,-0.04484739314039362,-0.27489531524047794,-0.01871282805382859,-0.12967751891126786,-0.029384715891928714
0,0.0,0.0,-0.2650440376543672,-0.06408262394645141,-0.500982813464394,-0.31761097295966423,-0.5727829790337258,-0.5445018467688935,-0.48204677253970507,-0.6481474696336748,-0.4534930544603447,-0.9089395225889564,-0.525001163799825,-0.8622400854432626,-0.4281634601547686,-0.5754849416692908,-0.35527525237640845,-0.38323583080350687,-0.27259749677720374,-1.0,-0.3511461082976361,-0.9171271862400097,-0.2706118684217653,-0.5612502980301073,-0.2195345968924863,-0.3578543743916601,-0.08366207359569187,-0.9930572039032165,-0.15576420760631246,-0.8589594974650404,-0.11085905773456053,-0.5140557813238714,-0.08412069037844647,-0.33576731225253764,0.1007553282119061,-0.9275096967093405,0.030712456127401654,-0.8093409140510376,0.02194457409971012,-0.5612311816223352,0.02311527707197522,-0.4509666795702419
0,0.0,0.0,-0.25627168674138623,-0.06488481782040671,-0.4907564938944207,-0.3079149270048212,-0.5692830911798903,-0.5295999402065715,-0.4843858971023171,-0.6381420314992764,-0.4523504449329368,-0.9107633961053213,-0.5319455339414554,-0.8658381440316316,-0.43044092565420555,-0.5823090404400432,-0.35180747919643107,-0.3909909479977886,-0.2724029291060128,-1.0,-0.3525257723186253,-0.9142588904564389,-0.2730154257571071,-0.5632391826617305,-0.22004999278022425,-0.36141934299865097,-0.08295583760539951,-0.9916119013485629,-0.15570310527555944,-0.8580100824212409,-0.11371488956374834,-0.5163532745937758,-0.08716594062449394,-0.3359876609382761,0.1001764502669738,-0.9245762395161926,0.03163858381510496,-0.8083050405263646,0.020475740237556064,-0.5638537847152347,0.022226908692031033,-0.45141845346613274
0,0.0,0.0,-0.2599955045333982,-0.06734874312632771,-0.4923445935325479,-0.31279505899991883,-0.5588567292681806,-0.532274862755376,-0.46675510919284197,-0.6331991440659753,-0.45308318778218776,-0.9076438597717169,-0.527822344229178,-0.8650427130933017,-0.4257627551824158,-0.579096009894955,-0.3480270903787686,-0.38221463864034844,-0.2722263771942902,-1.0,-0.3477720421757143,-0.9132565043892406,-0.26865200600076145,-0.5642871965978083,-0.21811937065579776,-0.35868120541166876,-0.08225911806126754,-0.9921267728622375,-0.1507468652745271,-0.8499418880854117,-0.10735311538123722,-0.5093515034202686,-0.0826241767038725,-0.3260323951701721,0.09923733722635343,-0.9255215242905691,0.03613974951767023,-0.8029213140210153,0.026575705928189763,-0.5587375659600593,0.02681825694531108,-0.44463614619172903
0,0.0,0.0,-0.2626312370588502,-0.0688092809782099,-0.4924324879919627,-0.31940306410435215,-0.5495656203463339,-0.5428828564437799,-0.4472096259486427,-0.6436958626043122,-0.44832174722263846,-0.9050898712348024,-0.5254943462986797,-0.8577221915174235,-0.4246109132891484,-0.5757706375758214,-0.34755632677088916,-0.38269292198054833,-0.2709670419650579,-1.0,-0.3466432002790772,-0.9025330478421525,-0.26915913110918305,-0.5586823499934073,-0.21954679024877116,-0.3572792118283883,-0.08460808237207318,-0.9909246266598328,-0.15326335869276694,-0.8427243873815852,-0.10917476690789449,-0.5049816180732944,-0.08410436601473668,-0.3260467212062337,0.09290028146514148,-0.9212584568456454,0.030801623658991466,-0.788573927253737,0.0213429690644442,-0.5433595787263157,0.021349890622085376,-0.4310618050107232
0,0.0,0.0,-0.2628803849274189,-0.06800931960183412,-0.49267621799939076,-0.3231916413304865,-0.5468830520275124,-0.545169329319283,-0.44632478389592767,-0.6414261361253787,-0.4457337315038376,-0.9073113406163371,-0.5229106878422031,-0.866121521480795,-0.4245182255882886,-0.5815725077983913,-0.347105957274415,-0.38301338644429744,-0.267611576517459,-1.0,-0.3423134251546769,-0.9104078244177588,-0.267729925618543,-0.5608144566805902,-0.21826156087042559,-0.35703341949887213,-0.08068948141607211,-0.9896185485444446,-0.1494492694758781,-0.8460425481479839,-0.108162761030812,-0.5057330869084408,-0.08191975757668173,-0.3273796053482011,0.09822836767305566,-0.9199771203289793,0.03590379032490034,-0.7965312103734113,0.02285887762079146,-0.5527147343071345,0.021679198733266077,-0.4412600315158631
0,0.0,0.0,-0.259336807632574,-0.0725101045994106,-0.48672030633468516,-0.32110434422316003,-0.5445813142427518,-0.5332608015629544,-0.449443732541612,-0.6149188956694966,-0.4450508385514134,-0.9070219077044656,-0.5219145643429061,-0.857161574808335,-0.4231760614974289,-0.5745468021995511,-0.3464629100148722,-0.38263041312925655,-0.26851600958187677,-1.0,-0.34194482326211867,-0.9036096331886356,-0.2681759311597583,-0.5550379968609201,-0.22088736630098946,-0.35542928426783155,-0.08286989144930001,-0.9888472113226392,-0.14956847941213594,-0.8382970834545245,-0.10987928673738744,-0.5002392382243345,-0.08624032071298822,-0.3258162225124713,0.09384535229586377,-0.9188231262930869,0.033897912676504646,-0.7852565113956284,0.021008717532200266,-0.5423434507378484,0.01923406724875013,-0.4349673332638199
0,0.0,0.0,-0.2623961550789861,-0.07659855253963516,-0.4917476088519027,-0.33064388200058115,-0.5518269110367691,-0.5460975598413543,-0.45014832343620526,-0.6311077382928001,-0.4452875724716249,-0.9104914610035011,-0.5210421549277605,-0.8610940642550595,-0.41956388104293346,-0.5762322867472756,-0.34282357597702884,-0.37883302361927784,-0.2679630850930253,-1.0,-0.3416695760669375,-0.9059705371766238,-0.2642644292617863,-0.5559654647441832,-0.2140244403401854,-0.35036229568819127,-0.08088660951898356,-0.9887607298308805,-0.14821372009439374,-0.8408923485155514,-0.10829117932417975,-0.5050852642306705,-0.08413882239993055,-0.3264386718804497,0.0957124080653915,-0.9186839991711869,0.03518407934834486,-0.7902563826098759,0.024053319618532413,-0.5538228141648494,0.02546516100107253,-0.44816757732186935
0,0.0,0.0,-0.26318642886027205,-0.07947551608319095,-0.48951277505664675,-0.3312718542828776,-0.5428919119187368,-0.5504313768011635,-0.43870729874072323,-0.6409385823129593,-0.4397668899368517,-0.9134799867482474,-0.5137974180356627,-0.8578384099406674,-0.4158435648106607,-0.5756073047970006,-0.3433478655396615,-0.38156709351698664,-0.2626729320257493,-1.0,-0.33526556604833735,-0.899905347075307,-0.26432476881919575,-0.554926575785905,-0.21884366963744517,-0.3472201086252542,-0.07551543124040624,-0.9866405040058072,-0.14279483991440234,-0.8366709483804433,-0.10898880240631513,-0.5004197360526762,-0.0903198555140347,-0.31463819404209853,0.1002447731152067,-0.9131991333175379,0.041403148543671164,-0.7933450604366731,0.02646335874968239,-0.5554575723454933,0.023974623339863704,-0.4393614796394988
0,0.0,0.0,-0.2544469888913897,-0.07875900737660178,-0.48230410569114085,-0.32700468118584536,-0.5521567457326596,-0.5315107613586383,-0.4733108394128178,-0.6105210013236172,-0.45038070340994896,-0.9113546461165293,-0.5177998288865165,-0.8576221902388224,-0.41658372549707917,-0.5740237893170397,-0.3412154976779914,-0.3784538458202813,-0.2711685825732687,-1.0,-0.33847052353429874,-0.9110073944977998,-0.2621641312824494,-0.5597811385585582,-0.21513115373575975,-0.35791695833737713,-0.08264382033221897,-0.987021427730709,-0.14294394347060269,-0.8449378698367401,-0.10451344507332894,-0.5120201027369209,-0.0816676268569702,-0.3404626602984368,0.09488555839368078,-0.915976981588437,0.04109941445599197,-0.8021071875234455,0.030012141761257456,-0.5735092787422127,0.03095357565921022,-0.4752943723211895
0,0.0,0.0,-0.26414901273266184,-0.0794120054709857,-0.4870137422701862,-0.3364441321631882,-0.5290137900219317,-0.5588483984405644,-0.4214069369642851,-0.6484461923099225,-0.438628262893824,-0.9121490673060852,-0.5042415487937568,-0.8519073411487024,-0.40759798487634,-0.5688401101018817,-0.3346689610243432,-0.38316750971236396,-0.2623526943922397,-1.0,-0.3284225210875119,-0.8940354659035483,-0.25686465449906715,-0.5497953496621564,-0.209984719441441,-0.3548734067118489,-0.07697479048921663,-0.9873964384019537,-0.13772728978146756,-0.8214710607368094,-0.10172690776750357,-0.4915198016256058,-0.07967139977420246,-0.3262051346769765,0.09804320168631879,-0.9156417664052827,0.0415680649969473,-0.7800951965154869,0.030362435748321013,-0.5466387887428671,0.03185877080185413,-0.4473386928982922
0,0.0,0.0,-0.2585285133259635,-0.06965075954031538,-0.4877783058342201,-0.31615491109710614,-0.5506515757319035,-0.538835738860018,-0.45654744070557524,-0.6381738315890252,-0.45208576554982727,-0.90722691159302,-0.5190401655801331,-0.8593224921049822,-0.4204239030488372,-0.576226095401432,-0.3471435016341051,-0.38301322781388075,-0.2721583962696256,-1.0,-0.3408197387498149,-0.9094538748437355,-0.2692929439031866,-0.5613101080334604,-0.22379783933079178,-0.3605243944857132,-0.08432653862445888,-0.9915808287960658,-0.14732172068339688,-0.8306905256342704,-0.10926549644767247,-0.496677377028856,-0.08723159522407387,-0.32909826326827907,0.0927352060969856,-0.9229422157018731,0.033808584131444726,-0.7844883994035258,0.02527714353607257,-0.5479271488740345,0.02782059626755931,-0.44954162404906794
0,0.0,0.0,-0.27068795135981055,-0.07678778767218493,-0.4982213579503294,-0.3317393902134578,-0.552258501971236,-0.5495848336879783,-0.4525070761877034,-0.6265767986794344,-0.451970613679915,-0.9091466252480037,-0.5142462520236203,-0.8566689049526053,-0.4155895347799899,-0.573555008931245,-0.3434884896549006,-0.37594749686559287,-0.2706163769227418,-1.0,-0.3361107903131779,-0.9038530559518466,-0.26299266206423444,-0.5546837343461174,-0.2153116392482402,-0.34788945310906216,-0.08197226646160187,-0.9880358314771235,-0.14148105144576906,-0.8340795631124023,-0.10537624295752489,-0.4972717000208154,-0.08396217412020494,-0.320031956084415,0.09580549594861025,-0.9175908528560967,0.039567005775054336,-0.7860856182406243,0.029733473393326774,-0.5489996175781285,0.030924306056442148,-0.44503515445901826
0,0.0,0.0,-0.264954796539355,-0.08370276722136552,-0.4919995721154581,-0.34346628717955235,-0.5428872694218287,-0.5621712633634507,-0.43717677933091015,-0.6451865307028621,-0.44293244455143466,-0.9117385110339095,-0.507699432057103,-0.8579243032410193,-0.41257959948839296,-0.5740047091338069,-0.34059163107973367,-0.38098190573799695,-0.26467852598239594,-1.0,-0.33039898173094406,-0.9029955523702692,-0.257266611046255,-0.5537325628893264,-0.20944570579572358,-0.35102123093728865,-0.0773629674857542,-0.9871794321463887,-0.13886330033253771,-0.8342668553800042,-0.10256694667463141,-0.500098128417217,-0.08132502037688524,-0.3271675262418396,0.09961588262089928,-0.9161478509361519,0.039373619613046085,-0.7829359919409354,0.028891993665523065,-0.5449284778625553,0.03065710325255782,-0.44172124970445575
0,0.0,0.0,-0.2679041118922882,-0.0834370634986133,-0.4937070176153511,-0.3366829473087287,-0.5441320344889815,-0.5543329188692562,-0.4397283508153619,-0.6378215192807981,-0.44332018257422257,-0.9116924414011602,-0.5107429636704144,-0.855963745408335,-0.4132945373954237,-0.5756380389673852,-0.3411327573755144,-0.38321958115043403,-0.26530380924561947,-1.0,-0.33249219155842485,-0.8979457831675991,-0.261398646753671,-0.555801121621293,-0.21509778144719077,-0.351457090640246,-0.07844294829495004,-0.986649542485764,-0.1384860201415159,-0.8285522716135711,-0.10380989625157136,-0.495145085826938,-0.08482684795788835,-0.3165219124338196,0.09702996708828769,-0.9140831720165178,0.042390223807177295,-0.7806140392029824,0.03033469543739087,-0.547151994855212,0.02924865344833313,-0.4416156976300211
0,0.0,0.0,-0.26776046991992314,-0.07648239864478991,-0.4963080226840811,-0.3398213718061807,-0.5389351114731855,-0.5648281492327403,-0.4268270153039108,-0.6457566429101238,-0.44750728315331295,-0.9110505768037244,-0.5076142839253204,-0.8570282945517748,-0.41156507636818007,-0.571705345015736,-0.33904162372002966,-0.3770445810174259,-0.26827359335715867,-1.0,-0.3290194611911482,-0.9031545308300661,-0.2586295217820297,-0.5531133502230015,-0.21233230169662726,-0.3499563767671194,-0.07955202242536918,-0.987952006187068,-0.1389628748398532,-0.834417664244224,-0.10457328359092141,-0.5010264188903736,-0.08304772959650573,-0.331477568438247,0.09932095002318775,-0.9173227926575356,0.040306938295831575,-0.7841468768104674,0.0291950550244469,-0.5503287567929079,0.03170597115362121,-0.4529541667068037
0,0.0,0.0,-0.27359294237379805,-0.08046281524032736,-0.49982418553346275,-0.3422295682774277,-0.5394997648352488,-0.5618574471533023,-0.428946699315631,-0.6381098327767022,-0.4514007183276776,-0.9138328482666104,-0.504914031542698,-0.855165521922963,-0.40951455595837294,-0.5693710211655157,-0.3403776673652224,-0.3746100514265916,-0.2699147729911821,-1.0,-0.32627586769256073,-0.8978096476382199,-0.25734163021641693,-0.5517068281728404,-0.21148071907084634,-0.3469256380499664,-0.08004581497918611,-0.9865286895835605,-0.13405990697315956,-0.8252488497226708,-0.10170815280238282,-0.4951664784087105,-0.08218603785412766,-0.3215767013834293,0.09806490547133932,-0.9151345978441913,0.04357549511039669,-0.781873597311931,0.031307705249627296,-0.5472498798371772,0.031640582933335354,-0.44345689775889885
0,0.0,0.0,-0.12083440056942141,-0.40689400189721325,-0.15538807278399958,-0.7494381726000703,-0.1435608981000838,-0.9235304963516615,-0.09822889221537617,-0.936089076350606,0.1795587177206669,-1.0,-0.26397441078914546,-0.9836751492092585,-0.28104739944061813,-0.7979623942470934,-0.16502698444774233,-0.7409827667650455,0.21666957341018292,-0.780923031576888,-0.2951185050371398,-0.7511514887460758,-0.2605530878625975,-0.6075529424181617,-0.1412656433213331,-0.5753711085568951,0.19547539093018795,-0.5229699238926594,-0.2896009480917819,-0.5222750405764234,-0.2494347939129573,-0.41437892008150035,-0.13430458252942032,-0.3924377259698119,0.1365208403856723,-0.24854008538746783,-0.2494193484861551,-0.300190236173447,-0.21419782245224467,-0.25653373731705215,-0.0980120126806954,-0.2501094051065155
0,0.0,0.0,-0.12924530951948307,-0.4889107761886077,-0.21115765088410937,-0.8744185454484804,-0.2702812313186191,-1.0,-0.24585136182603284,-0.9166978297337797,0.24559657083365155,-0.9348685313592627,-0.39469319302052636,-0.9222786522456282,-0.3628967694872315,-0.7773394465614847,-0.18086385777702868,-0.7711121001361518,0.26321401828877017,-0.5768601937026026,-0.4684495891303222,-0.5705955393800217,-0.3615051849198846,-0.48032162040926324,-0.17876627611881996,-0.5013670052468071,0.2141765181461223,-0.2013224113366849,-0.47499910022130165,-0.20901134950125924,-0.37288650762090614,-0.13557733751532916,-0.19734451165718167,-0.11928278420497748,0.11692119430918503,0.16846556568867305,-0.4136870824258736,0.1298477223309272,-0.3220959752240449,0.16280354363575553,-0.13823629329800935,0.17837629886346978
0,0.0,0.0,-0.06242634229553683,-0.4934823145522538,-0.08964583720640229,-0.8525161711254928,-0.12192292695133454,-1.0,-0.09332193046317151,-0.9109120929061892,0.3274416884963763,-0.8859465940136181,-0.2926930516258146,-0.9286598914243019,-0.2607440580963466,-0.7684319395003902,-0.07494000689918057,-0.7406443135159194,0.32373873964836664,-0.5566379214688385,-0.39231751053249225,-0.5880408513097514,-0.27770117804445077,-0.47652977462746193,-0.08410692355878636,-0.4937485804530018,0.2616452817744842,-0.20290981372004274,-0.4050814109552909,-0.2351034221309641,-0.2926214367158402,-0.17923692231593458,-0.11452389929028375,-0.19685085924360082,0.15390668702140056,0.14965954813073634,-0.3611845938841283,0.08849104678306449,-0.26731680791527956,0.08849458589198765,-0.08419123762430859,0.058117997638789796
0,0.0,0.0,-0.12921153142014988,-0.5208073593677689,-0.20924703027233144,-0.8703923243833626,-0.2766127880012047,-1.0,-0.2574218719083778,-0.9015298414048581,0.20106088332241265,-0.9086408588372855,-0.4275572649138293,-0.8955168640375633,-0.389943977462686,-0.7478054819525285,-0.20619055493928495,-0.7474786942320821,0.20694493678979906,-0.5691561128881828,-0.501422328453109,-0.5539830820185109,-0.383615042815648,-0.47682452311695084,-0.197952130285203,-0.4987907396399545,0.15741837284291987,-0.21608582874323984,-0.5044640160690416,-0.21269923324645376,-0.3982590483125132,-0.1698712968744598,-0.2233940851630877,-0.17980697655334554,0.06974449740715084,0.12894306145733578,-0.4458907016917565,0.0788456083187782,-0.3556137714885316,0.07541923178017872,-0.17649619414148138,0.05379792313802855
0,0.0,0.0,-0.1307948470220191,-0.5046788780632027,-0.2163686818615613,-0.8551689399484669,-0.2841927245436099,-1.0,-0.27081141546011317,-0.9113476954540822,0.19774856237001948,-0.9365690782574417,-0.4270933973047439,-0.8913908138244958,-0.38351827876923544,-0.738649735469345,-0.1953182580481588,-0.7414443432724308,0.22108420085293343,-0.6010801071768207,-0.4945025972942991,-0.5439240496733061,-0.3722111831482054,-0.45692500907600003,-0.1803609678932814,-0.49010863403462107,0.186331754544528,-0.23727949110383534,-0.4870796506392789,-0.19580806723736668,-0.3725078904343593,-0.15201942053425,-0.1902736024434024,-0.16898016925581855,0.10602473725927541,0.12439847809588468,-0.41603689193958543,0.09545698818309009,-0.32694426451549324,0.08896480533559299,-0.14610001541445944,0.06006395737185993
0,0.0,0.0,-0.1691868521523184,-0.5350197203085576,-0.2790760828568411,-0.8979088289469533,-0.3533864663867832,-1.0,-0.31539052702850356,-0.868558783069291,0.189306047210789,-0.9933288804341713,-0.4831377303655263,-0.9150588911915346,-0.43716108934188985,-0.749403498954666,-0.2445528562330759,-0.7603739063766521,0.22322191484721848,-0.6192348328265532,-0.5424088355760127,-0.5503241610011068,-0.4183418756763355,-0.4626585088091055,-0.22575787292230423,-0.4974830147498856,0.18985534478194738,-0.22274370822263947,-0.5297548756731353,-0.17567372958649757,-0.41781772281297047,-0.13202960309307338,-0.23550716189854431,-0.14463830252192275,0.10382158412573451,0.16348014642449113,-0.4543687558261431,0.14128216979626843,-0.35976453581269296,0.13095158089349662,-0.17104893205854235,0.10093817190659518
0,0.0,0.0,-0.1678100049942798,-0.5106299732133003,-0.2776229166726332,-0.8671239579370166,-0.35205486966515853,-0.9643141413022095,-0.32743199066441986,-0.8501464907969324,0.17130093388846873,-1.0,-0.47600509606002656,-0.9304096565182401,-0.42924700491915635,-0.7643233059268465,-0.24502372998900906,-0.7726098009051389,0.21263140827014845,-0.6438681941922275,-0.5234934932266595,-0.591885606097824,-0.40865435772393904,-0.4911663813369469,-0.2302094226881298,-0.5162225972766524,0.1822643364139837,-0.2590171865351396,-0.5077911426105918,-0.2246489629323979,-0.4060653512639802,-0.15886942899321532,-0.23426983606997984,-0.14894299493324034,0.10405285697259403,0.11977062883204129,-0.43595061941627067,0.08787421023957342,-0.33886001322261466,0.10246072374538823,-0.15259518597248453,0.09623384597218052
0,0.0,0.0,-0.15915850227826409,-0.4806331604872067,-0.24499914705282572,-0.823253500633074,-0.29807633146700124,-0.9356742017535935,-0.26861436313654913,-0.8646112526059131,0.17287973691775552,-1.0,-0.426464327156377,-0.944083499515703,-0.3998501117679753,-0.7729038951803031,-0.23027124954806147,-0.7651940346788361,0.20993818242204484,-0.6697701322798629,-0.4725903522105942,-0.625326131399959,-0.3795032575585627,-0.5180924602968009,-0.2173371133263273,-0.5188513672156738,0.17703438189932919,-0.31293777848107907,-0.4610542674006882,-0.29060105716063045,-0.37982077203139913,-0.20195669579993997,-0.2217648248700876,-0.17282726368990503,0.10721391647620257,0.04143471270701975,-0.39652001668442866,0.005160073182661776,-0.3111536887341626,0.04054966426394157,-0.13858982007033058,0.05600066342622192
0,0.0,0.0,-0.14896652015589334,-0.49139762031682743,-0.2593696907417587,-0.8503294819593445,-0.3502383393760494,-0.9744289800567051,-0.3522236053005039,-0.8795078827689421,0.14691535581192633,-1.0,-0.43909840418359664,-0.9340170277460733,-0.39409282512201854,-0.777689958277176,-0.22289886944671483,-0.7819697057868747,0.1818851124926574,-0.6760727705094637,-0.48713206631286987,-0.6216279018369032,-0.3773665896635186,-0.5220251780625986,-0.20898517853301196,-0.552057825153447,0.15883364258278818,-0.3188662308719699,-0.4698695191017214,-0.2935644820090218,-0.36679688870243576,-0.22912677700157325,-0.20208125457613832,-0.23262446234493342,0.0929271124954961,0.035430234559848235,-0.3969049641380801,-0.0046066036704811375,-0.30696294866432017,0.0038401543604578664,-0.13371397612206254,-0.014417560367514471
0,0.0,0.0,-0.4320165943681217,-0.15561928436787476,-0.7918009334332069,-0.26717097302592047,-0.909437223735873,-0.1471706437725847,-0.7327016059331452,-0.019780223398388305,-0.6386108801764798,-1.0,-0.9570650357651436,0.013360771111312321,-0.7986839744170158,0.06042062113641789,-0.6345287973198779,-0.23706141397845037,-0.22200004938800036,-0.8733398635244923,-0.5770638833784685,0.4639074139619877,-0.4583545564546001,0.28177928502638144,-0.35305308386905593,-0.17353790940594466,0.17756961650217717,-0.5799810679331945,-0.1955103015137422,0.6496619391375209,-0.13219949459612962,0.39708248619193826,-0.048332743421106786,-0.030194835661428793,0.5077791039370467,-0.22578448722908623,0.1500558907537432,0.6732460263238041,0.1797321524113691,0.4632377126770766,0.27080263731921933,0.053191534896737926
0,0.0,0.0,-0.46163823294481193,-0.08340240421712143,-0.8783750712264824,-0.07701559479295429,-1.0,0.11716513279771752,-0.7947789383153896,0.24440709296519011,-0.7432661850600687,-0.7616843535827517,-0.911969021020664,0.4036109854442973,-0.7980297645058946,0.4031894053886664,-0.7260650583515963,0.0367236955509545,-0.25782390575392566,-0.7359155020013128,-0.42295707038185465,0.851047217333141,-0.3606883385966631,0.6071585687705676,-0.36245171000428916,0.021273832206734934,0.2301207025160147,-0.5414019866730803,-0.0015938588004011064,0.9114138855775225,-0.006092180368752295,0.6088848822272636,-0.010867152382661135,0.07876685815720717,0.6446601143806497,-0.27569060793751954,0.39079627263057515,0.7876638117368034,0.3495474710516863,0.5339511370736914,0.3423006236376158,0.03416779766799084
0,0.0,0.0,-0.526766590188237,-0.04550552586099771,-0.9396218744454189,-0.0508167999514053,-0.9889312063357331,0.10027858581471363,-0.758860295387513,0.14868986852035876,-0.7929361404450465,-0.8898333447806152,-0.952379969294817,0.46008068150102055,-0.8353806763795198,0.39182934048173074,-0.7468088882254318,-0.03309362857527395,-0.27321935546112763,-0.8598491420295356,-0.4298086424728034,0.9122281981885768,-0.35869164317988816,0.6093851301000122,-0.33385951128179253,-0.006118009697501939,0.2500650112970776,-0.640600478086131,0.025873503698001385,1.0,0.03411475258189141,0.6446389203082588,0.05004936888422352,0.08789725872669965,0.7095096738795129,-0.3356202752667647,0.45346402026685,0.8583563635439673,0.42122159304079376,0.5654275678866822,0.4297288423463143,0.010383941832457054
0,0.0,0.0,-0.4704228361488164,-0.043196301740965545,-0.8545817460580222,-0.14862323883690792,-0.9010366197683058,-0.07610729838887219,-0.7047393159490493,-0.04499710049556098,-0.732450659786587,-0.9655336129190586,-0.8081275549856287,0.1709796297440347,-0.7254655675741541,0.15235624413998036,-0.6709978903076,-0.17054786127842375,-0.27436172503960155,-1.0,-0.3441467726075163,0.5580032295598589,-0.2897439459405402,0.3280948839361993,-0.2787377752353309,-0.20076414485439503,0.18066011766629314,-0.845510512452851,0.0367050980421604,0.597387340002478,0.05585957592486341,0.3598737256430534,0.06858155696732657,-0.1048081258483909,0.5719904799319819,-0.5999376751606161,0.3836127995969706,0.4525524001377563,0.36017920609896,0.2767700715165586,0.38098737427090007,-0.16753503894961141
0,0.0,0.0,-0.5226329639091101,-0.007570827651114996,-0.915164704300559,-0.06330637881028754,-0.8926316193842075,0.054561972994256955,-0.6298480686860151,0.07967961892322763,-0.7800472504465743,-0.9720154428288804,-0.8598217544129229,0.2693640397211071,-0.783737779229011,0.244314772487179,-0.7253108733649617,-0.10921306878205252,-0.26784549488120163,-1.0,-0.33896279507519733,0.7178426137564105,-0.28253231661640704,0.4586842863453892,-0.26198029310642873,-0.12530587941532373,0.23056566083398958,-0.8270495361389086,0.07211993162130496,0.7757501488581142,0.08861072162572269,0.4956164646678063,0.10058736530741602,-0.02454180512071913,0.6530945201006473,-0.5618189501181261,0.45046117204156505,0.6336876476576455,0.4184618635115149,0.4302836947544321,0.4327299617770778,-0.06714826268175096
0,0.0,0.0,-0.5350956474973296,-0.015453654390887821,-0.9656284831931135,-0.006941280263060704,-1.0,0.17107411197508823,-0.7609663264704832,0.22262474759169487,-0.8392330273310576,-0.8956235117973131,-0.9432198543771106,0.5076554515629189,-0.8364585071039503,0.4430040675811047,-0.7540296109281073,0.025738385068217677,-0.2878695452625254,-0.9206070580541177,-0.3679658691684656,0.9350365551131926,-0.3147071980665503,0.6175556667687504,-0.29247451848421396,-0.013572574494166703,0.25882007779943944,-0.7349167104464878,0.08549638847598916,0.9848003100690269,0.0877119379065195,0.6317233148503643,0.10573387014448586,0.07313139009024038,0.7308785925389225,-0.45100270314459456,0.5096635136895973,0.8073148404049156,0.4724552304644479,0.5327066386807792,0.49116477562737937,-0.017794111178337
0,0.0,0.0,-0.5242797097840592,-0.016287067306644146,-0.9429122647178182,-0.05656755277461907,-0.9682990835225689,0.052213319196608717,-0.7336351921825749,0.05632314349349217,-0.8214412344848874,-0.9731031219747658,-0.9184124335858896,0.3201340846910671,-0.8199468572370583,0.2955745855656239,-0.750716685274666,-0.08645012539840817,-0.3103416489861987,-1.0,-0.39580419259451355,0.7059201741693432,-0.3381350768627028,0.4608358032440264,-0.3183937682135594,-0.12136546378286664,0.19798146237837388,-0.8258080901384489,0.03214536653168695,0.7489748388486066,0.03560266777128952,0.48176435196925416,0.04709487631704665,-0.028375955787546755,0.6364999060994077,-0.5573503127023596,0.4206754187373564,0.5953129261145771,0.3806894483655751,0.39584397125685655,0.3929458662128839,-0.09019123209434275
0,0.0,0.0,-0.4962893892707117,-0.011904045449621453,-0.8863405893044137,-0.032306198168052865,-0.8955322967946944,0.11473968175635825,-0.6486140032016947,0.14209777205377885,-0.810985288453437,-0.9712603513438692,-0.8812021551257206,0.25863803095774,-0.78338496467303,0.20783858523609489,-0.7107378642529579,-0.15281397070328956,-0.3010014323371168,-1.0,-0.35544115080463645,0.6550474837808885,-0.29132300104717085,0.38029039431398276,-0.26974278114129585,-0.19080513294255005,0.20193169918513257,-0.829374721657178,0.0630247138334878,0.7101785456361863,0.08116175780262636,0.41674841419819214,0.09206527364860799,-0.10078116536873653,0.6379749130366751,-0.5640015466833572,0.44078143618877963,0.5674161360599896,0.4079877619431639,0.3505536013047508,0.4201246374020534,-0.14525921991791144
0,0.0,0.0,-0.18675337257991503,-0.43829723316643165,-0.24652466730049566,-0.7452214817586719,-0.24328421812510545,-0.9107513601199255,-0.1907569947089789,-0.8938991561754517,0.0870988648059196,-1.0,-0.3975423028543042,-0.9166148076477216,-0.38871602549240536,-0.7102909529162454,-0.2556231461295922,-0.6891866519275581,0.1666784676682759,-0.7415810440168642,-0.40185250192754884,-0.6440269899804826,-0.3340237074960772,-0.48269633768525627,-0.19980260255988946,-0.471622950338832,0.17863011108696938,-0.43916652172296616,-0.35914638965014173,-0.3579226973988413,-0.28894008260950227,-0.24338024527276475,-0.15689434753196219,-0.23050532137988394,0.15339888462786586,-0.12195578529002347,-0.2691512040851518,-0.11742849760670082,-0.20702780471665172,-0.08129183789795452,-0.0769663193186631,-0.08470547222097155
0,0.0,0.0,-0.16301773815576773,-0.4303446595401612,-0.22672930995403032,-0.7778362652761217,-0.24125289564503583,-0.9569137735442546,-0.2069637121510674,-0.9169182283109016,0.1551271579878133,-1.0,-0.3442217247981948,-0.9379933481215142,-0.3447294261815829,-0.7458740620277672,-0.2117675351779879,-0.727061081689844,0.22770285585298225,-0.7317881048387473,-0.3731349168309642,-0.6567953597177352,-0.3149663902431641,-0.49307595844285723,-0.17477484648900296,-0.49586971750912023,0.22833556725679244,-0.4181930875998842,-0.3421653193053031,-0.3574185972679798,-0.27559010242039206,-0.25475098807434304,-0.14031262969322467,-0.2572816468285668,0.17996528496024813,-0.09750015462749163,-0.2633256664258028,-0.11001703985614691,-0.21112828363858016,-0.07901586281860037,-0.07758189137357983,-0.09705841518313034
0,0.0,0.0,-0.168394804521287,-0.4305259522454988,-0.22625398503708688,-0.7761525917597052,-0.23183089471603735,-0.9537882860680086,-0.1817581143495611,-0.9252081607896567,0.15631013414909933,-1.0,-0.3485719437741398,-0.9041243946301614,-0.33023788580393526,-0.7186303953313267,-0.18889997887562437,-0.7188343740907112,0.22973410483874873,-0.7276790421231972,-0.36007075734425986,-0.6363878360852769,-0.2856607961765998,-0.4872437831186061,-0.144984562812977,-0.5064282182911759,0.23336846611326018,-0.4094108907147006,-0.3264878434247866,-0.33661077834941505,-0.25388183687436733,-0.23880678200501249,-0.12094524688508601,-0.24725317918127582,0.1887246875399342,-0.07927508743144358,-0.243401240563421,-0.08222411733081778,-0.1787075607754248,-0.05860058276452133,-0.03899216982358725,-0.08928662573679177
0,0.0,0.0,-0.16877379394189412,-0.4314848345531224,-0.2364245499321674,-0.746675536962415,-0.2555228422767973,-0.9083516747620768,-0.20983699257720667,-0.8811255079574366,0.11835753130510182,-1.0,-0.3772450621639732,-0.9021549967532569,-0.35608948086736086,-0.7201701896960764,-0.21640713398411382,-0.7253786802207156,0.1941226452318056,-0.7333069545106028,-0.38335712303202657,-0.6347081736269665,-0.30709523057430227,-0.48703996836022534,-0.17028912584568537,-0.4990107941476045,0.20410024668581322,-0.4168419957276676,-0.34493168323119716,-0.3335783588977701,-0.2724562689543784,-0.23611052220625955,-0.14082495602037995,-0.24196502849486845,0.16961107777241025,-0.08835066380017616,-0.2585912782872602,-0.08295442320827834,-0.19362457059578428,-0.05949584848310351,-0.05534997890126216,-0.08963862185525581
0,0.0,0.0,-0.17195763699259356,-0.4449411396343712,-0.23657587345826497,-0.7656475273136334,-0.2547662850982818,-0.9347985489815525,-0.21357156831847499,-0.9122955514672416,0.1129245222080395,-1.0,-0.3901830079983976,-0.9136844323412481,-0.36133520205228975,-0.7365655420162991,-0.21598465808790884,-0.7443757398382822,0.18512640938087485,-0.7360668405203249,-0.398638781329167,-0.6457028368278117,-0.3127867324180731,-0.5096476121989943,-0.17219460862543237,-0.5245850157605682,0.19197233928604338,-0.4225196767431423,-0.361981522169506,-0.34946055911530094,-0.2807620546054869,-0.256231302184253,-0.1443654270115271,-0.26218668040717424,0.15550085992966056,-0.09172887094465307,-0.2782268490535375,-0.09208609683893244,-0.20499442381362004,-0.07109614365432596,-0.06354637263072578,-0.09945790644776917
0,0.0,0.0,-0.170861083871014,-0.42765396730351724,-0.23507440879029468,-0.7616758426452634,-0.25171666394763687,-0.9429873233452313,-0.21180716282088285,-0.9292767799038001,0.11384876576962587,-1.0,-0.37345826528288967,-0.9117548140273254,-0.3525537068144863,-0.7300718720251275,-0.21528584771879375,-0.7284786400787383,0.18199954463720672,-0.7422431458039395,-0.38547858808849816,-0.6511397515583627,-0.3088987570747064,-0.508088067881326,-0.17621607860924315,-0.5170106687558377,0.18610551867435643,-0.43557369437268395,-0.35267579424055706,-0.3628280539335995,-0.27785699815524284,-0.26159014838731653,-0.14881632565252234,-0.26069645408634323,0.1461246654248768,-0.11547104053983796,-0.27330498371271267,-0.11959530079939476,-0.20922091728711342,-0.08639720184941833,-0.07537365744168577,-0.10195698435093771
0,0.0,0.0,-0.17149961378385942,-0.4303095441412485,-0.2308790264806377,-0.7610839302431434,-0.23992154154634177,-0.9387215245186306,-0.20360849217070937,-0.929037559565153,0.1190428024992896,-1.0,-0.3784054057889124,-0.9340871127514635,-0.3593687521853139,-0.7502478659875472,-0.2220400798847064,-0.7347437347664748,0.1854041225252969,-0.7390712475090605,-0.39183855983403076,-0.6615424050041095,-0.3130533778721983,-0.5148432158942768,-0.17842257903604963,-0.5104935089128061,0.18572848586900087,-0.428205275606967,-0.3586157853431429,-0.36683383901026795,-0.2781549383454959,-0.2628369112750736,-0.14411792635951537,-0.25130045505466514,0.14490363880004117,-0.1048159315340476,-0.27515489577621804,-0.12338086660134526,-0.20578880326117052,-0.08644819773684255,-0.06674353392680485,-0.0911046218229038
0,0.0,0.0,-0.1712593385043189,-0.4413820701085215,-0.23049417523246518,-0.7665496786249466,-0.23874579885799987,-0.9339562714934925,-0.19406547219464768,-0.9031615486009017,0.12579230146653195,-1.0,-0.3780386320074791,-0.9192922404476996,-0.35461881268580603,-0.7380086950455469,-0.20997049559992556,-0.7380788252871613,0.19142997403340373,-0.7316231616811305,-0.3885051564134474,-0.6517518110996845,-0.30667733775294975,-0.5110006002486034,-0.1674881353804492,-0.5185472400804823,0.19202782974144397,-0.41717517227466244,-0.3570591978388841,-0.35655208808652855,-0.27934623889305393,-0.25617859393099146,-0.14299243348072954,-0.251530118545878,0.15014774288302293,-0.08866542518345685,-0.27696678053780877,-0.10784116843977147,-0.20627825802370034,-0.07768516454561034,-0.06465492883989303,-0.09042862094309898
0,0.0,0.0,0.24586938080547036,-0.2268781991262108,0.3924812851590894,-0.5095807238276763,0.37806907456951694,-0.7696686794067703,0.2508825149589738,-0.8763732436578959,0.4930216747677053,-0.3789864166599643,0.32993281929802465,-1.0,0.26599308920449977,-0.8594322342932672,0.2858114721633339,-0.6712947043032373,0.29167730196716385,-0.28933333738005884,0.12789281438125313,-0.9615223174383013,0.09751627163038018,-0.8147299797107299,0.13158600783951901,-0.6400281348591512,0.0772694921915902,-0.2629905200396377,-0.04776613163896936,-0.9402912731858403,-0.05936682909211207,-0.7828712731554899,-0.02505899367041545,-0.5712188281998091,-0.13558300921591152,-0.2780956312057168,-0.20145166161078898,-0.8233314465475614,-0.18593439145088766,-0.7052674708521949,-0.1506774977275107,-0.5043184125505145
0,0.0,0.0,0.2192835093065809,-0.1760379101094637,0.36147373812101247,-0.4481124278789307,0.36003483500421224,-0.7385098156951231,0.22420177370437322,-0.8791190309113752,0.4529283175415935,-0.40210671200220977,0.3581591146213473,-0.9893789661586654,0.2807380142226377,-0.8811062321378852,0.28326537324973006,-0.7191267738630402,0.2717399372671906,-0.3569285482296759,0.18836095841516184,-0.9862914434865248,0.1289092454871644,-0.8835566031566188,0.13738703251515408,-0.7177616854137526,0.07854239348819421,-0.3665738487464338,0.011537991374583638,-1.0,-0.024102489527285352,-0.8736728881623624,-0.0022776308996200543,-0.6817909011211827,-0.11300556493607374,-0.4036281219810146,-0.14461990413199333,-0.9250788023314949,-0.15374381095056458,-0.8218348477527642,-0.13524295787376228,-0.6367627121964734
0,0.0,0.0,0.2824906647040096,-0.14977897550846267,0.501664047928705,-0.38244600222474573,0.5484755464870028,-0.6532665802203864,0.4229821968783956,-0.7938797580363461,0.6138880331623742,-0.31214303851800485,0.51801612231719,-0.9720289139606016,0.40182004436601837,-0.8843427075129637,0.3953960266505461,-0.7019788120682788,0.396872208595046,-0.2654999104172494,0.2917458840270733,-0.9852905445728966,0.21698118375548936,-0.8703713430581103,0.2342463254960242,-0.681305820043077,0.1677324221242326,-0.28199344821408084,0.09283125316600908,-1.0,0.04084103379783171,-0.864388149813294,0.052459562088579936,-0.6463448626548203,-0.05619803072623898,-0.34297078313369483,-0.08200543554617765,-0.923511315139227,-0.09717714441126088,-0.8219156143378804,-0.08350884677998348,-0.6240147508632813
0,0.0,0.0,0.27755187181938556,-0.1747395459391205,0.4872300596626414,-0.4403908173989813,0.5180233113118003,-0.6981390279208849,0.4015730149797618,-0.8128661989253553,0.6187532818218628,-0.3138640692511691,0.49441318691898345,-0.9729660563630954,0.36891959354283177,-0.8706834065028497,0.37659179105320717,-0.6834783816048021,0.4006706828170643,-0.2638518465881414,0.26651430771999113,-0.9941945215944902,0.18323859473267898,-0.8615543134047984,0.19882777047983735,-0.6680229756592992,0.15441455900091478,-0.2738737753391032,0.06882349868776245,-1.0,0.005240272340252742,-0.8575975434821442,0.01583362900771133,-0.6371773294733841,-0.08944828061596982,-0.32564514457371885,-0.12702924450188924,-0.9222789265734775,-0.14106426730251803,-0.8087041079117879,-0.11702221544731754,-0.5898475433593445
0,0.0,0.0,0.2581627359672159,-0.1848312882365662,0.45493071361394566,-0.4449456863984841,0.48740837017340144,-0.7000426797289044,0.3653763711576353,-0.8090129694373822,0.6067638491915267,-0.35770892298052903,0.47904190667408225,-0.9882584768093066,0.35440171961891376,-0.8806897056874385,0.36109127564192406,-0.7016461818765256,0.39889042217418025,-0.3037073337472358,0.2550851026184299,-0.9918929125648995,0.17527464373841448,-0.8551376754197104,0.20027161557042758,-0.6749241055489356,0.16684856813631638,-0.30471455632424166,0.0675619157300485,-1.0,0.005147092863606875,-0.8444766215918841,0.02635251299892635,-0.6277595171673344,-0.06798205422037834,-0.3467311005852767,-0.12171649879095241,-0.9229147337653731,-0.13920852884306226,-0.7943233423871857,-0.10997893917092248,-0.5751743495463456
0,0.0,0.0,0.2589569314182845,-0.18275295770454356,0.458518326696716,-0.4647385135228116,0.48701965839872996,-0.7384731776824507,0.3784785945633531,-0.8550128979312018,0.6147592177673694,-0.3753002428213818,0.48108313848825235,-0.9949613937772174,0.356306756839594,-0.8861141448146188,0.3651199782824359,-0.7089643123876435,0.40318889151601356,-0.31918970717567835,0.2545719788378851,-1.0,0.17609304024629918,-0.858932630514929,0.20134486891273318,-0.6785206285583466,0.17053948630955285,-0.3171869937311801,0.06749959029364999,-0.9986043400099831,0.006540445835569517,-0.8426178734551568,0.027596224696723477,-0.6275500310876422,-0.06098572845789032,-0.3523512140443584,-0.11582179587741585,-0.9168718325946109,-0.1312903998608875,-0.790065997125175,-0.10246568162001018,-0.5758719864690568
0,0.0,0.0,0.26708496467004444,-0.1837910001855277,0.4719618884041367,-0.45038234005887157,0.5134864606225442,-0.7164363828092973,0.40392964866410497,-0.8234128615957039,0.6336116567495421,-0.36282586090268465,0.4948563881774869,-1.0,0.3686390619311839,-0.8883333683987048,0.37806495254380146,-0.7097973922839607,0.42130804673767724,-0.30796736242739076,0.26859787605857577,-0.9988086540061549,0.19073681271075085,-0.8635812008805871,0.220502690789092,-0.6839720650124738,0.18818819776104415,-0.3086522528863582,0.07937046819921466,-0.9989540956035037,0.020877922140849308,-0.8492222500620019,0.05115113238835345,-0.6321537342389125,-0.044165791626261795,-0.34925460583653545,-0.10007768573649074,-0.9257178359692929,-0.11539551507524072,-0.8022587199609308,-0.08078057429427753,-0.5827408879444615
0,0.0,0.0,0.26000323845849377,-0.17404568057183728,0.4728611812356266,-0.42220187401323284,0.5331343859270355,-0.6769913836803155,0.43981754158704667,-0.7927100910492921,0.627022221633029,-0.36378857348112825,0.49729228887049765,-0.9942159111210432,0.375342705293333,-0.8768896531566763,0.3847364443998341,-0.6931327004135506,0.4202100326560347,-0.31869067166134185,0.27079084040207385,-0.9981732379597837,0.19731065907364936,-0.8622572497596407,0.22754905507083892,-0.6801539309393991,0.19100450290924678,-0.3224384140517535,0.08328772346468344,-1.0,0.025768471049885517,-0.8529915023606658,0.05641988097875937,-0.63938486333137,-0.03876081301090155,-0.36352170051266125,-0.09131458688822015,-0.926006115825709,-0.10616320315740234,-0.805335975864962,-0.06993902481366238,-0.5941742783066839
0,0.0,0.0,0.26457157577114004,-0.16678265360338607,0.4764277862748757,-0.40854504953288007,0.5363804264062112,-0.6552908022410846,0.43107446578328534,-0.7736749745345385,0.612208449139444,-0.37202900365723085,0.49705155523757744,-0.990907605787836,0.37286627951312146,-0.8888042795614794,0.3763655718119815,-0.7146603561506761,0.4105467929017855,-0.32965512666393465,0.2786953748026155,-1.0,0.19778774421579087,-0.8716756180682952,0.2214475293697523,-0.6940113232182391,0.1851831932293801,-0.33228242452272794,0.09044656158921839,-0.9980983825479597,0.029898745729149166,-0.8566661851529694,0.05559530282355086,-0.6467878489915181,-0.04122010404415708,-0.3672584532002785,-0.09013951911041068,-0.9229448923072917,-0.10782429792513061,-0.8061153066177962,-0.07755961211901778,-0.5952031626150286
0,0.0,0.0,-0.42468284990927757,-0.04022717677022186,-0.8332977707560604,-0.09055473080642305,-1.0,0.1015697472938392,-0.8923619150523526,0.17781954488980897,-0.6088897363375388,-0.935800165555147,-0.72907006130383,0.2096012905432297,-0.6515950950882784,0.24273441413302219,-0.5719906114796,-0.08503208955110948,-0.11221884756063419,-0.9380080719483904,-0.2731823361435336,0.5703217429597447,-0.24827067509878073,0.37969573566865966,-0.21236155186007413,-0.10736599339898034,0.33457091102243164,-0.7359244075804282,0.1066447540658619,0.6623797871390588,0.08110113845646308,0.46857615007104947,0.10932662638258978,0.05871790099075827,0.6872629981219932,-0.4595105681386547,0.4498641812208406,0.5901974404024171,0.4228547821073324,0.4606782313141356,0.480683164675919,0.09722566498236247
0,0.0,0.0,-0.46069653964380936,0.014220619539555257,-0.8653269821089277,0.025018505559658843,-0.979949415690725,0.26387174958141313,-0.8405661437381736,0.35372649541148554,-0.7092021922585361,-0.9406564740267397,-0.7957212895557867,0.3073362904176671,-0.689348772272923,0.3453578565090564,-0.6200160764756216,-0.012797905263602504,-0.18733154803674726,-1.0,-0.3065668766219375,0.6713068504736103,-0.2519045763812796,0.48666189058244363,-0.22207258680408046,-0.037022534952635716,0.294724623084273,-0.8346141947549723,0.10126092211259045,0.7183454635326726,0.09057197386602382,0.5246342063630423,0.10457895795148714,0.0678688852355233,0.6867407889280083,-0.5783310700478038,0.463975762323871,0.5951342323743819,0.4338596865168794,0.4728183131572858,0.47967943592412254,0.06701727886814306
0,0.0,0.0,-0.4575616167150847,0.0004972112233399155,-0.8493479069959784,-0.035188920880416016,-0.9870234009118447,0.11708597392661821,-0.8952926147818085,0.15619701582805215,-0.678349568889762,-0.9445338103631871,-0.765329871700766,0.22500859377423058,-0.6782574927372915,0.25206799807706226,-0.625705271020501,-0.088142723851665,-0.18467503902736568,-1.0,-0.2934773899738439,0.6185524078075408,-0.2341283328336452,0.44211446907275115,-0.20520543643450123,-0.055800732990788506,0.27202881563575837,-0.8391006389115758,0.0836203309313842,0.6717107167595397,0.08387297497079409,0.47398154083141214,0.09792347276355103,0.03211810042697489,0.640890405471068,-0.5902330140498516,0.430525473756035,0.5525790368769836,0.40510502496717565,0.43367900120958985,0.43761210675406037,0.03584185387740755
0,0.0,0.0,-0.4761667019415925,0.0045206007731051845,-0.8686357433249237,-0.04181636869092802,-1.0,0.07056662351439541,-0.9430721127689605,0.13468637561173863,-0.7034874133437903,-0.9423973986581677,-0.8154480802865969,0.25511140167839397,-0.7003922009086648,0.268000924506032,-0.6280840131871956,-0.0878887762111094,-0.20675239988521582,-0.9866326425940185,-0.33289845625671144,0.6081659072819133,-0.2575119361259821,0.4261833222747523,-0.22457251334495892,-0.10343365695372665,0.24993540143947668,-0.8252501814602781,0.04868264382755885,0.6618606203279659,0.05972769921352064,0.47017364352761376,0.09281741914792227,0.0065910008686721,0.6206766033752261,-0.5744422125299133,0.3886424693659992,0.5390321382707842,0.3666426018092791,0.4378006754607273,0.4170109759122031,0.03782748873258274
0,0.0,0.0,-0.4684936463319163,0.01383505372930635,-0.8626763659403521,-0.038311402410506484,-0.9701124667031317,0.07326036964275023,-0.8376783275783795,0.05648897624680653,-0.6907624874777348,-0.9343982567277659,-0.8032588802660193,0.23647452619304704,-0.7034951087922003,0.27301759960431193,-0.6459467664456636,-0.08409220041301249,-0.19344083707866178,-1.0,-0.32690106378692224,0.6251574816058711,-0.2639952065886242,0.4489079344954822,-0.24057691896730238,-0.08114117904804194,0.2690104747392408,-0.8491600681948575,0.058337565196936225,0.6776099695909401,0.05841717262789839,0.48024879279735455,0.07176251015280222,0.005716400811017016,0.6421722649341828,-0.6015042868112184,0.40821385557548096,0.5694857865662787,0.3745213154605951,0.47130959607222156,0.4069580809780491,0.07032729257574247
0,0.0,0.0,-0.4400862792120638,-0.01716393790462656,-0.8007772407429339,-0.049314170318174644,-0.917471602123796,0.051487804456813516,-0.8349080461471656,0.058631066931154274,-0.7029162102281699,-0.946849895882678,-0.7781560871624822,0.17430090892941733,-0.67343120855045,0.1737103145231328,-0.6132158682693826,-0.17000853663350704,-0.23116882796462973,-1.0,-0.3124392443352282,0.5081239884336017,-0.24821464698799936,0.3148629944339176,-0.2268900254618664,-0.18874996299147323,0.2126883117203537,-0.859824190993605,0.05528796334675509,0.5531911219011527,0.0747020196786673,0.34380612959892626,0.09157359022185378,-0.11348880615427127,0.5863905460484763,-0.6279397106426654,0.3955912358874151,0.445215352617243,0.3804775703655456,0.3165413311226907,0.4149013599399968,-0.08478252556055582
0,0.0,0.0,-0.383869454609995,0.011969759717374217,-0.6761183749017486,0.005694351710207152,-0.7488797234594613,0.053953718337714146,-0.675366593700082,0.046394492854064016,-0.7763415005197812,-0.9075769741123573,-0.7682730584267954,0.17906506985353154,-0.6280673433683517,0.273642018610705,-0.5615949255825353,0.0003080654839882014,-0.36081736661060354,-1.0,-0.30928844902340286,0.37869530675546614,-0.25746245319855643,0.32515149722360737,-0.2715235929985886,-0.06874086156914781,0.058006321892510926,-0.9189614516687937,0.052145471141574896,0.3417430843736002,0.03857030569900016,0.2277651940939325,0.0032915254523787386,-0.14551001952349157,0.4302914155799153,-0.7428080020960285,0.3803653681995284,0.17763376972422013,0.34832993855593775,0.10932141076243038,0.33743904191211893,-0.21907005637302546
0,0.0,0.0,-0.3954850554533726,0.06170747153208407,-0.7427513483593456,0.059881749861515336,-0.8467109970707858,0.10033200823746241,-0.7269783993156467,0.005780755966533169,-0.8146777665978541,-0.876597167166492,-0.7647702532645946,0.17965652462688483,-0.6161910860768052,0.3558825132236411,-0.5873574620631364,0.08655265371693255,-0.389666298418216,-1.0,-0.33494684757124105,0.30329655094366886,-0.28235128062557274,0.38441129350000075,-0.33871605246569514,-0.0041166432361543,0.02840475481063253,-0.9434235079204041,0.02539181294120128,0.2726313589411817,0.007941388153981165,0.3073889737185027,-0.04079268558771889,-0.024765421700155284,0.37907360493796743,-0.7882382099074632,0.3392919148132968,0.1250665279697261,0.31412936106631834,0.17229935070371924,0.3013752002103004,-0.09519017133679616
0,0.0,0.0,-0.41193112972350304,0.06068848698515767,-0.7623957202564128,0.051733209840887286,-0.8770673365799896,0.07605615918574658,-0.7567169765596731,-0.021736496333403046,-0.7979956545265625,-0.8955555168258458,-0.7644850497787427,0.18520796194308062,-0.6046926299575411,0.34543277130991623,-0.557524408016386,0.07068158203118516,-0.38054429627564046,-1.0,-0.336750953580783,0.3256918232730146,-0.26865914425046394,0.3710557940199115,-0.30292456337785034,-0.00954410705334409,0.027540558305364952,-0.9323636105605959,0.015031553647840708,0.30371962899151156,0.021729856954583328,0.2935767329608642,-0.01044747753400192,-0.047261173244631235,0.3740277459640876,-0.7717528872998642,0.32193559470575933,0.15786824484701212,0.31509288490968784,0.1698340653248482,0.313930578655061,-0.11690037280112073
0,0.0,0.0,-0.4139196164865482,0.06934768028512221,-0.7435435177697044,0.05898784443567496,-0.831340881380167,0.08987490510377974,-0.7437585273876243,0.03251600184749005,-0.8086763901743259,-0.8972977361168378,-0.7833614409006691,0.2538591129570282,-0.6175390335361916,0.3954447159837973,-0.5562794311004776,0.10845288634927826,-0.3642541643735257,-1.0,-0.3172404975481825,0.4176637037220554,-0.24237998835585772,0.40233652632938766,-0.2629514538366387,-0.01400792084814658,0.06611589991700452,-0.9228363219375286,0.04841653822127764,0.3998603764703384,0.05090596027896392,0.33669090465075535,0.018672656262442685,-0.047323351460207295,0.4307788480085508,-0.7470051283775534,0.3745042833809068,0.24144562557181057,0.3523083007869529,0.22980811940023818,0.34436002342985467,-0.08032246133808538
0,0.0,0.0,-0.3820399247669622,0.06501452982302026,-0.6952644663841353,0.06794157046858784,-0.780407037374566,0.10467373866214347,-0.6999509349753537,0.03211356445601472,-0.7600404154172087,-0.8747596277465244,-0.7326074182607882,0.14202596399706285,-0.6074713724128106,0.294404901106998,-0.5602943395653783,0.0617738776797133,-0.3382810043323911,-1.0,-0.26607575066537065,0.3982124144628855,-0.22789312929477035,0.38429632577153067,-0.26033042174845156,-0.002409413065965481,0.07922821222056331,-0.9362154679597802,0.0883081924259451,0.3680133976180701,0.0616503720764369,0.30644142841606803,0.02007703714694469,-0.04305708825213016,0.43280831508850676,-0.761889205778882,0.39650862726683367,0.18493046170862626,0.35797234991961596,0.16279050161821848,0.3474887053493522,-0.13263110773145076
0,0.0,0.0,-0.3926927276816318,0.07582526860036838,-0.7574402203036804,0.06206629328260946,-0.8763607706210068,0.08587166335156483,-0.7590759901378586,-0.01989769768730742,-0.7955273117077392,-0.871810087288997,-0.7493910154799936,0.17422324381412002,-0.6163638262257175,0.3332272417373093,-0.5891781152838388,0.0621067289793259,-0.3691437282671157,-1.0,-0.3078911512730679,0.3169750096972721,-0.25891310097814785,0.358813033050346,-0.31195973271587607,-0.03807875414700377,0.04957082927152591,-0.9452383944860717,0.058360382521690936,0.27786702116683665,0.04403238940993272,0.2852250673806694,-0.0042065630470673595,-0.05879225243713656,0.402711609484547,-0.7895144819197202,0.3689865709716302,0.10885372928634539,0.3461758356693285,0.14919980048943868,0.3344703267642001,-0.11202855677286457
0,0.0,0.0,-0.3986817693543781,0.0873801347165988,-0.7845123997559731,0.0475756406230465,-0.9068599759401791,0.03895650457717813,-0.7618980915636333,-0.11602696004539337,-0.7625641898375899,-0.8717376133109266,-0.7309761622118645,0.17056255407083054,-0.6112064239805414,0.34232266335610667,-0.5895513307539622,0.07157357668012104,-0.33097975822263404,-1.0,-0.2831281446800575,0.37050242542563594,-0.25128630559652176,0.374401588265966,-0.31312096520274185,-0.05057496448939365,0.0908431767159139,-0.9293250078715003,0.07957093737547245,0.338499602139041,0.05097972477137107,0.311002663974955,-0.0015939526806796795,-0.053537910107257294,0.4369123815250347,-0.7537169579923221,0.38476437139431974,0.18859027596873812,0.3591683012486938,0.1816349221150063,0.35021339815073055,-0.12060434724250786
0,0.0,0.0,-0.15006522749712195,-0.4229019502534867,-0.1961037522847878,-0.7551567447584757,-0.1998766437694354,-0.9154403383392463,-0.17994757461611915,-0.8770800391689497,0.1887865495059666,-1.0,-0.3014769890533008,-0.9559353371588233,-0.340465833041946,-0.7415360426542399,-0.2271397499125838,-0.6975896249337786,0.258457467047539,-0.7489804147138306,-0.3170887929586755,-0.696831679794647,-0.3094347031378158,-0.49740002709699505,-0.18302397597291598,-0.47692455596219074,0.2493899119672175,-0.45221416523812497,-0.2903741170152092,-0.39940078321673783,-0.2693242544878384,-0.27470288631674766,-0.1588681001031146,-0.26017212270882334,0.18846609103130027,-0.1449281564551289,-0.21884413467693323,-0.14396576692203286,-0.1864820879938407,-0.10373159696221591,-0.0691616319530362,-0.1207311077559875
0,0.0,0.0,-0.16268553015867046,-0.4149299862480354,-0.20823490742512069,-0.7411151889652716,-0.19900725667014416,-0.9152938846834352,-0.16331182306304431,-0.8913479669177659,0.16917257382015072,-1.0,-0.305595631606992,-0.9497993809601201,-0.32083350682388717,-0.7442641144719137,-0.20116320859218603,-0.6935762188295038,0.2321915704121886,-0.7622961310103444,-0.32457533829698604,-0.6986654243144022,-0.29205933895014197,-0.5203204608778961,-0.1664799364650409,-0.5007017972725942,0.2257565259471193,-0.4790252318905123,-0.3001802319010657,-0.43021410429273516,-0.25966959595473116,-0.31188715061480893,-0.14369507824727787,-0.2999467152146003,0.16863224268696542,-0.17864659715148018,-0.23443808920030418,-0.18354814501981054,-0.1903302985118444,-0.14258582601682893,-0.06711350158175415,-0.15629864731094117
0,0.0,0.0,-0.16388141364406283,-0.45469073652067643,-0.18333779210262022,-0.7494973158717377,-0.1431634863215573,-0.9092098596831979,-0.08254602527254584,-0.8925679402983823,0.14835097677556425,-1.0,-0.317220046652138,-0.9682603954314999,-0.33800299636923337,-0.7534175370165247,-0.22136750295127305,-0.699816202093416,0.2123198560278334,-0.7596007663108486,-0.33206841576272506,-0.7056165429175453,-0.3040685522906856,-0.5346938331883836,-0.18398019810664704,-0.49993335681258316,0.20526292405899152,-0.48779495330877226,-0.3059454303843739,-0.44467499957573364,-0.2694495615946084,-0.3265685889968761,-0.1531264044884902,-0.30332317827176575,0.15812226002589075,-0.20027412373742623,-0.2439804231108277,-0.21056825568559823,-0.19732447147376023,-0.16632423445664446,-0.07788233692392971,-0.16249744725129744
0,0.0,0.0,-0.16196196615470929,-0.45118067585769256,-0.2048024236195935,-0.7356319058916346,-0.20888537941765917,-0.8931982494988238,-0.1847459331937345,-0.8816244669793925,0.12473338522814792,-1.0,-0.3506923356235681,-0.9694594395025727,-0.37400075688950857,-0.7432137795972754,-0.2535945614863587,-0.6790441403842242,0.19028328099114966,-0.7478799867028141,-0.3617927918122214,-0.6968240629116963,-0.33362938351654325,-0.5154177645644941,-0.20850565646596314,-0.47605125099637946,0.1815824929431213,-0.4640863400714984,-0.3389632029581814,-0.4222175092789757,-0.30122334307024784,-0.29559750468336443,-0.18180765233187943,-0.267359764292533,0.13616381299264063,-0.1687698421711343,-0.27052025485683057,-0.17963452010029327,-0.21837334042044632,-0.13286114754793069,-0.09599675455846982,-0.1262766611084744
0,0.0,0.0,-0.15697512662083982,-0.4423063280987831,-0.2030346740107676,-0.7278768098843496,-0.21532229135547062,-0.8881676491615379,-0.1927039630675172,-0.874398264865591,0.1410238440109739,-1.0,-0.3397540886695542,-0.9615945044014798,-0.3719160586971298,-0.7289204664657906,-0.25188569082629686,-0.6642107397414102,0.2112533186558645,-0.7433809260993134,-0.34828244937304637,-0.6897215624460726,-0.3262924079819805,-0.49355799654562954,-0.20363599407735958,-0.45178597392770375,0.2053544251511979,-0.45248429408535906,-0.3240064660019209,-0.406200962252978,-0.29074006340223796,-0.2694189603985054,-0.17510971625964025,-0.24030464468433968,0.1598060400668737,-0.14982086679241124,-0.25184866174589093,-0.1524110912158066,-0.20652204865399795,-0.10209179086418126,-0.08920325594289069,-0.09793547783361768
0,0.0,0.0,-0.16377154339722466,-0.4561379645291767,-0.21487110887838728,-0.743888405348412,-0.2325362147709701,-0.90908275384971,-0.2145709011738768,-0.8926914966324164,0.15491134797640396,-1.0,-0.336686591501389,-0.9602402120605472,-0.3725967736955464,-0.7270271217528959,-0.25210750398260257,-0.67094669529523,0.22819916267293758,-0.7378387715642595,-0.34417676329780356,-0.6939339684913343,-0.33008556858379573,-0.4826937247201747,-0.20218582085006137,-0.4454037136464951,0.22259702404248555,-0.43607808154133604,-0.31946668591556465,-0.39536248985051786,-0.2998515859895839,-0.2516741951554529,-0.18616299087819202,-0.21873229316961756,0.1756941077509916,-0.12208105900093212,-0.2412023913139626,-0.13348790866008478,-0.20709595881625953,-0.0824901509341696,-0.09167725773300833,-0.07714712138572037
0,0.0,0.0,-0.15469066582610042,-0.4264481773528616,-0.20322943735837162,-0.7552748428281745,-0.2143264011436996,-0.9295792039274962,-0.18954314065668412,-0.8919919931100041,0.18441597605378962,-1.0,-0.32377354681730675,-0.9432332347984502,-0.3480810931332521,-0.7292929894623106,-0.2197838768471154,-0.6983239969256455,0.2566304213834761,-0.7337940728496272,-0.3433245719192957,-0.6790323394630139,-0.313366782244527,-0.482814308489471,-0.18181816301525017,-0.461798083740586,0.24521617692926917,-0.4233758911367418,-0.31669967709349395,-0.38020855309259716,-0.2815261986135621,-0.25434844118807753,-0.16362499162329394,-0.23560385502217657,0.18576824529311853,-0.10064291736058886,-0.23954607767460986,-0.11541653119154403,-0.19193681026616002,-0.07428545663182784,-0.0657246698750485,-0.08462396656267142
0,0.0,0.0,-0.16579393289487773,-0.45438781420038094,-0.214432533103182,-0.7513840309795816,-0.22881712702342288,-0.9143235140475595,-0.2084508830219044,-0.8833751618251607,0.15051767828346901,-1.0,-0.3408660444577113,-0.949597748886286,-0.3641260792399814,-0.7391822516328523,-0.24245383724363487,-0.7018983835329312,0.21627608264682693,-0.7390062312826287,-0.3531432610973936,-0.6838964497425398,-0.3199273287411219,-0.5077274556055587,-0.19350983767192403,-0.4855841766627839,0.21007643501198886,-0.44128159849190307,-0.3258878888265202,-0.3950423908917175,-0.29218506146922646,-0.27175696699902335,-0.17888392552960225,-0.25017135621651965,0.1625158580545939,-0.13076365252771713,-0.2477737887041982,-0.13651797678802607,-0.20150619072494427,-0.09460120440099545,-0.08379927353075732,-0.09999497084713646
0,0.0,0.0,0.19620411949166305,-0.2135889334709626,0.34710132669093074,-0.5058511017264776,0.37990629323073943,-0.7654865867160727,0.30588986483223984,-0.8471193913787206,0.5446182593812288,-0.45293068326051744,0.3535321867152624,-1.0,0.22484120801774998,-0.8925240555798106,0.24685682873899362,-0.7379646127960794,0.3849316530134769,-0.3584798852233893,0.16607323323132694,-0.9615755649266827,0.08217356349433866,-0.8268903176312365,0.11859264939412388,-0.672452093967441,0.18551488918580258,-0.314840326731112,0.0028508440936405883,-0.9100179330012808,-0.057473395104435845,-0.773391660327143,-0.01854922661188508,-0.5909551965353617,-0.020016011728878413,-0.3070507320588105,-0.15310650163308154,-0.811352153699091,-0.16670262721338852,-0.7143424166635434,-0.11834244502679145,-0.537875234798734
0,0.0,0.0,0.19997052737789883,-0.20077270280414664,0.35323058946111047,-0.49178537343112466,0.3860646507971044,-0.7425441634239559,0.3243477665386919,-0.8272063508299577,0.5481106748970409,-0.4531101851314089,0.3368439849412238,-1.0,0.2235524391628735,-0.8699234491983013,0.2541722397372429,-0.7068053151273433,0.38870505100063885,-0.3576788749780039,0.14585619267466646,-0.9592563537338779,0.07906932394139109,-0.8046979359629269,0.12412585503110662,-0.6473163877314143,0.1851411175151459,-0.30777323071081897,-0.015791604290173566,-0.9001613192639126,-0.06598382646520107,-0.7536986840474231,-0.01986992171551465,-0.572673158156158,-0.027756101916327224,-0.29403794860148075,-0.17809958799007986,-0.7989889156935644,-0.18527565136661947,-0.6957416395272938,-0.12843059154153083,-0.5185371524072631
0,0.0,0.0,0.19427663315642738,-0.22345424004453376,0.3458243366795731,-0.5151993827058187,0.3830022661571985,-0.7782284196923815,0.3219873974800086,-0.8805943780233156,0.5530291548820968,-0.46419401572521385,0.33979526159054063,-1.0,0.21607705515409373,-0.8797236597029136,0.2434148082600003,-0.7265228557578898,0.39856379318799606,-0.3603840933978672,0.15257510329955426,-0.9561180862171749,0.07580734092774218,-0.8109514357540248,0.11646968145481039,-0.6577427721067368,0.19932563754572938,-0.3070097096369689,-0.00589956086476545,-0.8957832526489332,-0.06136906786835819,-0.757246944498029,-0.020270343002532703,-0.578339104803833,-0.008362039756766136,-0.2925470031553287,-0.15558810307623622,-0.7898638545791052,-0.1683418369046852,-0.7016484358594474,-0.11935572995361579,-0.5362078542688179
0,0.0,0.0,0.19470193546214526,-0.2221129286177315,0.3430923617015903,-0.5256215114957528,0.3663344081223744,-0.7977165082545482,0.2851985553488294,-0.8838939915644495,0.5448973337935563,-0.46523947029457074,0.33439313706506824,-1.0,0.21468863389542275,-0.8777532138437318,0.244770716348299,-0.7247752624533814,0.38600170058004935,-0.3619669481323085,0.14881153026948302,-0.9529104333111641,0.07422796191374187,-0.8096808465857909,0.11649680509837267,-0.6587324785533284,0.18743742791476894,-0.30962612495054004,-0.008708990343736057,-0.8945236271183586,-0.06271284611434297,-0.7549723445274156,-0.018745443371526227,-0.5758542889133967,-0.018052246533594874,-0.2956146923381292,-0.1588156554389096,-0.7920835473089584,-0.1690785718495071,-0.6941520251214399,-0.11743953259304783,-0.5205627067846409
0,0.0,0.0,-0.4255329353662631,0.11866496102533193,-0.7810678822821138,0.10179228352397716,-0.8564583985058697,0.11631409666748513,-0.6841373208307056,0.02729479509754584,-0.8034186321033292,-0.8751783371142352,-0.795712464377318,0.09235267546832955,-0.6745087273333796,0.18824417491747994,-0.6317905010476522,-0.07418644988700246,-0.3885150540505522,-1.0,-0.3413091393789108,0.3454159934656852,-0.29089691488425,0.2503670541106839,-0.3038320377570005,-0.15550960568617106,0.028126259455535808,-0.9324731393703205,0.004758281177407936,0.3189480096754819,-0.007760572625888285,0.2042402892622624,-0.03544658190478713,-0.1599894196786818,0.383225251318424,-0.749728154464101,0.30976897245608775,0.16189645459016289,0.2786275361810481,0.0759839591447836,0.27004373151754596,-0.254748080258681
0,0.0,0.0,-0.4484182887424841,0.06608052675205715,-0.7775903665672449,0.04606137629343255,-0.8414993453929268,0.05348431350001971,-0.6995984798074564,-0.007335377720179864,-0.7555526247954296,-0.8971097921479486,-0.7246677417227674,0.15074328376049465,-0.6175189093067196,0.1896785531394345,-0.5685826026566856,-0.0864437387610042,-0.3371189186803078,-1.0,-0.2729541644254526,0.4127318032948889,-0.22541699297108048,0.25413904773427115,-0.2314902061444597,-0.17985626801486476,0.08115020466575801,-0.9208834643183285,0.06813871965868513,0.39677236113964665,0.06069253014035495,0.20160480915937626,0.034808710679296306,-0.20887042994432706,0.4471110728416814,-0.7282228021978521,0.36713656318842963,0.24767308848285752,0.32507531114953797,0.09836817819409105,0.3071877437064803,-0.29086062437180155
0,0.0,0.0,-0.46907910750210347,0.08145649839904336,-0.8534945000203903,0.06033473334365953,-0.9613563135698837,0.08614425013436551,-0.8177645199333686,0.04054793698874585,-0.8416900850045892,-0.9064912944496574,-0.7783024794026216,0.1925419870515351,-0.6325926573429771,0.22846032573602038,-0.5832046673431728,-0.07072810473030615,-0.4147027235007341,-1.0,-0.33581082798599127,0.3650502999747819,-0.25886944975333254,0.2469154450941089,-0.26204484653620425,-0.17156322823228382,0.012390338264610182,-0.9199744783244058,0.01968950822496161,0.3362628886199039,0.04504623289205607,0.19972411866006448,0.041051567646430066,-0.18156049794698273,0.3933428585483624,-0.7399585208766246,0.3297859130811023,0.17772017702782203,0.3251457081762078,0.07931542805039891,0.3325809352205524,-0.27541208929367905
0,0.0,0.0,-0.5109074252522078,0.09739997007000294,-0.908342155292344,0.08173225004691408,-0.9872750004552844,0.14574681281162233,-0.8232558452571644,0.14406305252714485,-0.8716351517522113,-0.9034611111946899,-0.8000632647292404,0.3155326391368759,-0.6586052304649364,0.3452401407184941,-0.6266810879633112,0.0034522430474121244,-0.4110251657432972,-1.0,-0.3167832854426987,0.5096532158514966,-0.25353597577728915,0.36780799194265473,-0.28163731336311026,-0.11061034231840292,0.05105043996303883,-0.9183037768014018,0.062243704605181374,0.4746252218026568,0.06870201204009353,0.31468026765968804,0.04485500975100301,-0.11093458395324586,0.46231037406953734,-0.7387871383359713,0.39741453916910213,0.2887373737773636,0.36986746078814076,0.17591830852759457,0.35742434163903947,-0.2239527866173323
0,0.0,0.0,-0.46005081734356257,0.09828146388990827,-0.8318662214842596,0.09280845880927815,-0.9649623139669662,0.17717938345598425,-0.9067892280188119,0.2124180420341808,-0.83240619716879,-0.9016165775111722,-0.7724331922722008,0.20231677910945606,-0.6288787977277588,0.2596583687581185,-0.5937755931726756,-0.047592580800349234,-0.40113236618670056,-1.0,-0.3256156440562738,0.3788553325267439,-0.2595122403690533,0.2771061720288178,-0.28355128057423673,-0.15333174567476532,0.0290136628203368,-0.9220186035794462,0.020346445749007375,0.35334838296238685,0.03608451005948567,0.23708502942260146,0.018401870737845303,-0.13907962672110347,0.4064187539039653,-0.7481957560929465,0.33664152792138075,0.18551716750914407,0.3173382253829797,0.11310779011546351,0.306263386667128,-0.22284800181390604
0,0.0,0.0,-0.3985306453609098,0.13661010189909104,-0.8089175456208144,0.16662564116668271,-1.0,0.2956899159779425,-0.9657967656320906,0.3723108816127835,-0.858554160535761,-0.8073622437052215,-0.7817616441370205,0.22573089563937898,-0.615995475735365,0.2762699569576039,-0.5761537562397723,-0.009246551795266712,-0.4348003960450501,-0.9643951374468845,-0.3476876744729713,0.3983281535774694,-0.2873368720691979,0.2697620291808193,-0.3251007302080612,-0.14168408531470456,-0.007158032976251049,-0.91266072140706,0.0037988696214194366,0.35204313865702225,0.001685941775877006,0.260465627965181,-0.028233680331137666,-0.08250113450404983,0.3543729974284575,-0.7445316904797921,0.2991982838047828,0.19000845721200788,0.2851730634359658,0.11693711409672851,0.2754383311101638,-0.20833516687523207
0,0.0,0.0,-0.4206260948658906,0.13780748132846707,-0.831797352797375,0.13261804954885067,-0.9921271703382396,0.24075300584091028,-0.9395020840268199,0.2792482151168661,-0.8540343172218081,-0.852084397080755,-0.7751720042328945,0.2345694687948659,-0.6285906047299109,0.2533303158578032,-0.6050943921373209,-0.07264951630385015,-0.4123737929721598,-1.0,-0.31114411148861665,0.41177270606687777,-0.25692311054526423,0.241894492992768,-0.3071088099147551,-0.224308005021821,0.03424786562673334,-0.9395537399327426,0.051818820702892385,0.37011601085640977,0.0475086230142955,0.23581571267901436,0.01619539081214824,-0.15026161187739057,0.41326458642674246,-0.7595289342609963,0.35587957093809836,0.1997858989130044,0.32906148624155784,0.10531519404288199,0.3185388530980088,-0.2508529997541829
0,0.0,0.0,-0.37735776735417764,0.13062008643966505,-0.750122240098552,0.16516395505297404,-0.9303069784680774,0.343117207506192,-1.0,0.49077491389864086,-0.7703276034641194,-0.73865416901231,-0.7053125363512223,0.22846782743931074,-0.5737248616195422,0.2631593507592552,-0.5577518221024097,-0.026489854321799934,-0.3668406192431746,-0.8902695548327252,-0.28784535119322,0.41883574097164794,-0.232597826242741,0.2862228159519079,-0.27557901143340724,-0.13552335594150208,0.03708532942165018,-0.8382997643857514,0.04535299307422765,0.37887597771247195,0.04468538048418078,0.2707337372339507,0.02061366362657958,-0.08079812201878314,0.3759698797730717,-0.6770298272506594,0.3212776431775693,0.2162351516193855,0.3029854581778876,0.13368183843775322,0.29571904675721267,-0.19241774749578616
0,0.0,0.0,-0.4533696260170305,0.08329371896463204,-0.819264983428363,0.053546423643506216,-0.8887709280960177,0.07317576953715164,-0.7233589108462257,-0.008867158261690994,-0.7870903995407426,-0.90348540046762,-0.7525333904713402,0.17068220877875945,-0.6231136516946785,0.23012404008058898,-0.5891405844406963,-0.07713738586081978,-0.3589049242589421,-1.0,-0.30159464209158127,0.3812494021953987,-0.2336402527208297,0.2793822419597188,-0.2500347691231523,-0.16112164204294932,0.06396083031716798,-0.9224478970108962,0.04404758892506074,0.3606194233691217,0.05645285315873222,0.23244688668747251,0.034658579772391895,-0.1642721283710123,0.4311270776906411,-0.7484264167812029,0.35476349548934555,0.210092718259918,0.33950276654548167,0.1282066328540309,0.33317200460190655,-0.22679948381984086
0,0.0,0.0,-0.41348521529352805,0.08966947835172397,-0.7770624262038854,0.036768346032635936,-0.8818066138307722,0.03529301835665078,-0.7506033655275519,-0.06273710319988447,-0.7544758458415093,-0.8710511964526898,-0.718727521384946,0.06882087612446167,-0.6048921621093584,0.13836888288609703,-0.5706477069051927,-0.13048699064753702,-0.3452871571400661,-1.0,-0.27759095503852266,0.3345337784460131,-0.22184246069162356,0.21636077911707993,-0.24060786762145037,-0.20721252431555431,0.06465754355563484,-0.9407490464904904,0.05897199357814531,0.3254633334182785,0.06783381327353194,0.21262658953645422,0.0556180185690137,-0.14914944403387614,0.4133598362257163,-0.7754015782812195,0.339427979239401,0.15538883650603535,0.3186283054288457,0.09613346584779525,0.32237778513969234,-0.21097389634990613
0,0.0,0.0,-0.5020229618142107,0.12290213622818912,-0.8943837740843287,0.14014095371099616,-0.9652763455964144,0.18420076160472876,-0.7854848531596853,0.06559462816963162,-0.8686463247294192,-0.8961428536630914,-0.8469219152166676,0.342923084417957,-0.6962549021199893,0.3129139906301508,-0.6517095509130325,-0.08590950057242147,-0.36936002468313833,-1.0,-0.31622307386266757,0.558161268583399,-0.2565377838763894,0.3318428723378342,-0.28616120362777175,-0.21867799059767296,0.12510047823580517,-0.9108516494669578,0.08946297935223001,0.5253485275371262,0.06720227994251426,0.29033297878386827,0.03735841703136545,-0.21243778468833477,0.5424659591916272,-0.7031134044056154,0.43027947158597285,0.3604265960815518,0.36678291017448705,0.19549045558253017,0.3392405063291139,-0.28194192966929466
0,0.0,0.0,-0.4415111297650921,0.07560153428199314,-0.8046661249226442,0.056478065623481705,-0.8961231458286485,0.08359434407800256,-0.7411551588962866,0.03597068290135027,-0.7582905247111423,-0.8963349694098148,-0.7305439593813536,0.10793957683189859,-0.62677507267247,0.1653271431988185,-0.5834876278940732,-0.10166566623968276,-0.34324822613391753,-1.0,-0.28356474240286234,0.38968281519080744,-0.22762722910802788,0.2473430887774973,-0.2285942886642387,-0.17932144237379694,0.06995576551612201,-0.9221804851314146,0.04888280489457263,0.3892480852757049,0.053224026406982275,0.22781313334803885,0.03670643468200901,-0.16554844074606231,0.4264164204925104,-0.7390841141609338,0.33970246026386247,0.24933726925976865,0.3068792791491592,0.15089382401089113,0.2910556107508422,-0.2040184631510983
0,0.0,0.0,-0.45838523877411386,0.09376398721013594,-0.8053369242357747,0.09567247189837165,-0.8648001606456356,0.11821592481638876,-0.7077788651040062,0.0703391640066548,-0.7652118605181548,-0.900537635874133,-0.7520534564707572,0.12830934098035635,-0.6454080153812745,0.21530367749480037,-0.6069897206783098,-0.05575639288761439,-0.3430801983355731,-1.0,-0.30124800215163383,0.37245908670048583,-0.25084597917967144,0.2836729334819851,-0.2567840524678822,-0.11370221859982063,0.06965405761980957,-0.9296755557857416,0.02957006394023401,0.3630231545968912,0.02943704063117016,0.2319588500025896,0.006957918657700314,-0.142749275595402,0.42461767156508645,-0.7564345028299255,0.3347051816395123,0.21995912986037094,0.2965038675800207,0.15282233846617946,0.2778886002476923,-0.16749924356622406
0,0.0,0.0,-0.4503513863573173,0.07843625327120676,-0.7997697797531198,0.06981096973879869,-0.8380206178071243,0.11074684509044937,-0.662115433233068,0.05136664058171604,-0.7556795976673043,-0.9112787703434329,-0.7315806645411667,0.15236751995183404,-0.6442635335543413,0.18625470869218688,-0.621353910952693,-0.10809742033502129,-0.31422912108060325,-1.0,-0.24686873940318202,0.4158910582656432,-0.2205136033419403,0.24793822856166692,-0.24492414621248557,-0.2146475499034659,0.12136606002308509,-0.9063325220969333,0.10146977784265526,0.4038076484982729,0.06695528900969125,0.2036161939874529,0.03006551780358162,-0.22622941636793245,0.4948069679648489,-0.7031666783829458,0.4070654541832588,0.258067029110842,0.33809620171834226,0.113506075184383,0.3076604618612858,-0.28257736129239397
0,0.0,0.0,-0.4365349290985396,0.0623098798991884,-0.7837167233162385,0.04953199596642031,-0.8226814936518541,0.07865166580425423,-0.6525539031020348,0.0061664813990886785,-0.7247081861304553,-0.9251563151603739,-0.6667000241289518,0.11751392296309107,-0.6144632842432366,0.21910936273067208,-0.6231005424132579,-0.034752664296543424,-0.31336430114605546,-1.0,-0.23503935250724914,0.30260216100566123,-0.2303917398090047,0.24122117601442716,-0.2663393451151425,-0.14597806636438065,0.09232706306024846,-0.9138645236066227,0.10173595953030834,0.27897775533800756,0.07190357903486982,0.17183056454773557,0.043978152838080785,-0.19734553635312513,0.44383358833776626,-0.7316982597865216,0.39250342756642087,0.1185686928942329,0.3382729109976415,0.06238101149123896,0.33161931766671643,-0.2471041770981379
0,0.0,0.0,-0.21291861900937484,-0.3303207598827634,-0.35310705311034113,-0.5991155818352938,-0.4553934793245646,-0.6672368109639595,-0.4211999595017412,-0.4753424528206679,0.07849776852640705,-1.0,-0.31815728364765605,-0.93915177308474,-0.30260305488393047,-0.7471967814952908,-0.1943994554221276,-0.7237673668025616,0.14066113081946793,-0.8201818710390896,-0.33075243746453553,-0.700482332960146,-0.2754835456290692,-0.5642699879579535,-0.1650235680984407,-0.5739967321421072,0.1420806859441417,-0.5806227876930871,-0.30008281959034905,-0.47022303667273596,-0.2596076747455918,-0.37364852524809256,-0.15261967414528002,-0.39066625821155915,0.09196864835759051,-0.32410766286306414,-0.26046419338634785,-0.26451841417413013,-0.22421922840399422,-0.2103868267367942,-0.11823652220225886,-0.22712116955325276
0,0.0,0.0,-0.2170815684517958,-0.3463664382357652,-0.360613312881758,-0.6199442898568086,-0.47053098140217425,-0.6830153399835676,-0.4464570315094018,-0.4826323286800791,0.06972817460575813,-1.0,-0.3296937602295854,-0.9444465965184579,-0.3119025824454129,-0.7544401446367349,-0.2030773717989617,-0.7312923099559501,0.12791099658460428,-0.8162001476575959,-0.34521619988723856,-0.7007891022444215,-0.2867120859174498,-0.5717941114046612,-0.17314578388084267,-0.5840421071546225,0.12560726464954758,-0.572669770427595,-0.3153026785400388,-0.46803128413930856,-0.27249760088959146,-0.3799136190043399,-0.16215170580981858,-0.4031747359676455,0.07301270975126076,-0.31399683981494625,-0.2791693739396062,-0.2552959467078476,-0.24418419178299802,-0.2091923363884827,-0.1387527295170659,-0.23222916745334918
0,0.0,0.0,-0.2085306687380558,-0.34427424486862646,-0.3539063349440147,-0.6148181053254357,-0.4691374773523441,-0.6785609918636593,-0.4520625569966686,-0.48593061825937356,0.0651121126308046,-1.0,-0.33403957776835247,-0.9336002891586092,-0.31338658083331616,-0.746520774785735,-0.20310061877199667,-0.7255584081779384,0.12459859489029049,-0.8139935657638296,-0.3473581462503906,-0.6869921725391398,-0.28479315004935224,-0.5650404433504131,-0.17118428016778775,-0.580834785493354,0.12392010393514959,-0.5694641847872401,-0.31661724914690703,-0.45884387492126993,-0.2675321181227285,-0.3773679840427286,-0.15613928198155927,-0.40390880010605096,0.0729735306899613,-0.31197654079973774,-0.27600917366789013,-0.2568318455835561,-0.24187206690613022,-0.21277482883449425,-0.14066410485721814,-0.23282737106957666
0,0.0,0.0,-0.2195999079694215,-0.35037858403497424,-0.3625270437521381,-0.6332534226110274,-0.4680733515625089,-0.6901964475089462,-0.4431570331178192,-0.4784684757003939,0.07493050893463533,-1.0,-0.32728887392315514,-0.9479750423231567,-0.31225509599789103,-0.7579939352955993,-0.20274864009840043,-0.738548323462408,0.131730733377221,-0.8122335212426668,-0.3413365634134161,-0.7062436690305542,-0.28664952518441533,-0.5751933952916882,-0.17474314236228428,-0.5828262994475072,0.12732069058104806,-0.5702520436178048,-0.31740991562723836,-0.4716876522546759,-0.2774962928057391,-0.3794913144920318,-0.1660894673347622,-0.39591825170558614,0.07109329624320823,-0.3168325263289357,-0.28452103310674687,-0.26662652405292114,-0.2459108511574734,-0.2128485564534815,-0.13470300191958332,-0.22382220968805835
0,0.0,0.0,-0.21894528943232303,-0.3379886981158768,-0.36569359668055823,-0.6108507432273707,-0.47500197925738263,-0.6914240399952757,-0.4443708622164308,-0.5092462144269044,0.06734017658869475,-1.0,-0.32781563963758176,-0.9408457561477033,-0.3125424242463572,-0.7479949473777111,-0.2036840793727636,-0.7258082832894869,0.12988730562719097,-0.8151097806463671,-0.34030880957726956,-0.6992216651459914,-0.2868443628802932,-0.5656571588766125,-0.17430849289608835,-0.5760098106272494,0.12784477690200144,-0.5743485322995336,-0.3128070282456252,-0.4671590907616053,-0.2738236072841863,-0.37836392637941263,-0.16360200832975336,-0.3995960043660471,0.07398399202586403,-0.32236976161953873,-0.2792683496627475,-0.260333183645234,-0.24711336667138228,-0.2104142034105525,-0.1428589042571555,-0.22949846266861001
0,0.0,0.0,-0.21450993945127225,-0.3448842270172239,-0.36294300919598504,-0.6229195357843765,-0.47377109209835183,-0.690710363057175,-0.4422036653278177,-0.4892071631470704,0.07956607833965301,-1.0,-0.3226663130084381,-0.9418075147582624,-0.30972490442081496,-0.7537527732989779,-0.20106515586658896,-0.733949164678428,0.13862950685583025,-0.8113736943608935,-0.33967898329356855,-0.6969186002451218,-0.28524849934799706,-0.5699968902466113,-0.17201542071827464,-0.5839782042872785,0.1343341599876655,-0.5666872241400487,-0.31361944588898444,-0.46295718601290414,-0.2739078624495972,-0.3767482563168499,-0.16290942908586317,-0.39718279862125555,0.07799290897830229,-0.31059119286481457,-0.2781578043050485,-0.25713708001996516,-0.24279644573480336,-0.21085614254691415,-0.13509183572139746,-0.2287511073596626
0,0.0,0.0,-0.212066232777547,-0.3325452271221657,-0.36193741178703936,-0.6078042831110253,-0.4706807911422648,-0.687711654220147,-0.4299788191376698,-0.4986482410067476,0.07597301617950034,-1.0,-0.32311574515612923,-0.9424383411315054,-0.3060740250984767,-0.7543687966500692,-0.19640260151438615,-0.734181477992512,0.13589379273310487,-0.8155495029518632,-0.3368493369765977,-0.7019274714744234,-0.2790123529025518,-0.5707974224099764,-0.1663955672316847,-0.5842124561413774,0.13379797306038757,-0.5745572205091598,-0.30943107475648185,-0.46898365666979375,-0.26562202367601734,-0.38030699898126424,-0.15438560221456382,-0.4009183574624833,0.07949340812297122,-0.31905234169450797,-0.2744982547567549,-0.2632232487594113,-0.23869053771955315,-0.21120823882234926,-0.13354036358529978,-0.22459905563779556
0,0.0,0.0,-0.21886355515567057,-0.3415541391117184,-0.3629775208478709,-0.6139953459183822,-0.46280500646254996,-0.6802727946007033,-0.41955224029347216,-0.47699320774643345,0.07950594781697169,-1.0,-0.3195824495082139,-0.9421208437209845,-0.30754875830978057,-0.7517908640080488,-0.1991553510093456,-0.7351414858130241,0.14086708778758592,-0.8104892144607541,-0.332777128699914,-0.6968716879533526,-0.28170934160740146,-0.5649534877755611,-0.17046460269164268,-0.5776210986776076,0.13774764734916184,-0.5665954705130126,-0.30715566274099365,-0.45842752949891424,-0.27263448696371906,-0.3684187738914615,-0.16389650836046962,-0.3863466112825617,0.08287813923000649,-0.312718144758832,-0.27376100148856763,-0.25428300168821966,-0.23894753644588998,-0.20613336919009734,-0.1307068907235164,-0.22485115549021026
0,0.0,0.0,-0.21928787940734423,-0.34303289362985123,-0.36987819122744237,-0.6152918949057476,-0.4776037254286502,-0.6866319836109286,-0.44206464248756316,-0.4898631143763867,0.0711229598973028,-1.0,-0.33104650384340795,-0.9334750235901572,-0.3161283050449626,-0.7419240870124558,-0.2068273246098482,-0.7243873115332535,0.13154976053119513,-0.8075036653720925,-0.3456490270006921,-0.688167359562211,-0.2908265277650409,-0.5593137100797774,-0.17748838491187713,-0.5740108707744788,0.1275629302974176,-0.5588678874637515,-0.319445342587071,-0.4516852567259028,-0.28042942963536205,-0.3669173882711025,-0.16812936772188877,-0.39004103620447766,0.07221186168324832,-0.30120554540134054,-0.28679213443156315,-0.24582401685688376,-0.25342010449873625,-0.2007140003124179,-0.14559455747829567,-0.2202725333035358
0,0.0,0.0,-0.21914051284152347,-0.35074469304808875,-0.37006868218555194,-0.6241957424115717,-0.48296492143361963,-0.6841924581429212,-0.45633855589319716,-0.47654506832699556,0.07360891893704678,-1.0,-0.3368519723288802,-0.9435763306657187,-0.32504892536020397,-0.7504682726101577,-0.21623291081690732,-0.7276652385274449,0.13292086135066705,-0.8013185975181635,-0.35399856404109104,-0.694744740627031,-0.3018738503820688,-0.5627567899941485,-0.1882883772904387,-0.571748549255274,0.127314971606275,-0.549329120394218,-0.3310456893313143,-0.45491531774307964,-0.2930185501705077,-0.3614225310741706,-0.1809199190232836,-0.37340548591811995,0.069303685484689,-0.28878253747089505,-0.2945205909436788,-0.24372015784314083,-0.25854512846149197,-0.1942605257671361,-0.14728292851032646,-0.20712303022353182
0,0.0,0.0,-0.22813949681802193,-0.3406899799271834,-0.3755853206120841,-0.6071064422911029,-0.4805421806868079,-0.68071163058415,-0.4411705576625286,-0.4892484842983583,0.06831819420347653,-1.0,-0.336316920789628,-0.9398651118521699,-0.3260121321669876,-0.7506967975738943,-0.22041840132165022,-0.7305980932544621,0.12919792786795425,-0.8107533671654205,-0.35357256320741687,-0.6960096367870451,-0.30308953596910776,-0.5625713653267367,-0.19074713772711357,-0.5718771827406219,0.12579500298118437,-0.5667183164983938,-0.3280605392609448,-0.46230673708345954,-0.2909832567051252,-0.3643842924434554,-0.18002634321649066,-0.3763391776780973,0.07052127225381635,-0.30971794014332293,-0.2880253385106596,-0.24859210925799066,-0.2529835191869813,-0.19426180582601582,-0.14516524641917894,-0.20960208438775288
0,0.0,0.0,-0.3598571571081589,0.21554593350368034,-0.7323098476242779,0.31657099228704727,-0.7520376515578445,0.3319817962872639,-0.4658680386197972,0.1381091482209183,-0.7947209174982542,-0.784935862856187,-0.59561966083453,0.028105658900084176,-0.47596020576973647,0.26353709098676337,-0.4868634984369208,0.10103028623030941,-0.4459108078481984,-0.9788562839793127,-0.22522948855094735,0.06641093802614798,-0.20233501342510019,0.1909841932168939,-0.298096033137367,-0.09650070345463091,-0.07970956304787456,-1.0,0.06746223568902905,-0.018729361567548706,0.0517226833588728,0.0650912980868851,-0.030367400943873628,-0.1796200139776123,0.24961088191821745,-0.9241167829071778,0.312553408898015,-0.20165196035794652,0.3008677416717695,-0.12145305019350992,0.25317745280159937,-0.30176802420075605
0,0.0,0.0,-0.39002205790893457,0.2545494537229745,-0.786272325448526,0.40848929337371065,-0.7866283512085266,0.5073450323440758,-0.46959157409970226,0.34776160809664053,-0.8580649839860446,-0.7484801269910588,-0.639819592270463,0.16668568992557556,-0.5042618236491072,0.3957312767509576,-0.5102985733836487,0.1986185111944008,-0.4730218438772614,-0.9678432218794478,-0.21966725358623115,0.2060207733987285,-0.19553818400288533,0.30559752856650485,-0.29134337131741855,-0.014944437409662866,-0.07177408884859765,-1.0,0.0983962992530983,0.09776012732403258,0.06899599935262223,0.1578487591685838,-0.02641858416047157,-0.12781292767314273,0.2858928474520866,-0.9300684725262253,0.35090853003463085,-0.12234063244838626,0.3290811413763245,-0.06375550507232654,0.27469596536688984,-0.29160270662821036
0,0.0,0.0,-0.3919724361532405,0.19268476214733185,-0.774232814285015,0.3539176685220107,-0.7275076803609251,0.5316623345808302,-0.37907789209248455,0.45369242218216,-0.8120303945668758,-0.7956178594213948,-0.6029623004827656,0.1492941036896429,-0.5033076782038699,0.3679494784489446,-0.5158856329339186,0.17629213828051174,-0.3935089231565682,-0.9957885986359115,-0.15431904671434865,0.2568070439466809,-0.15673760336235126,0.32046472924394387,-0.24524887853871125,-0.0248067983742441,0.029513160940376506,-1.0,0.19162017244826593,0.1694881225074605,0.12964764503499823,0.1606538200202929,0.030034172732001655,-0.1806832389345143,0.3984973621703957,-0.9020600706684465,0.4519458711889605,-0.03479429575051832,0.4028363616452358,-0.018618041111812617,0.34643866040235716,-0.29107070412088804
0,0.0,0.0,-0.3782129953786814,0.1794897736498718,-0.7740704477252527,0.33523130422858594,-0.7328225662825183,0.5356796398598972,-0.3769139759142928,0.45042295893155315,-0.7729710973185984,-0.7969583077963743,-0.5897324284122045,0.1329230697194516,-0.5038442982694512,0.37639858224935385,-0.5080584190859538,0.19989080075820728,-0.35252726009403174,-1.0,-0.11134208878249534,0.32043572671426507,-0.13780241960770215,0.39747855104479257,-0.2386991744838329,0.04240442348904119,0.07356818138111121,-0.9977971185112782,0.24055104646486267,0.24809532608850154,0.15714122070705255,0.23540848125259725,0.05095239966588042,-0.1235643769664852,0.44338370489782847,-0.897617433082019,0.5026188586923349,0.016524035957153092,0.4332975746229658,0.0420505711220682,0.3674940780732772,-0.22491331369530737
0,0.0,0.0,-0.36743365308232073,0.1723355299392259,-0.7475590796163012,0.2673762449299949,-0.6757415117398291,0.41319448599452796,-0.31398853493842965,0.3311192380517557,-0.7208981936529473,-0.8238207932880021,-0.5432596968690004,0.07040767765767375,-0.42523731106473867,0.3674324257567766,-0.3987752518395309,0.23348917299429692,-0.31942282561637053,-1.0,-0.1070135825049653,0.21009757544907073,-0.14713915018138338,0.3248767535030172,-0.2569804907399822,0.005695404187450658,0.07926651343507249,-0.987009372778349,0.209331724309545,0.14003354894374828,0.1237398818515065,0.1603246153331621,0.020911172620576297,-0.16903893352774169,0.4193433869705279,-0.8765095720653342,0.447323954725188,-0.054026563620413984,0.3874685152644012,-0.013938736204477345,0.3368287564829636,-0.2601212168073642
0,0.0,0.0,-0.3922924138091479,0.18077953449718193,-0.7981428484186779,0.30665813204982345,-0.7352786745192896,0.4965806064080066,-0.36375691593154685,0.4183883726723809,-0.7570639194764717,-0.810133909689235,-0.5551996593046441,0.1459319313684974,-0.48203352217411716,0.3712658493295468,-0.4913409289699943,0.17172997566600223,-0.3337176280442943,-1.0,-0.11437108199532965,0.25046860151729633,-0.16862610655712545,0.2750943746169035,-0.27310784668838234,-0.08774197884418843,0.08453051152447924,-0.9934550884098632,0.21776843895675618,0.18632358885592729,0.12360029429564692,0.16373378070062913,0.029555903732882433,-0.1833328109596371,0.441743323660265,-0.8829467175598664,0.46305810917308676,-0.027831424299811912,0.3916410084246491,-0.009612753069860966,0.3437210304742044,-0.270071186071557
0,0.0,0.0,-0.37168088313533576,0.17295166717524646,-0.7688712412230377,0.27303700084319676,-0.7110249641379953,0.4486960236031721,-0.33845176904964025,0.36665212223533017,-0.7176618511607185,-0.8087475406760848,-0.5283063469173253,0.13281695849006622,-0.43319051905875033,0.4051004373786182,-0.41510123906513846,0.23927871027968087,-0.3050204905370888,-1.0,-0.07963852493482733,0.2407600875454355,-0.13521758184094476,0.310170296595494,-0.24770497429057872,-0.03172302079283311,0.10544364159605964,-0.9905987204069145,0.2407981122025244,0.19692557972550634,0.14016363911178203,0.2094144614742096,0.035062536301664816,-0.12307440759960797,0.4513621858093881,-0.87712934118796,0.47470964213410854,0.0041034942441759694,0.4012022762827222,0.05352857727259908,0.3442717596892372,-0.18755345236952234
0,0.0,0.0,-0.38270553401678353,0.17523738408713838,-0.7803362027613694,0.28883291622746987,-0.7244514927474243,0.4714350921050742,-0.36089448192418455,0.3997575294855472,-0.7013228906009116,-0.8181024213652859,-0.49888259944913305,0.16852023446130743,-0.42464157427063215,0.4317924214895221,-0.41509893645668744,0.26947044846235,-0.27286742358298427,-1.0,-0.05966472013678254,0.2730429678468415,-0.13197024072959293,0.28994684784297564,-0.24624277997575617,-0.0667694224480777,0.1443377213483284,-0.9855998846054619,0.2679066846707101,0.23025986198154946,0.1523369249453078,0.20253225827530666,0.045058404770544444,-0.14602991642124621,0.496081958518955,-0.8682114346758328,0.5077214467493414,0.01350270988390038,0.4091081657608981,0.03511337045470644,0.33768165725401983,-0.21735703589638178
0,0.0,0.0,-0.3830224801089596,0.16810376073589264,-0.7714364181277913,0.2751971540204411,-0.6909432895781008,0.45538610892450265,-0.3158676453447062,0.3978141012028032,-0.6763241133857162,-0.8344931317431146,-0.4812729627151769,0.1222423585353041,-0.4464145032548975,0.37534165646101547,-0.4760478822009718,0.1864621172082448,-0.2582662581212767,-1.0,-0.05488378331340105,0.23725608227537853,-0.12588637477705908,0.29172823322214897,-0.23839932810356912,-0.07761872751629843,0.15124375885177244,-0.9778218292891279,0.2625125541484974,0.1946954032256777,0.1554236316576905,0.19016137968694863,0.052597291657019866,-0.1651019420808671,0.4965525390116672,-0.8600082709684218,0.4999231981503688,-0.003922802165780225,0.41347561102178393,0.027662397590880856,0.35282993260278434,-0.23086859538837626
0,0.0,0.0,-0.38034124046606493,0.15115490639685883,-0.7485308412261625,0.22740599666331293,-0.6628476146826404,0.4039077340900224,-0.30548672598690035,0.3631769618861716,-0.6629979542858048,-0.835987101227246,-0.45651290029441,0.10676576907228291,-0.4153518038013399,0.37112578798950907,-0.44376111950050734,0.1961380981857601,-0.26451461915691743,-1.0,-0.06026426902389426,0.20753225758347651,-0.13729931641130239,0.2750368697225169,-0.24888264807081423,-0.06863398514985572,0.12781513950236983,-0.9731549465685746,0.2450827689511591,0.15877657648116464,0.13516138986832807,0.170482066676527,0.03524611566897776,-0.15122216358774812,0.4547587353700393,-0.8479094273887107,0.473835735419341,-0.019729790431462488,0.3950739129138067,0.018072707153669595,0.3410265212450554,-0.21590836466422836
0,0.0,0.0,-0.3734707917240974,0.15201468676477428,-0.7599672430550625,0.2263503671079143,-0.704854846093771,0.38073766779365575,-0.351883157103581,0.33021014143263894,-0.6622031860902946,-0.8305002533889239,-0.47204000117513706,0.08302496186925132,-0.43163517870651685,0.34649129786541255,-0.4521933443176004,0.18825787158200374,-0.25603053397737374,-1.0,-0.048599567157857626,0.23267682752170943,-0.13770953550260367,0.2785175768674274,-0.2593236719115318,-0.05877123509350908,0.14232898695842708,-0.9723659180880521,0.2571952661562981,0.19290455928688768,0.13768811373367967,0.16728932608339067,0.03204604823447901,-0.16159756208028633,0.47019987122456625,-0.8436302676129784,0.4838966442492955,0.005784795685288509,0.39916222521990974,0.005034727747678492,0.34094367176463963,-0.2521632926360527
0,0.0,0.0,-0.3865870172644027,0.17696059785929177,-0.7821533913137201,0.2533150523208343,-0.6992079968568021,0.4207479883471078,-0.3121995679982855,0.3583433542608315,-0.6661179438623359,-0.8331817922619432,-0.4749289866633413,0.11514781990779702,-0.41893294197929976,0.3761125109426022,-0.4310996743381331,0.18979281588793773,-0.24820672917553094,-1.0,-0.05693912936677973,0.24210957704061906,-0.123233596122888,0.29656598114958577,-0.22184547573139193,-0.06457717534544785,0.15488802984283384,-0.9685794575477167,0.2525164068536251,0.19027375774441715,0.14052275089969024,0.18741693178521232,0.043976884712440635,-0.14647515050190277,0.48924131500469664,-0.8417110689316574,0.4862644885692497,-0.005695479522529698,0.3917987350759199,0.009663328167777586,0.3232038936551393,-0.24545674437141368
0,0.0,0.0,-0.37429253047339156,0.14539958813889156,-0.7413389067294772,0.19324416518858087,-0.6607768000792374,0.3389659178414558,-0.30667154758392345,0.276432137393725,-0.6308793338057413,-0.848159668928761,-0.44206125950741193,0.054892637551885344,-0.4040743172097736,0.2975580379371941,-0.42859118656786754,0.11262331970602413,-0.2395336616214705,-1.0,-0.051854101731162255,0.14871923122856015,-0.114911137287186,0.21012678447298905,-0.20900325446096707,-0.12869618223063414,0.1417152248506018,-0.9698382089810775,0.24045400322374297,0.11556385757691229,0.14413011010983712,0.12702302457336054,0.05557832351280993,-0.18857682552274188,0.4611945350709039,-0.8508580589603016,0.46635366261343747,-0.06616839554130306,0.3892430617376595,-0.04177919323712252,0.33136043780808855,-0.2810095706835687
0,0.0,0.0,-0.40584676673610615,0.1793795463900001,-0.8097395744386146,0.24420332569682784,-0.7167721113035759,0.4096977061364608,-0.3193342625158285,0.34440644992212655,-0.6898388306466527,-0.8331217619944422,-0.5110221453412463,0.15839345343449932,-0.4519890985014768,0.4085682063761017,-0.4543519817794186,0.20157541291826,-0.27347304649349036,-1.0,-0.0826769899838744,0.2546899187896598,-0.13453135440022476,0.3023747669501696,-0.2238443128758408,-0.06428169497367885,0.13452002162670945,-0.9703267065464868,0.23549503364810637,0.20626718115359766,0.1356917044884866,0.20530263620773917,0.0451352889188298,-0.13086268377390803,0.47927999112266073,-0.8414988852171053,0.4741084688085084,-0.008462748622556469,0.38097195846853305,0.013259345012910704,0.3155834292815258,-0.23161041072647012
0,0.0,0.0,-0.39312140025247544,0.16424002179573158,-0.79647650055229,0.21953744477099688,-0.7516020109274527,0.35961354491301434,-0.386701028640183,0.2996762076413271,-0.707104138723421,-0.8411836389009428,-0.5503881440096257,0.08930702394571778,-0.5181673216892185,0.3395958050613436,-0.5363747090615014,0.13514956211290385,-0.30283276707167933,-1.0,-0.12211003146080714,0.2085575984259734,-0.17925016765947374,0.28558664789538046,-0.2743963026154878,-0.07228034143358712,0.09420397500887609,-0.9749666530237879,0.1979944351848199,0.16264787319026391,0.08824959811037911,0.18420968282772496,-0.016755468657540733,-0.1437220773008797,0.43267146879561325,-0.8568400750522703,0.42887016006548584,-0.05339091285652294,0.3245486754901574,-0.001575814134679869,0.24608465817192,-0.223580688587321
0,0.0,0.0,-0.39147305861301096,0.1573272347293951,-0.7697175959646677,0.20781846385493455,-0.6756349114342627,0.34517247847278154,-0.31117178411220164,0.2909077608322291,-0.6540592509944214,-0.8422639177806942,-0.4692985764096661,0.06084285459282342,-0.4294098736139806,0.3202027037137409,-0.45191991304924806,0.13982463238867143,-0.26191813104854345,-1.0,-0.07568137343736751,0.16199580451437157,-0.13735885126098088,0.2622996212757281,-0.23195452225377292,-0.06718188000016323,0.1224154377184708,-0.9734806856969429,0.22253848494269862,0.12392205205467402,0.11901950965809618,0.16270316357270131,0.023544476485525816,-0.14039051963533525,0.4478471572403263,-0.8518211246132386,0.4523899743038219,-0.07055392713506432,0.3568810846293144,-0.01768941768176974,0.28330002347283373,-0.22837208114254812
0,0.0,0.0,-0.3875857081441864,0.15594935356081968,-0.7740693243174316,0.2066889999684249,-0.7069045606569561,0.3384406036185049,-0.34694280294474117,0.26512780623583676,-0.6318812436698024,-0.845291334824649,-0.4343969887082632,0.08944554147630533,-0.4208142364779691,0.35336226097052104,-0.4525778629495503,0.18172130371104422,-0.23060955705010966,-1.0,-0.043458856447511275,0.18744580622126364,-0.13519419892790435,0.2582644753556448,-0.2399390843710607,-0.07332372722039654,0.15821729488945077,-0.9670466910523491,0.2538063159888953,0.15548392463755445,0.12979850236934593,0.17024952819533806,0.02832315643998183,-0.13852749582844526,0.48191324380581807,-0.8398145753029387,0.48525989939691583,-0.03644645472496885,0.3845189778415756,-0.00744018342696561,0.31210121272621727,-0.23697284785422998
0,0.0,0.0,-0.3857798805439438,0.1580070086763593,-0.7673795337834363,0.20229449664626756,-0.7089550901063056,0.29400647971965294,-0.36631809399266807,0.20275410125112955,-0.6501509730599411,-0.8522410867121667,-0.47778690391354495,0.03230955721915705,-0.428811390201077,0.30825774884841717,-0.4520317080158981,0.1309214866622097,-0.26933064936782325,-1.0,-0.1022787748774951,0.11002945994989605,-0.14539462374280948,0.24145698186119294,-0.23877076338738,-0.07680216284519935,0.10268754086557888,-0.9716608505917703,0.18779020989295972,0.06653540703953217,0.11055929825076956,0.13732039348501657,0.022366052734044975,-0.14043330370196228,0.4206490004922236,-0.8574026756393397,0.42254913052741394,-0.1201342962304488,0.3480814299462962,-0.02736293042015325,0.2813032905515108,-0.19676219722738528
0,0.0,0.0,-0.41261126834919565,0.16286179016781296,-0.8312344493163809,0.2121519579807697,-0.787092810390423,0.336956428756483,-0.4172193422396895,0.25245114213508135,-0.686661057422045,-0.8460552590028987,-0.5057442819922473,0.08883839754024236,-0.49977850205061275,0.32047178757705075,-0.5320130222463375,0.11913840047318072,-0.28023217873326395,-1.0,-0.10573273354743784,0.20052132979425438,-0.18161823652192616,0.2555832758966237,-0.2748233515664335,-0.08823103488730184,0.11216931119942515,-0.9691448773787352,0.20343929795232019,0.15840311282525063,0.08746602679728019,0.1689073093712269,-0.012248378329496072,-0.1502394621968686,0.4432311448724905,-0.8399797993870158,0.4399309781838268,-0.05002401343285771,0.33345126189673124,-0.006358365962272636,0.25694403709189384,-0.2203922927268017
0,0.0,0.0,-0.4059228925442043,0.1523043896842192,-0.806728174018916,0.21100754779737665,-0.7596953417869071,0.3325473778002908,-0.39678101012628486,0.2459568858584456,-0.6651628032583538,-0.859930762271083,-0.49769812777397193,0.08283139285621652,-0.46931493096824495,0.3218242264918991,-0.4894155377519556,0.12565534013911628,-0.2625315254423479,-1.0,-0.10105351810967879,0.16765600230690714,-0.15510197231406284,0.2461268524296523,-0.23777011182091565,-0.08201970330610918,0.12516619038392,-0.968061236789066,0.19864759094508433,0.12203813415153267,0.10810331648416366,0.15486945072113734,0.02305442439462759,-0.14944760864357826,0.4571975655416426,-0.8486960329436105,0.4373898993474443,-0.0857247914705465,0.3477552664462492,-0.01413407829752694,0.281573884346445,-0.20769213164628034
0,0.0,0.0,-0.19025747570961019,-0.3415136413057395,-0.3477389296102949,-0.6437868577554496,-0.4741081296936217,-0.7883026521319969,-0.4251769829740614,-0.6652407445984637,0.11397935377424108,-1.0,-0.32686777681424417,-0.7747316793467842,-0.33377822747805574,-0.6215772160676802,-0.2370983581710456,-0.6335914342247595,0.20941001292119318,-0.752499371934504,-0.33106975990942017,-0.5094438211850817,-0.27477086855748406,-0.43030912587816705,-0.1567497489468224,-0.4925158123707102,0.22954565430583018,-0.4506899377332753,-0.2943123565225034,-0.23973069658865273,-0.2435106819580141,-0.21186119856351213,-0.13379213835019824,-0.2647372194727295,0.18566187029945747,-0.14278731660660537,-0.22145416367629053,-0.029787952631058063,-0.1805518740574692,-0.04487259786575386,-0.07231975212348425,-0.11442989993169139
0,0.0,0.0,-0.20817774042053128,-0.3561000056365092,-0.36477222627978984,-0.6452679121365281,-0.4820460153711522,-0.7959138373575909,-0.4310357775291962,-0.6961712095625167,0.10647246650406501,-1.0,-0.3372815575973758,-0.7904862706726637,-0.3421195896961888,-0.6313169558967848,-0.23442139530337447,-0.6371395890865602,0.1993285912865017,-0.7631972221375516,-0.34253594211185867,-0.5191042752496454,-0.29380653218625546,-0.43166958680981926,-0.16802791485431326,-0.49007318777289605,0.21444482342826113,-0.4737055143621149,-0.3089583543709085,-0.26997244240841395,-0.2685628042501663,-0.23228326813316943,-0.15780420674307002,-0.2776159575535098,0.1661898338830491,-0.17599310268374466,-0.24582332115041322,-0.05394701238618636,-0.22074902906446378,-0.061548466571498775,-0.12381792951434577,-0.12592336152552888
0,0.0,0.0,-0.2107642912424128,-0.3586659321778473,-0.36770133663910065,-0.6373957546659764,-0.48413223182714876,-0.7799028192961679,-0.4369089145884294,-0.6786489379002191,0.1019016392326011,-1.0,-0.337173449761731,-0.797792446741756,-0.34369632349748364,-0.6428390320073085,-0.23917930240022886,-0.6549013931731705,0.19652673065347084,-0.7640852847094923,-0.3469904547672099,-0.5240526073359767,-0.29869775813464816,-0.43390051876820435,-0.17230256284945336,-0.4943488918385748,0.21230246067944758,-0.4737716823909144,-0.31218300691435513,-0.27312954390458005,-0.2730318012657161,-0.2319364706904053,-0.1622440960636451,-0.2788137721762126,0.16586670390195765,-0.1765540270733487,-0.2451625482221142,-0.05620082536336337,-0.2247706070516035,-0.060350630431506506,-0.1320739744898524,-0.12483148334671476
0,0.0,0.0,-0.22096811675973654,-0.3584762282581469,-0.38496897876935116,-0.6342488207468929,-0.5096522415050392,-0.7746118005531717,-0.4644439559761591,-0.6886405589654988,0.08089724137105024,-1.0,-0.3603203635812484,-0.8158663364651695,-0.36551292889480524,-0.6531363440883193,-0.2592165621653778,-0.655497478380611,0.16788162860534617,-0.7665636775997875,-0.37487388456395315,-0.5430112553260588,-0.32480201739891096,-0.44478799983352635,-0.20005533612300233,-0.4948760662996031,0.18325131862741253,-0.4778636982194297,-0.34218076541525055,-0.28503824801457317,-0.29617836946969434,-0.23554731535791107,-0.1849363906009932,-0.27479529210398673,0.13915561488022987,-0.1805182897432833,-0.27591838619805764,-0.06295530914427279,-0.24512161926834478,-0.06560768618920836,-0.14349202990080773,-0.1338930823728426
0,0.0,0.0,-0.22918942910740006,-0.3644376261665395,-0.39262322785675957,-0.6366494401638645,-0.5194472873940145,-0.7707900031378789,-0.4834224329043977,-0.6867008120201415,0.052809352209923145,-1.0,-0.38271077994913544,-0.818783821749813,-0.3857615483405754,-0.6551007902079512,-0.27963677345162613,-0.653908033272405,0.14112538976111244,-0.7701846370798074,-0.39004275241150443,-0.5466359579142257,-0.33839089812903433,-0.451522018170315,-0.21865510908644514,-0.49792909499891586,0.16021779696705124,-0.4860058466003273,-0.35619980830506925,-0.2923673494325849,-0.30815768139528193,-0.2380209464433815,-0.19710649715495238,-0.27452629133740614,0.12144464106718647,-0.1898296601022978,-0.2917817733569972,-0.07220491775015381,-0.26628173278321216,-0.0696460470892695,-0.1700832328638844,-0.12999737026564637
0,0.0,0.0,-0.2278357388221322,-0.36262464047931464,-0.3878138202832356,-0.6342977998932354,-0.5137077853234403,-0.7704801776313495,-0.4754391270772199,-0.6907222688190188,0.05946903419338346,-1.0,-0.3711089044407066,-0.8263582256781647,-0.3810713157233722,-0.6565394264174784,-0.27977965937994087,-0.6454497221232154,0.14719392396436917,-0.7736577487339807,-0.3831641008338489,-0.5618396146738688,-0.3431574539700828,-0.45144065801551697,-0.22696074553884119,-0.48632503763713764,0.16518639113776637,-0.49410159400465914,-0.3482663520690163,-0.3083921968424655,-0.3063456895354146,-0.24175353110352593,-0.1975253201716975,-0.26862927974340844,0.12719968469389933,-0.20124125638751525,-0.2801255431107305,-0.09131159093575518,-0.26277119542679317,-0.08068792126191686,-0.17249451329505588,-0.13421951327577347
0,0.0,0.0,-0.22801721643870929,-0.3597247332163953,-0.3855081954490914,-0.6320447328608462,-0.502475809628423,-0.7680533679173192,-0.45463616773472415,-0.6760941873451364,0.07263987416297464,-1.0,-0.34958064438655945,-0.8222483641964466,-0.3585977451863483,-0.6551304664282608,-0.25895015757405443,-0.6470848009348206,0.16525784616057845,-0.7739026631395514,-0.35985738037418635,-0.5528468584289876,-0.3204946781738076,-0.4548325744155256,-0.2056147182961541,-0.4995280000458111,0.18353443650983106,-0.4929423079733677,-0.32555851760989307,-0.3031843950191334,-0.28936994565825425,-0.2442210240104176,-0.18516278293395172,-0.27160992710132714,0.1443930978008691,-0.1996033747419812,-0.25637601640243646,-0.08340737044701665,-0.2518145609827787,-0.07876933522492283,-0.17931348771171943,-0.13315398617102098
0,0.0,0.0,-0.18764990622002753,-0.37172025845757284,-0.2387276223212109,-0.6933711170804184,-0.22258737764833345,-0.8956804986854873,-0.17411213582657334,-0.956559389375164,0.039284507773453076,-1.0,-0.3689217747428333,-0.9243095118615383,-0.3554499134981468,-0.7224677416105229,-0.23934876138436076,-0.6884207465132577,0.0935714683980469,-0.8166140408664835,-0.377947892102038,-0.6961706940748769,-0.3289222620332223,-0.5489355906748238,-0.2127234956588205,-0.5399585147201524,0.0908844992146347,-0.581096912531219,-0.35522360459633534,-0.47405655036200833,-0.31631846488533916,-0.3617598554871631,-0.2087003824761005,-0.3693005180740222,0.05412328103239341,-0.32579048418703643,-0.30934365264441716,-0.2722606978591865,-0.28334202490709853,-0.2187424690597935,-0.1853816631689525,-0.2389250374018801
0,0.0,0.0,-0.1782945480406987,-0.38317607525740216,-0.2284162936918421,-0.7113673415914662,-0.21187612234517889,-0.9015415663652986,-0.15927401154200987,-0.9403686151947254,0.061063913242737335,-1.0,-0.35652068197695685,-0.9212459293607858,-0.3371064891485794,-0.7317479819411928,-0.21644665634321422,-0.6977458574866576,0.11108877823104088,-0.8022465933707834,-0.37077503586629085,-0.684681751740785,-0.311853663646066,-0.5501365293886548,-0.19150885026873374,-0.5431804663419906,0.10605711744169624,-0.5573785162097391,-0.349438013518627,-0.45796999152923296,-0.30230462740420533,-0.3597462104090723,-0.19182103876830706,-0.3675001234599356,0.06313804016080932,-0.2921818563278643,-0.3060283992452116,-0.24951268712043934,-0.26635340870523083,-0.20329778001735674,-0.15542080336087827,-0.2242782626529134
0,0.0,0.0,-0.17755622829418857,-0.3934226294618145,-0.22297724188438536,-0.7232478893816149,-0.20172611038929716,-0.9088694916556509,-0.15410849185787054,-0.9385337143505394,0.06903043146317615,-1.0,-0.3517404008914005,-0.9256794116366953,-0.3377327234585938,-0.7405424608606009,-0.2191927335428645,-0.7092752507829923,0.1225435302521052,-0.7970318179325611,-0.3635618436208974,-0.6902070543700576,-0.31103046068839213,-0.5602400050154241,-0.19073900043790687,-0.5536393485793638,0.11325054007727713,-0.5476700196578859,-0.3446627135110216,-0.45787695775557885,-0.3019115648107659,-0.36212053767483865,-0.18874508651056734,-0.36629990068140317,0.06625435019696381,-0.28372216749914014,-0.30572215587190366,-0.23823406161209748,-0.2682753838677122,-0.1943003915393314,-0.1581498992751361,-0.21451622761540937
1,0.0,0.0,-0.14412614431313042,-0.07934397260606654,-0.2766572778986579,-0.24116126798858112,-0.37212351508998054,-0.3684705476517216,-0.4610132317007346,-0.41952018970386895,-0.17686930311782498,-0.4994655500781893,-0.23174682604409588,-0.6863337437263609,-0.2633017152419559,-0.797928328634738,-0.2864720835021207,-0.8984835735086348,-0.08520820524636426,-0.5344315788286611,-0.10668839873300531,-0.7512536749719977,-0.11857568054686045,-0.8840767988838483,-0.1290832144821961,-1.0,0.005239354624637779,-0.5212579486060527,0.0019938634302284204,-0.7251896077086569,-0.0012695963996469724,-0.8497321854432435,-0.009707929657097136,-0.9609771306531772,0.09548617114629272,-0.47425883005185027,0.12111983343823617,-0.6224060180703641,0.13441999280225128,-0.7212230314295299,0.14279365768935234,-0.8180280723430366
1,0.0,0.0,-0.143813501396288,-0.07827737030942902,-0.27538055807542905,-0.24126172598882875,-0.37010376368509623,-0.3708326686013681,-0.4586099437040253,-0.4242298661069974,-0.17661600044538991,-0.5007099571312211,-0.2314015793563648,-0.6884034877024197,-0.2629207753340073,-0.8002638186664222,-0.2862758619721697,-0.9005990307155292,-0.08501613836655121,-0.5357922723914865,-0.10428935747359123,-0.7535540664519875,-0.11545881944538663,-0.8863961921034054,-0.12524598201691453,-1.0,0.005063503150712554,-0.5226395153484077,0.0024756567746752793,-0.725858673851542,-0.0012020849113407407,-0.8508672705317964,-0.009253536802914497,-0.9614180990178498,0.09437653132022084,-0.47554037445501723,0.11988614486493972,-0.6240097443078281,0.13333645231029642,-0.7226003565926362,0.1427995843651299,-0.8179277860144761
1,0.0,0.0,-0.14393667146429717,-0.08358530511149737,-0.27394995041711256,-0.24358773858157945,-0.3684352203302034,-0.36922974270492814,-0.45673906504939343,-0.42625891775903757,-0.17438897028750786,-0.5010582183887073,-0.2284615352626309,-0.6879226945242297,-0.2600844042182578,-0.7994012299210099,-0.28388026523515575,-0.8998180364335515,-0.08266499737845931,-0.5350177419500292,-0.10270570753866884,-0.7518568876618534,-0.11452326998757145,-0.8845041363150693,-0.12536632298885822,-1.0,0.00768421445618602,-0.5210673420324905,0.005085896400805232,-0.7254308417194522,0.0019624758726441,-0.8520086197547401,-0.006194228012688995,-0.9655175700698506,0.09715376984372665,-0.4730863021660547,0.12207113909622472,-0.6227069579161534,0.1352559865209681,-0.7222424258594138,0.14365276662138798,-0.8192725597231638
1,0.0,0.0,-0.14219990429172963,-0.08421385175390889,-0.27207719378311557,-0.24461074009184913,-0.3650144507355561,-0.3719361512442658,-0.4524153738933877,-0.4282612383138265,-0.17188524060410537,-0.49998877726034957,-0.22550035103143043,-0.6865965723746548,-0.25733849346036264,-0.7980153716535062,-0.2811693394752751,-0.8989622115656748,-0.08039289388258028,-0.53384813276711,-0.10156845369546617,-0.7502550315088332,-0.11359409753890685,-0.883730783974861,-0.12406685019695791,-1.0,0.010007137289104073,-0.5196159256508665,0.008419621268701553,-0.7226359858896798,0.005756868794974079,-0.8494021266275014,-0.002275346300847352,-0.9625710199930424,0.09984626479925879,-0.4712544573058752,0.12532482365016223,-0.6204666839790842,0.13813731920248085,-0.7200977801607629,0.1454327999382166,-0.8166678449376694
1,0.0,0.0,-0.14305846425955607,-0.08376927798139612,-0.27313364753701713,-0.24325548351315573,-0.36640029494669973,-0.37142651682981853,-0.45354724545174846,-0.4287361025323555,-0.1732983254900401,-0.49992170834350597,-0.22739185202290085,-0.6874616634028842,-0.25886873074088124,-0.7992954961851331,-0.28173818468987794,-0.9010369243199594,-0.08158195534273721,-0.5348937203571068,-0.10325146506929953,-0.7503439756270296,-0.11472349818112787,-0.8836875677600082,-0.12414187733611637,-1.0,0.008461087835786673,-0.5213917862597723,0.007646034897865484,-0.7235504376647979,0.006368497635741012,-0.8500390619942305,-0.00012090728153390914,-0.9627874773217342,0.09748992571281502,-0.4736506426017086,0.1230278164061121,-0.6210722016740908,0.13640362688310995,-0.7199421284469404,0.14533362631769609,-0.8161187477172696
1,0.0,0.0,-0.14270019470151607,-0.0813656022872562,-0.2718747236723342,-0.24209538353677537,-0.3648027560376842,-0.37052330643697706,-0.45176628180537226,-0.42706284337622774,-0.17187066391492972,-0.49880672792636677,-0.22600669470679932,-0.6867899479665157,-0.25735108059063355,-0.7990069258719812,-0.2795895603801787,-0.900754966575591,-0.08015953919714312,-0.5332853762903865,-0.10179823154001429,-0.7496584427845784,-0.11349125975013769,-0.8841770213652612,-0.12244617623684959,-1.0,0.00955711383504149,-0.5191675235720823,0.009469245113136541,-0.7219381318924346,0.008526788188738307,-0.848492819698017,0.00263708123092586,-0.9611994247379371,0.09840889023843381,-0.4714519342334131,0.12450506644747684,-0.6195241704794091,0.13795973276785917,-0.7181322483585325,0.1468295611884226,-0.8145328563211072
1,0.0,0.0,-0.14126304345933252,-0.08530302508885675,-0.26979574708467285,-0.24661557522057032,-0.36093442496600914,-0.3733308566637132,-0.4474100904661626,-0.4278244986575262,-0.17055804627622173,-0.49881010674694837,-0.2240901360320924,-0.6863965465937985,-0.25550007465481994,-0.7973798162206105,-0.27829409613283423,-0.8986145622553247,-0.07968233026601303,-0.532513452494496,-0.10120576863160641,-0.7491462146781465,-0.11280493015731781,-0.8836832757862378,-0.1223071227884978,-1.0,0.009909903310836457,-0.5180469562002176,0.009489109034228302,-0.7208996502395196,0.009099273127872029,-0.8474006186790736,0.0034598742896677958,-0.959570257280181,0.0984595032038458,-0.4698482749622937,0.12441312120768602,-0.6180623939232405,0.13804512357526424,-0.7172654969101749,0.14689378132490677,-0.8133720257678678
1,0.0,0.0,-0.14109863948342782,-0.08646970222028798,-0.2696417976286092,-0.2441549251025024,-0.36226321373920023,-0.37056657280311633,-0.4478173399547652,-0.431427578150457,-0.1703547702313388,-0.5010001788111718,-0.22592542170250401,-0.6891190446458985,-0.25779897486520814,-0.8009018880834177,-0.2802433789991451,-0.9021868717133288,-0.07925666644253695,-0.5358688190999887,-0.10147903439011721,-0.7512750455709877,-0.11341486482392642,-0.8854656719494777,-0.12239005883774216,-1.0,0.01031212155021897,-0.521996822037812,0.010720634883104044,-0.7237139726891796,0.010022107563047562,-0.848656801142027,0.004523756394161889,-0.9589349892085242,0.09885551613992491,-0.47355035492539804,0.12521187646069146,-0.6202157851842384,0.1378106751747288,-0.7186556761833125,0.1458017612161524,-0.8140126446098407
1,0.0,0.0,-0.14011718732382947,-0.08419673870554957,-0.26814950666034537,-0.2435776473937413,-0.36074232935324235,-0.3708662825464225,-0.4487056259616467,-0.42820221619727583,-0.17002019452311573,-0.49860057596867396,-0.2247614251013845,-0.6863700636926846,-0.25668968313991564,-0.7975993543201378,-0.2794818546121351,-0.8991657207243152,-0.079131862845124,-0.5341434336690313,-0.10065351247654472,-0.7504676328486408,-0.11266833793119761,-0.8846462994762825,-0.12205357710711823,-1.0,0.01055378056180738,-0.5202581688599367,0.01101241648854602,-0.7217651969976144,0.010242684950252774,-0.8483763708340685,0.004454189652536575,-0.9607068294782789,0.09924861205797386,-0.47148463569645427,0.12539095192219812,-0.6181753285165056,0.13807150357755352,-0.71685398212047,0.14563609710490558,-0.8123159255089841
1,0.0,0.0,-0.14138694280588204,-0.08685527576486465,-0.26950451452281854,-0.24556532132423553,-0.36196798043262945,-0.37158536583126156,-0.4495505311954142,-0.4282677282922646,-0.17054653797817182,-0.4991721737239584,-0.22456920434829641,-0.6872228985838891,-0.2561135636236146,-0.7984312347715319,-0.27884439675936545,-0.9001911943526729,-0.079641938276024,-0.5342845882163452,-0.10119820392460362,-0.7504513788197319,-0.1131953947330965,-0.8842745239057679,-0.12268477238588256,-1.0,0.009851454081674819,-0.5204509362104528,0.009934466278407113,-0.7220899955059548,0.00915907359123068,-0.8479030604870575,0.0034255387023246903,-0.9594359615080524,0.09832473306160919,-0.47195262133968097,0.1243878998336634,-0.6185539973219384,0.137143495213851,-0.7172869042933651,0.14497538376152874,-0.8127495531207352
1,0.0,0.0,-0.14159682946074095,-0.08362544128173735,-0.27114851299994686,-0.24179848878009097,-0.3642380958192372,-0.36882440700809493,-0.45186662645164294,-0.4260382307604007,-0.1753720356139699,-0.49833957036297116,-0.23118634717683834,-0.6861919660549475,-0.26395210974260336,-0.7971217965581653,-0.2878927422373274,-0.8984796683967263,-0.08549769716380394,-0.5340713591555506,-0.10897311022498177,-0.7501955160370866,-0.12192593871784607,-0.883999598828528,-0.13238566819503944,-1.0,0.0038192037994205035,-0.5212506639929243,0.0011774547872318462,-0.723911076838009,-0.0009630134033664453,-0.8495924466715844,-0.007865511760187549,-0.9606829935136298,0.09295754124830945,-0.4745480466610504,0.11624760061012565,-0.6222671455154085,0.12810390598052887,-0.7209653294070159,0.13596602264820337,-0.8161361956960688
1,0.0,0.0,-0.14344757692431978,-0.08393458091661016,-0.2717618391683342,-0.23977074702343318,-0.36431027625097673,-0.36762920979604813,-0.4524630707508248,-0.4278543120372108,-0.17577330200102678,-0.49599072515186154,-0.23102965679761525,-0.6834999901862457,-0.2635306964350239,-0.794956842694161,-0.28682537736643055,-0.8972501768659153,-0.08551939880435837,-0.5320477912824536,-0.1088989330863301,-0.7487827382360092,-0.12197030215469133,-0.8830444573180062,-0.1323959566229304,-1.0,0.003642994282603303,-0.5194776361548084,0.0010776283589642394,-0.7226601332344695,-0.0006943633334974322,-0.8484674524197248,-0.007085116873998888,-0.9600685464303882,0.09259486280532439,-0.47293249364369805,0.11615256154384558,-0.6210820769544505,0.12860090660702847,-0.7199033646284073,0.13670279277382247,-0.8153882516537095
1,0.0,0.0,-0.14142246810233555,-0.08320631789739327,-0.2688913303997629,-0.236994101256982,-0.3602203738242643,-0.3642851732559585,-0.44639954712961916,-0.4262705694325415,-0.17333151938351857,-0.4948068965956503,-0.2294087789825107,-0.6828533125104848,-0.2618116107420715,-0.7940143138602704,-0.28503468949909555,-0.8962246734168633,-0.08285843543712564,-0.5305711563742198,-0.10691263801716529,-0.7479244700989939,-0.11953299987265999,-0.8832892836485209,-0.12929368725760892,-1.0,0.0060984821703136665,-0.5174234721592994,0.003092451459239077,-0.7201657225528323,0.0015485168417129764,-0.8469552242923133,-0.004480498809927645,-0.9587742330353345,0.09466087027526292,-0.47024315068603,0.11803442927458396,-0.618269062064073,0.12961031894892208,-0.7170550338413294,0.1365871218513762,-0.8126459123375607
1,0.0,0.0,-0.14176212755677278,-0.08530818700435881,-0.2684286230690733,-0.24205767087555388,-0.36024076751475487,-0.36776652567482526,-0.44659208088883484,-0.4287233820066147,-0.17259718833647977,-0.49539770943288003,-0.2292833313632276,-0.6833258441857328,-0.26199166295183896,-0.7945330732702232,-0.285050183238139,-0.8967989511440777,-0.08230227700748398,-0.5308370972420854,-0.10658935614793577,-0.7471730126724249,-0.1195664266341089,-0.8826887380747395,-0.12963735089834763,-1.0,0.006697352722468756,-0.5176800858554234,0.004322151141295297,-0.7207592718873599,0.0029476992070930764,-0.8465171390733107,-0.0031544573424971394,-0.9580824194307982,0.0949127842655503,-0.4708047490668769,0.1186179385609826,-0.6193835797704509,0.13060890362402897,-0.7183585802040572,0.13801814867813686,-0.8143783762658502
1,0.0,0.0,-0.14225759443391905,-0.086107213434432,-0.27113163929939915,-0.24036518008947058,-0.36365242431924105,-0.3650024134780717,-0.4503887464537,-0.42719735374620843,-0.17695346181685162,-0.49544354592873985,-0.23312117035121263,-0.6841198643684916,-0.26594392204626266,-0.7957017628703933,-0.2893827592861606,-0.8978139343634812,-0.08665766062693588,-0.531194192617095,-0.1101548980769645,-0.7492747876574777,-0.12265813552974354,-0.8837124839387962,-0.1322030402030897,-1.0,0.002923769389763644,-0.5184595546456817,-0.0001390786793851384,-0.7217549033944091,-0.0022488206503876464,-0.8478543881982068,-0.008312082655091752,-0.9594247350101925,0.0924388230294857,-0.47184206822923136,0.11552065804293286,-0.6201375292860551,0.12789545170545574,-0.7191968458385725,0.13652181367032484,-0.8148413086597793
1,0.0,0.0,-0.14030169643708804,-0.08750583273394741,-0.2682254751721646,-0.24362763458193432,-0.359862375100312,-0.37010128609251575,-0.445957763456352,-0.43150814336206333,-0.17349985029162748,-0.497417116252142,-0.2300008581070306,-0.6857581670244568,-0.2629187461030708,-0.7972980861266927,-0.2863994823368059,-0.8996506896713008,-0.08284102664956346,-0.5329286603697079,-0.1081564730548868,-0.7488333611389474,-0.12165020611141618,-0.8830031370625265,-0.1321334750498936,-1.0,0.006968344689440753,-0.5193991114725227,0.0036353538623471104,-0.7235847126575207,0.002141400570622761,-0.8495225997033822,-0.003792796246720871,-0.9612207437983352,0.09637876991646162,-0.471089527079906,0.11958108172309365,-0.6192924373517418,0.13186333706407335,-0.7187350728967447,0.13970341537646777,-0.8148974746241546
1,0.0,0.0,-0.14054420866662246,-0.08622969781963696,-0.26748900481377064,-0.240963368955802,-0.3590702629737003,-0.36678275723551046,-0.4452692194662342,-0.4268483739099733,-0.17342715096951034,-0.4941927109560484,-0.2290689530261051,-0.6821824415174929,-0.2618824291062556,-0.7933777216684832,-0.28522344700665503,-0.8957858917038105,-0.0830999554250757,-0.529890457639713,-0.10706460932246803,-0.7470826136459834,-0.11984171428322352,-0.8824434216198248,-0.12990302946602086,-1.0,0.006278021350539912,-0.5169614813465527,0.004909711116408,-0.7213106450103959,0.004520902152420547,-0.8478366249876977,-0.0007188882284346723,-0.959487243840436,0.09509191771510268,-0.46987971652825805,0.11924588312835674,-0.6191542785618473,0.13214329220801418,-0.7184225202703494,0.14056568171301687,-0.8137783545727609
1,0.0,0.0,-0.14008965941738233,-0.08312065509413541,-0.2679471647139212,-0.24051009895766576,-0.35938366027680557,-0.3684645959101209,-0.4462278397372702,-0.42768994210764616,-0.17425882783655014,-0.4946487195976279,-0.2318129967808598,-0.6829759299499809,-0.2648146832508315,-0.7947918787306713,-0.28772602281995063,-0.8972429432944621,-0.08359541822806624,-0.5313699809630913,-0.10857894411264551,-0.7483800855005327,-0.12138303671965402,-0.8834441351253582,-0.13071067650807444,-1.0,0.006224366039896361,-0.5189521098647265,0.0031499326133019373,-0.7235679023565895,0.0022550560000521697,-0.8499757681594488,-0.0030442153822796154,-0.9618075607475687,0.09569411697386584,-0.4719339350887935,0.11920807231425995,-0.6204479994988764,0.1317816260421494,-0.7196644933708362,0.13993801810685422,-0.8152764980905457
1,0.0,0.0,-0.14088927099092688,-0.08341310762181949,-0.2700963800180232,-0.2395366380443823,-0.3623598748029413,-0.36506680347377235,-0.44879556326802705,-0.4259120668929055,-0.17617414960286942,-0.4957739952493246,-0.23406563994275084,-0.6831562773603302,-0.26746266868753876,-0.7935347710481365,-0.29100980630063233,-0.895422166177732,-0.0861301415717448,-0.5317509017468767,-0.11150468110977461,-0.7484663746149143,-0.12450980783939074,-0.8832806274128937,-0.1342661792063764,-1.0,0.0028498724369280153,-0.5180989452890544,0.0008338692576234799,-0.7219540725170445,0.0003863891260950046,-0.8477845484678812,-0.0048007424991613765,-0.9595747955782422,0.09152617687573157,-0.4706254464983118,0.11508296043705149,-0.6195543397373702,0.12814577912367847,-0.7183241184671265,0.13696915763174333,-0.8142266161200606
1,0.0,0.0,-0.1413100495016371,-0.08621988090757299,-0.2661304274075238,-0.24311519829700554,-0.3562566033430679,-0.37066327601084426,-0.4430809995351319,-0.431493514969795,-0.17163395405802298,-0.49862870072543203,-0.23002471778617645,-0.6858697923830801,-0.2630526299626989,-0.7981773691037377,-0.2857284229208613,-0.9009527129901487,-0.08179253999526065,-0.5345350314739324,-0.10717206720216174,-0.7495177614636815,-0.11998352663956433,-0.8840080147026428,-0.12903540036585295,-1.0,0.007115492991372444,-0.5212952901798661,0.004356993339260329,-0.7248172888090908,0.003100213899450264,-0.8507605852936303,-0.00222351182647951,-0.9623447301717233,0.09557264541911777,-0.47315814084304003,0.12033845383779955,-0.6213817985587222,0.1327383981976077,-0.7211418103647217,0.14078654327471507,-0.8175427711193871
1,0.0,0.0,-0.14114745092958125,-0.08680663757915967,-0.2666425132249813,-0.24508407463738982,-0.3564538039884915,-0.37224796675505095,-0.4423024715851591,-0.4311511404024586,-0.17080952893962217,-0.4952734647152169,-0.22850581411828944,-0.6823681668970873,-0.26063148892993127,-0.7940093738199145,-0.2820936332248041,-0.8967561979052963,-0.08108494824814687,-0.5316368117438892,-0.10397731143712631,-0.7482166455218565,-0.1155451945508642,-0.8831187560441057,-0.1238466667549741,-1.0,0.007641969320457505,-0.518864119756465,0.006252618990021153,-0.7235867806652453,0.006003248417891552,-0.8491879475169883,0.0017049966927657353,-0.9601205550294531,0.0956054042527086,-0.4709656206318614,0.12006053791619421,-0.6192864086573361,0.1334212128008479,-0.7186364402649206,0.14306348131174165,-0.8141263365749548
1,0.0,0.0,-0.14024909697004717,-0.08808321080697847,-0.2660759800463031,-0.2454118506729636,-0.35569498934985283,-0.3698367979747059,-0.44131831414121087,-0.42835319325991233,-0.16952047257344835,-0.49574718675443763,-0.2241559357611092,-0.682282625687405,-0.25597649957495416,-0.7933548117489808,-0.27825676319213505,-0.8958362806378531,-0.07980781370656458,-0.5306867157641559,-0.10139802314285398,-0.747306442926931,-0.1129428225036459,-0.8828151873869797,-0.12168085206973686,-1.0,0.008758951277048557,-0.5164921047259338,0.01110662084298736,-0.7193489236006138,0.011448704402670661,-0.8461428697450504,0.006766407376325064,-0.9587345969563711,0.09620391404455436,-0.46725969603561657,0.12414191549766229,-0.6146939968818499,0.13845426776638184,-0.7141131975058422,0.1479456600673009,-0.8102472366586053
1,0.0,0.0,-0.1405398158684482,-0.0865410089238434,-0.2640682467716032,-0.2452360391083793,-0.35233595386888533,-0.37185958009372694,-0.4376238624422366,-0.430230759705273,-0.1670225261895404,-0.4967385717027149,-0.22197754453908938,-0.6833079847754483,-0.2537755857662622,-0.794390701254304,-0.27582984539911615,-0.8970449452267845,-0.07705282409861906,-0.5318490028052083,-0.09851799403508366,-0.7477873862228113,-0.11002760219712245,-0.8833283243278672,-0.11845282903023927,-1.0,0.011143568344570049,-0.5174165757164406,0.013309333983790297,-0.7182958015548488,0.013659596222919871,-0.8450101763126348,0.009193369504258121,-0.9574009441933982,0.09815258532074847,-0.46842367882728775,0.12539865996068497,-0.6151277494740545,0.13924325955933042,-0.7138300707029348,0.14865688405720337,-0.809648070296234
1,0.0,0.0,-0.14118056766953038,-0.08603812962060405,-0.26629470552152684,-0.24486442159487934,-0.3549924672283107,-0.372881679611936,-0.44096402722616496,-0.4320732442408381,-0.16923223200243181,-0.49671820317508275,-0.2229559894171415,-0.6838325311873953,-0.25415876602799914,-0.7956077020603118,-0.2763006873291029,-0.8980183556501463,-0.07879690405313067,-0.5320736090675934,-0.09885922276857656,-0.7487784947148989,-0.10958224679142752,-0.883701472805611,-0.11778256136217122,-1.0,0.010079217400668822,-0.5176053005994554,0.013623621928862475,-0.7202644912903017,0.01352273156691425,-0.8469676073026425,0.008388403031232908,-0.959125215703819,0.0976895251347393,-0.46770492757986226,0.12620357359967668,-0.6143583019413422,0.13971855822808418,-0.7131661336818015,0.1480573268044658,-0.8085825629295751
1,0.0,0.0,-0.14057517505368564,-0.08735869358378488,-0.26346761742779357,-0.24768726586482878,-0.35071609028473183,-0.37479475639206405,-0.4357448501109946,-0.4328229272710502,-0.1645719807997641,-0.4978943099533879,-0.21843833512665678,-0.68452457157284,-0.2496314270783876,-0.7960381553380426,-0.27130814020326954,-0.8981014748195292,-0.07487682252253196,-0.531981053844346,-0.09516691953913779,-0.7482397562046351,-0.10602231916039719,-0.8838068217146641,-0.11422419056877384,-1.0,0.01301132419556986,-0.5170098226170963,0.01603201625827293,-0.7184951005902803,0.016886405821085814,-0.8455396078450318,0.012449395311378474,-0.9575692250131983,0.09945497103082593,-0.4672949963815931,0.12821229227709668,-0.6134131467382314,0.14249759630245248,-0.7122264309481908,0.15159545844083658,-0.8074349069220853
1,0.0,0.0,-0.146277045768576,-0.07732359731818114,-0.2771165270129131,-0.23735519410919342,-0.36479632545139296,-0.3624777826380468,-0.44909916822716495,-0.4157699068998645,-0.18382856675544504,-0.49380229259187874,-0.24269523331714718,-0.6773445840482883,-0.2738364474300471,-0.788473533982897,-0.29469962811995853,-0.8910552074180774,-0.09185741730408688,-0.5315080188110007,-0.11614506553907603,-0.7489018318377587,-0.1289496567613808,-0.8838076078100644,-0.1390536651805234,-1.0,-0.0021805453382369054,-0.5201507339937516,-0.0022712161624865628,-0.7261240982582774,-0.0038547603433043763,-0.854708015402741,-0.009987960877993654,-0.9682873929859681,0.08583535567552589,-0.4741598801700314,0.11123541174510403,-0.6246075523147039,0.12414549231247556,-0.7264337127275997,0.13148093796420754,-0.8253224718515251
1,0.0,0.0,-0.14843474775073442,-0.08083088400531324,-0.2794055642206019,-0.23985336664864437,-0.36882337322715747,-0.3632763220252624,-0.4532179738772955,-0.41672470146381185,-0.18490692924353033,-0.4932598052849119,-0.24477390162193352,-0.6767902622431172,-0.2770094502157856,-0.7877744415495032,-0.29849066882044367,-0.8899774276159602,-0.09336454604180433,-0.531964657735612,-0.11886397904369038,-0.7478375085012634,-0.13313785062844455,-0.8836280407081655,-0.14426347352908675,-1.0,-0.0035400299185139534,-0.5218607624696939,-0.005400480891533149,-0.7272755295628885,-0.007818473829458538,-0.8555208428358361,-0.014503322260368203,-0.9688196927456133,0.08481878310115706,-0.4774619176773621,0.10851923009888537,-0.629154865021816,0.12087137115644624,-0.7317056890417695,0.12851638954587494,-0.8313708579285917
1,0.0,0.0,-0.1484905070314923,-0.07981483903694511,-0.2796524883216052,-0.23462707505260696,-0.3689670581635379,-0.35718722892914484,-0.4538097578652928,-0.41163539397514515,-0.186506104409129,-0.48891316728589546,-0.24631491851709675,-0.6735714044865342,-0.27833245083809877,-0.7840417750641306,-0.3001355794288323,-0.8869850603252498,-0.09571939171190613,-0.5293110386258716,-0.12212449518987605,-0.7461057967894466,-0.13613551199112786,-0.8820855443575206,-0.14630341334829314,-1.0,-0.005850128224272609,-0.5194697654909409,-0.0074393607202050405,-0.7238333832940502,-0.009885459652799572,-0.8507671224146255,-0.01634539887734749,-0.9643043800789021,0.08337051052936004,-0.47476764561264007,0.10686745563840347,-0.6253845709201948,0.11929516853312247,-0.7266431178155223,0.12708533500420743,-0.8260011812714378
1,0.0,0.0,-0.1484842636842899,-0.07951254056801262,-0.27982058352544914,-0.2350406575115192,-0.36873993368883734,-0.35800812349024147,-0.45337431248515975,-0.4128508293387645,-0.18411321034863912,-0.492628925777412,-0.2440800237379346,-0.6780809378540446,-0.27725903919255457,-0.789274284526304,-0.30031015943865175,-0.8912985899742795,-0.09319621684308718,-0.5316046915117478,-0.11922513816523679,-0.7488169819413208,-0.13392472542361233,-0.8843336532137656,-0.14536669148553502,-1.0,-0.0037188010638722073,-0.5212811723064408,-0.003893028686008341,-0.726411735809607,-0.006547198017380433,-0.8543369085193371,-0.013896899021569722,-0.9680682264623786,0.0844664033615835,-0.4763867617943926,0.10961344207322904,-0.6281464769873423,0.12213467461741129,-0.730296335620754,0.12935710887369253,-0.8298858077337521
1,0.0,0.0,-0.14660946588583287,-0.07853348935679973,-0.2799804385447756,-0.23067739992739267,-0.3695885613755944,-0.3512455974797464,-0.45283796052605063,-0.4069251479720694,-0.18654146124737583,-0.48907065994340854,-0.24841260050851074,-0.6743813078316093,-0.2813085310930461,-0.7852698554815735,-0.30304589016039996,-0.8873498188823631,-0.09549045642515379,-0.5300320544192755,-0.12210696903015103,-0.7494073265404356,-0.13686866906458323,-0.8851214769241488,-0.14815564911137083,-1.0,-0.00516978669592207,-0.5219531104117406,-0.005546766715378834,-0.7299352291997291,-0.009405229942293522,-0.8585332216074126,-0.01752257606780934,-0.9723661323707573,0.08411657363610756,-0.4785007664905249,0.10906803711117682,-0.6312720815073605,0.12153765415682545,-0.7342412693433298,0.12834969885837313,-0.8342720697875343
1,0.0,0.0,-0.14834662376841712,-0.07080479348989224,-0.2840253055796123,-0.22309915683856782,-0.37694563961296573,-0.34664737974455795,-0.4643041116663336,-0.40407263792489523,-0.19022726228006315,-0.48632251111858804,-0.2546438902878291,-0.6719446814485661,-0.2892463835975269,-0.7837152674700932,-0.31186724373122743,-0.884660664090894,-0.09895191269646611,-0.5294216893374917,-0.1291202173060154,-0.7510681453121034,-0.14614203226692402,-0.8872715284527883,-0.1585956131176169,-1.0,-0.00818225453503649,-0.5232395187435129,-0.009970766109025676,-0.7333488666121282,-0.015636462154923123,-0.862107059057182,-0.025449013778557447,-0.97498705211508,0.08150620933756422,-0.48137482252578273,0.10501017030041743,-0.6335264024140816,0.1160383334548759,-0.7357199458594121,0.1217471620044288,-0.8342527574939588
1,0.0,0.0,-0.14847117419622247,-0.07119798987365274,-0.2839735062623904,-0.22267081037101819,-0.37764533451427235,-0.3466684749097437,-0.4651456961163794,-0.40565124330198954,-0.19033423382722367,-0.4856683248739369,-0.25412772874716755,-0.6712342942601212,-0.28858452610869534,-0.7829135818867621,-0.3112559317860763,-0.8837936400258698,-0.09887927066040962,-0.5289835134553655,-0.12856524562387037,-0.7505763077183237,-0.14568755885045226,-0.8869716923452996,-0.15833995844203488,-1.0,-0.008121653087635515,-0.5223625439933728,-0.009449279293282051,-0.733228429190215,-0.015819615474877282,-0.8627009589176289,-0.026399790824226773,-0.9765409295913492,0.08159417835025166,-0.4799266880214221,0.10550205394647656,-0.6324789663844449,0.11602223357645088,-0.735400925347931,0.12103089946977737,-0.8350719069625451
1,0.0,0.0,-0.14729892281096846,-0.07265239939630402,-0.2819718284492613,-0.2236038741336399,-0.3746852268738476,-0.3450689574212746,-0.46056772933609874,-0.4034131456405877,-0.1890347873449622,-0.4856937848037538,-0.2521773132743767,-0.6711034533530481,-0.28644932385920185,-0.7828365058750997,-0.3093980892615586,-0.8837229348492389,-0.0979848299893229,-0.5290689065469747,-0.12726540333154251,-0.7501527853632782,-0.14439240350152582,-0.8866337246291119,-0.15743367750539913,-1.0,-0.007351429173273131,-0.5223586049561408,-0.00856572815652054,-0.7319655016544824,-0.014557848024540722,-0.8615221516263948,-0.02498030245513987,-0.9754872212206731,0.08208753963066187,-0.4793832363797291,0.10633684895169698,-0.6317562207524996,0.11729320502240743,-0.7345629688756047,0.12236355313166129,-0.8338490854741155
1,0.0,0.0,-0.14723420056526693,-0.07356753738481717,-0.2813296517648788,-0.22297574898053607,-0.3741442533000051,-0.3447221252200366,-0.4595832385036059,-0.4057473339927528,-0.18852847062225178,-0.486185279347321,-0.2520942985267278,-0.6708640872425471,-0.28630408221499043,-0.7820615259282446,-0.30885580232520793,-0.8833629985710522,-0.09740881838256875,-0.5293030105272335,-0.12712860151272815,-0.7493748179570034,-0.14395869925113283,-0.8862201538569329,-0.15620309514974984,-1.0,-0.006880496402733206,-0.5224334355473618,-0.008904384146055334,-0.7311827354887841,-0.0147268908476903,-0.8600168375020929,-0.024702407424050065,-0.9737091734306216,0.082533100009783,-0.47998811230887856,0.10600036855174436,-0.6318933498993424,0.11660284884389797,-0.7341796942427349,0.12156256313947592,-0.833252178523059
1,0.0,0.0,-0.1482819962471159,-0.07278431715104676,-0.28277769313526274,-0.22337391562798117,-0.3759611288670185,-0.34640479542284536,-0.46277316546756264,-0.4064805517332764,-0.18959027845989157,-0.48547146572299693,-0.2535191327272415,-0.6709645426618401,-0.28783742887696123,-0.7825800645578975,-0.3104606844051366,-0.8840913830100126,-0.0983281172929655,-0.5291184414459351,-0.12859918005076115,-0.749426997419285,-0.14548998076550895,-0.8861217083899774,-0.15764361777212746,-1.0,-0.007857395771224992,-0.5223963400751289,-0.009795696513385884,-0.73202994552965,-0.015707481390226243,-0.8611686425745949,-0.025862208164727524,-0.9753557649826775,0.08152124452843203,-0.4796672973909188,0.10578632323263075,-0.6315554657568643,0.11655186411889047,-0.734309232486298,0.12166036505327135,-0.834318684790724
1,0.0,0.0,-0.14844905570502132,-0.07355032395335398,-0.2826184080430998,-0.22307773570957276,-0.37576053277008076,-0.3446986588525031,-0.46178682172461727,-0.404283383492962,-0.18794759422809276,-0.48609481065212545,-0.25084012885669965,-0.6717016170667152,-0.28488562110027765,-0.7832567731694428,-0.30757015295173823,-0.8844853188977502,-0.09660726438274272,-0.5285532292307602,-0.12603263211654722,-0.7497904391964101,-0.1426728357788765,-0.8866026985832417,-0.1547404840191696,-1.0,-0.006248394022712759,-0.5212412866549783,-0.007429106904722495,-0.7309143958635624,-0.013363859607704026,-0.8604706572534784,-0.023633229747171688,-0.9748953213997547,0.08277974498989457,-0.47841554957589705,0.10701619519207015,-0.6311701630023276,0.1178068818125192,-0.7342196608129696,0.12297488375304184,-0.8346288891604625
1,0.0,0.0,-0.14744729653050956,-0.07392548512898793,-0.2805485143815252,-0.22299266613059734,-0.3729081550525985,-0.34473532450002053,-0.4595406978829278,-0.4032519829452484,-0.18638818863276654,-0.4854967980870536,-0.24955033841962848,-0.671054934934486,-0.28370599170986127,-0.783104141612747,-0.30614621051288343,-0.8847495290704857,-0.09503319141427868,-0.5287433579408117,-0.12423559384751567,-0.7505854705444674,-0.14096460784107487,-0.88696519370547,-0.15331168606713086,-1.0,-0.004451624161225582,-0.5219314101251861,-0.005020993165255183,-0.7313998016660901,-0.011048297856349793,-0.8609520083277631,-0.021617858688803605,-0.9747291998910563,0.08480104473281312,-0.47888223893981713,0.10983938029966565,-0.6313918597839864,0.12089629653449441,-0.7338943125467002,0.12596418109233407,-0.8327223706138129
1,0.0,0.0,-0.14237767798725237,-0.08711160864009827,-0.26838120062351756,-0.2408765690865591,-0.3562601971079995,-0.3651452716624151,-0.4394893100485236,-0.433226763934645,-0.1709454470824084,-0.4907426436047408,-0.22668793064246712,-0.680238302628099,-0.25907739223516474,-0.7932752668877104,-0.282289611621384,-0.896437405376739,-0.08031303913186622,-0.5263145374440032,-0.10325146041346453,-0.7456019285085687,-0.11579593251377292,-0.8819491136900016,-0.12590735805540706,-1.0,0.009497147875178373,-0.5123599270343207,0.009944446355387644,-0.7170079828083079,0.009307665993315598,-0.8446655454201067,0.003338114161134639,-0.957876423370124,0.09889558147631368,-0.4631182426184614,0.12505951159322803,-0.6124684038043516,0.13752187181647132,-0.7114967511848014,0.14413628661159875,-0.8070180764153886
1,0.0,0.0,-0.1411902771320863,-0.09190146624777676,-0.26426316624405516,-0.24813330725022706,-0.35357219933678974,-0.37816089596296015,-0.43844765502825067,-0.4450816847722613,-0.1658160517840519,-0.4948775651925077,-0.22143694512309928,-0.686081602035033,-0.25290618529844344,-0.7992186356727411,-0.2746829174881308,-0.9036537595213777,-0.07567276311092529,-0.5290163773364606,-0.09899465778152351,-0.7466614059923138,-0.10922213559975519,-0.8823872172955407,-0.11629513612935606,-1.0,0.01400420514372255,-0.5133036461328284,0.012855428785112328,-0.7161643167779489,0.014368010327515066,-0.8427526891549482,0.011366066897477376,-0.9546065844791843,0.1038556420296493,-0.4624163960498503,0.128614860863561,-0.6101447497676085,0.14250168285136258,-0.7083805929024123,0.1520512935940414,-0.8033465488044332
1,0.0,0.0,-0.1417836763085767,-0.09058718287721863,-0.26442599168170483,-0.24643978885266918,-0.353226452900292,-0.3775214054735783,-0.4380271952422396,-0.4454805449000692,-0.16564454944082663,-0.4931912280146865,-0.22115245796335858,-0.6847766604812489,-0.25250166050534906,-0.7978167585237094,-0.27407388467267607,-0.9023142686493606,-0.0748025009696323,-0.5271603313454705,-0.09725647195415761,-0.7457689534136267,-0.1079084949888292,-0.8819347071256004,-0.1156778559486993,-1.0,0.014927540270209861,-0.5112481248305238,0.014967018730371803,-0.7149143792533164,0.016257046273942595,-0.8417233247602338,0.012877690084080398,-0.953407980368739,0.10445679222546093,-0.4606748861126758,0.12960723384941933,-0.6085847013346611,0.1429055072497831,-0.7067071746271386,0.1518056047569892,-0.801384463692693
1,0.0,0.0,-0.1411848054378659,-0.09132678823495467,-0.2639694378159793,-0.24781097565910556,-0.3529394711993007,-0.37880305184709784,-0.4370887241703815,-0.44673915563320055,-0.16491806113634797,-0.49499776016381963,-0.22059997248273117,-0.6849601024750773,-0.25161154121259705,-0.7973704775919673,-0.27287272376105187,-0.9014258087930248,-0.07437207197489627,-0.5291839200201299,-0.09677893861714887,-0.7459518224657878,-0.10757651737184203,-0.8818913828744462,-0.11560124432193412,-1.0,0.015236190119361755,-0.5132652851729612,0.015197598270097494,-0.7150918776365858,0.016297831773648012,-0.8412579607691905,0.012569785974816623,-0.9527481671958032,0.10458500890470342,-0.4620955108945842,0.1296666016305605,-0.6085428911138746,0.14248366808028368,-0.7064959547374307,0.15070208587573525,-0.801376576750249
1,0.0,0.0,0.120938025831084,-0.15943011410338936,0.18373096008247228,-0.31393314227397096,0.23670991015698656,-0.45743744943892295,0.29519071481804315,-0.5415436938292933,0.055410258185194565,-0.5012328067632398,0.057007036469009904,-0.7291738008833668,0.05443342441131036,-0.8605029795124198,0.05023178743592616,-0.9619034357603324,-0.04196592338108908,-0.4943492297916513,-0.07055584044057,-0.747477881359637,-0.09883922049248366,-0.8956626895756571,-0.12335841644318343,-1.0,-0.13076490395024745,-0.44514613424786836,-0.17971153239374768,-0.6803864173329596,-0.2082893084418758,-0.8190562961284903,-0.2300531536300518,-0.9178925048972275,-0.20947611583070705,-0.3661645260447987,-0.26988837657690207,-0.5524323928018109,-0.2994754565455557,-0.6592856219508356,-0.31835021161359267,-0.7517919403354938
1,0.0,0.0,0.1179795423567053,-0.15956609507395592,0.1771750029675303,-0.3166508008022216,0.22743489491476326,-0.4602830147934313,0.28437540724493365,-0.5468195710660971,0.05327492146935799,-0.5032306497584426,0.05058667160583628,-0.7300006492497231,0.04655232938715042,-0.861002567112794,0.04043692164192913,-0.9620551948456505,-0.044223087451314466,-0.4953547728145931,-0.07785600315687138,-0.747766107834102,-0.10767267958102127,-0.8953906923447275,-0.1338218914077842,-1.0,-0.1330918836383355,-0.44560547408392787,-0.18545438908271134,-0.6787387298258296,-0.2151730690840117,-0.8161943117292443,-0.23785989678147332,-0.9145037422735302,-0.21173420034872112,-0.36596239466906955,-0.27460312151397165,-0.5541190866396117,-0.30656344626624726,-0.6611217180215703,-0.3274294704473799,-0.7538936011802292
1,0.0,0.0,0.11216904851386704,-0.1659095776939947,0.16557123365092846,-0.32697910572079514,0.21301156982242703,-0.4725018272717389,0.26982491021280985,-0.5582340505613228,0.04359113791574675,-0.5026998236388651,0.03669786630276547,-0.7301815069776716,0.03023696452381796,-0.8604917669771192,0.02326147847046544,-0.9603472499874214,-0.0526213339590559,-0.49419648823436024,-0.08773796732608415,-0.7476050161596947,-0.11771610516714967,-0.8950489887391327,-0.14278555730369744,-1.0,-0.14103208325532726,-0.44613424260272316,-0.19533453511500581,-0.6833774956942047,-0.22655277176592434,-0.8212814310967192,-0.24913774815577852,-0.9204895683918586,-0.21756777506426722,-0.3689433463453496,-0.2824452918235972,-0.5572462217395999,-0.3156939647439555,-0.6628179334247178,-0.33730334217510577,-0.7528629737316492
1,0.0,0.0,0.11446693096045171,-0.16607486351180561,0.16912406934558086,-0.32588685204609646,0.21756103714674846,-0.4724461814843281,0.2751562751863645,-0.556606822891237,0.047614744696408674,-0.49982306177419467,0.039754613265928294,-0.728037723771723,0.03366620022006312,-0.8589540694156647,0.027582926652634333,-0.9596356109788604,-0.04888886812331945,-0.49186995250654697,-0.0843745371549249,-0.7450365487000624,-0.11524747756734469,-0.8935565891617744,-0.14043690238962386,-1.0,-0.1372666851999374,-0.444021968934189,-0.19084210354180148,-0.6815416566407901,-0.22306420376630323,-0.8212086651606437,-0.24670131921066957,-0.9227594326950257,-0.21416187955398672,-0.36685886758601033,-0.27985254369140705,-0.5559559313085346,-0.3130912327506255,-0.6631235413809778,-0.3350876397879732,-0.7563521850959798
1,0.0,0.0,0.11422328607697395,-0.16499433224403615,0.16881882811260956,-0.32416491780322426,0.21794263833423322,-0.4699059638031702,0.2752587777133157,-0.554066844747151,0.04811329199680087,-0.5000687318112654,0.03999739875813511,-0.7268160245622776,0.033712150429612224,-0.8567740774424337,0.027558081406301737,-0.9569760740212513,-0.04836410608355898,-0.4926259587831644,-0.08421916216829801,-0.7452126885301015,-0.11564372799296083,-0.8938150540309311,-0.1409069629165228,-1.0,-0.13693108482632033,-0.4446368635167775,-0.18994232719070023,-0.6807491855873884,-0.22182858086103246,-0.8202389651228302,-0.24482229277312353,-0.9212130017218564,-0.21439502483166525,-0.3661606363676609,-0.27888720288155033,-0.5563780770054176,-0.31073342312303853,-0.6636389912004196,-0.3309969482889596,-0.7563628363721576
1,0.0,0.0,0.11382638102872575,-0.16673779165195357,0.16723231949083064,-0.32575410614302314,0.2165738136956784,-0.4697496605060343,0.2738793538020814,-0.5531530496255292,0.04859203210498159,-0.4987611236222904,0.041627547924758874,-0.7258883975531517,0.03516428569967554,-0.8566931958213095,0.02808748912438542,-0.9570682615770557,-0.0479671549466637,-0.4899501790397179,-0.0830836520941334,-0.7447680367849127,-0.11385706239492795,-0.8933290249257279,-0.1397835606264726,-1.0,-0.1368076540525343,-0.44187033980263885,-0.19039786665952627,-0.6796487429844267,-0.22206819556563143,-0.818858236654489,-0.24547017520175787,-0.9195394652553982,-0.21403497712936584,-0.3639658882711087,-0.2802644250302676,-0.5554925037984461,-0.3126044444841133,-0.6629018770859842,-0.3335850135100282,-0.7556248706501493
1,0.0,0.0,0.1139336741773234,-0.16599523749674822,0.16803090790283837,-0.32469339821283805,0.21697187560868889,-0.4680985861703644,0.2748136373203066,-0.5510543261894539,0.04784166273401899,-0.4974544082101358,0.04054495945373329,-0.7246074371020703,0.03416314533627826,-0.8555301025426598,0.027416514729827573,-0.9562204806314846,-0.04844981471580263,-0.4886170158926276,-0.08351701770410441,-0.743090476543523,-0.11475294724475311,-0.8924333866754116,-0.14121544864771388,-1.0,-0.13689124808324277,-0.4393948024061641,-0.19139951896887006,-0.6775452229582462,-0.22335303610049176,-0.8173902987386705,-0.24678672960645948,-0.919193381125196,-0.214166701059826,-0.35988320269846547,-0.2807688206370908,-0.551997134505141,-0.3130005955463442,-0.6598190353344425,-0.3339812319797742,-0.7531785815464297
1,0.0,0.0,0.1133144549914234,-0.16519960880115314,0.16746456206363736,-0.3243802069204583,0.21524145633136527,-0.4686826367638109,0.2713951328505164,-0.554094882511613,0.047536499516598524,-0.5003438475175254,0.03903443587178499,-0.7271693084280515,0.032705160175479774,-0.8573420866749478,0.02592643864644602,-0.9572010588190079,-0.04851533619630391,-0.49181174618941204,-0.08499918096006406,-0.7460742053913351,-0.11611281034430648,-0.894281440778935,-0.14214680628530127,-1.0,-0.13698741439726683,-0.442691085375305,-0.1911723166740486,-0.6797658329374952,-0.22339892618080745,-0.8197709150896261,-0.2470995911516821,-0.9210343821397801,-0.21460693359283903,-0.36306016081541304,-0.2807083072291562,-0.5542750619690466,-0.31351150965664876,-0.661641635885815,-0.3348137309153434,-0.7545751496193797
1,0.0,0.0,0.11513679951574052,-0.1662286823832089,0.16880443317648972,-0.3226105182368872,0.21695010169271442,-0.46754250426161725,0.2740604270032197,-0.5525181441777746,0.0484204289883805,-0.4991204998676014,0.04070786417889161,-0.7264803468848622,0.03423869107366654,-0.8565417760107165,0.027831355446172136,-0.9563302983854759,-0.04848086319505828,-0.49069236037254227,-0.08382252531629612,-0.7448704946871924,-0.1150279992334398,-0.89330092899818,-0.1405240309933929,-1.0,-0.13694615756554177,-0.4412903900583672,-0.1914960745129445,-0.6791714021217738,-0.22369964835430686,-0.8180554770113564,-0.24686606306365597,-0.919227016560142,-0.2132070164862364,-0.3615300537859762,-0.2811404907734694,-0.553602545271746,-0.3136916080789308,-0.6606620698313516,-0.3343127697525486,-0.7543181106021759
1,0.0,0.0,0.11259715913928682,-0.16552338090112045,0.16494275929374724,-0.32407595438339787,0.21257419189502272,-0.46914002667064847,0.26892303992194394,-0.5530051585853573,0.04572997356511572,-0.5019330105146639,0.03767195381402968,-0.7275262213247166,0.03114235557432782,-0.856775957857083,0.02423246552739401,-0.9560396528379427,-0.05026799225968062,-0.4925321114765585,-0.08579425952818612,-0.7459282898368572,-0.11684835466596145,-0.893732202303895,-0.14282835823637047,-1.0,-0.1382738779008469,-0.443188296201095,-0.19196496144372124,-0.6802116520609904,-0.22361781389501073,-0.8189827273209623,-0.24671033403692122,-0.9194654207653556,-0.21471476324137895,-0.3643643790736458,-0.2817397759607867,-0.5553040685968669,-0.314509787910357,-0.6619504840350217,-0.33505940304044646,-0.7546185482051022
1,0.0,0.0,0.11541857443805331,-0.16781561374496837,0.16877746005734628,-0.32447966449667065,0.21627801366897526,-0.47037649925510044,0.27338826770295244,-0.5555068428075304,0.0471630963863132,-0.4991706429366497,0.03915995337310636,-0.7261967624521599,0.03264497807949644,-0.8563710735581709,0.026131587529762305,-0.9562304461832399,-0.04948791565210043,-0.4900237809462608,-0.08481288206601754,-0.7443034400454803,-0.11606999739123192,-0.8929713859111889,-0.14184054297799756,-1.0,-0.13739636182890816,-0.44110739851195346,-0.19086245071038707,-0.6790850304114681,-0.22358340327569357,-0.8172052007005873,-0.24782625576619546,-0.917692225120698,-0.21318850887300428,-0.3623626871868004,-0.2800898698929939,-0.5539510438125284,-0.3135469825987199,-0.6607207853282174,-0.3355502191118154,-0.7544093983515214
1,0.0,0.0,0.11496473487558333,-0.16610275814352904,0.16786027511444437,-0.32333216930768593,0.21428950045755354,-0.46853621877311447,0.2701699172596136,-0.5531067726321954,0.04582842386385715,-0.5002893888454738,0.03767112996778741,-0.7275399820412805,0.031365327427474075,-0.8578382195969535,0.02494987255132336,-0.95831811421126,-0.05042691620489813,-0.492395913803372,-0.08601455847063828,-0.7445427665573627,-0.11820381821565133,-0.8929480109812848,-0.14439934130208743,-1.0,-0.13858954060430662,-0.443636646314571,-0.192346994863418,-0.6802857978481266,-0.22459775323763687,-0.8189744921603712,-0.24814164954068268,-0.9207852395077646,-0.21549129005833131,-0.36401514564723153,-0.2813192734464224,-0.5549664762479976,-0.3144583557226294,-0.6611517918684814,-0.33630754017988207,-0.7543857668095164
1,0.0,0.0,0.11259648438404726,-0.169828607699515,0.16490536128688818,-0.32998624385663883,0.21290406055047084,-0.47373724436050674,0.27104718304153735,-0.5553484088163215,0.044249408394679744,-0.49892217654204096,0.03733366521459314,-0.7291817294529642,0.030968577039565213,-0.8605473640972751,0.024150965790278763,-0.9595719699115408,-0.0514308054082879,-0.4903342838643294,-0.08672490773505644,-0.7483203394564868,-0.11783896187393107,-0.8961831608769293,-0.14392624273858592,-1.0,-0.13886682083146487,-0.44185097098987586,-0.19355281586087328,-0.6810160663829491,-0.2254493209968009,-0.8174231708370877,-0.24942867217823958,-0.9145626204034608,-0.21484781690869909,-0.36299856950619547,-0.2813062950563924,-0.5570176283084297,-0.31330455974899807,-0.6641764410255466,-0.334384600709545,-0.7560507171862869
1,0.0,0.0,0.1139687951545622,-0.1663066150895422,0.1672202005054378,-0.32572116958267383,0.21429931992134757,-0.472626718093623,0.27151600883870897,-0.5571335098465953,0.04342233752006798,-0.5051737851291964,0.037132826581562625,-0.7336730042783373,0.03017084394541069,-0.864169867946362,0.022130090940417176,-0.9633195549373008,-0.053340098407997166,-0.4976770162078819,-0.08748673768962657,-0.7520356581754561,-0.1193229462970109,-0.8981416552010946,-0.14654627123829164,-1.0,-0.1416219763938501,-0.44861295555910013,-0.19642912366519882,-0.684990089137461,-0.22806316841539812,-0.8186628212360462,-0.2524834173312897,-0.9130082071111465,-0.2182021898550441,-0.3687443414181513,-0.2826939619784596,-0.559403911326277,-0.3146039406841482,-0.6664171059905966,-0.33501751594023066,-0.758891913056214
1,0.0,0.0,0.11482635335130223,-0.16608964357942105,0.17043364890124904,-0.32338487741976574,0.21804246738191024,-0.4710293573930161,0.2756247961405976,-0.5574052857216114,0.04617505320540154,-0.5033782415254783,0.0395088126970836,-0.7316738446250076,0.033382622526964466,-0.8621201190527202,0.026689782244791443,-0.9612510604201219,-0.050348033220682355,-0.4955298096594175,-0.0848245246168497,-0.74937538532793,-0.11607832228482691,-0.8960861102115736,-0.14195128541768084,-1.0,-0.13807052827010385,-0.4462525109975782,-0.19094722590817972,-0.6833243067375401,-0.2219229435459606,-0.8191129677878144,-0.2448361198703823,-0.9169087222672186,-0.21444887539855756,-0.36585815998405885,-0.27932722240993485,-0.5575883464892162,-0.3099786850579751,-0.6650640302918974,-0.3286740176640294,-0.7591898120992912
1,0.0,0.0,0.11554824539220943,-0.166686905008625,0.16972307973146128,-0.3231239092290368,0.2172994775120342,-0.4715620557670218,0.27494558348174913,-0.5572618911236796,0.045163604764706336,-0.5036417959321168,0.03920840403226812,-0.7317937608665429,0.03300629709619391,-0.8620605894085801,0.026752720002578213,-0.9610840913694096,-0.05205957082639478,-0.4957168971963584,-0.08748374208746304,-0.7494138212428255,-0.1206022008432355,-0.8963502059629636,-0.14712608094976085,-1.0,-0.14020094532895383,-0.44613165774603525,-0.19269260201171157,-0.68302526907154,-0.22430017170049354,-0.8194348774302183,-0.24791932829092025,-0.9174873153584551,-0.21699225618776916,-0.36506286628086004,-0.28123811605109095,-0.5570634440263212,-0.31208097281420616,-0.6649971171536533,-0.33140655849308176,-0.7599197084361423
1,0.0,0.0,0.11432963120117416,-0.16537187128106406,0.16852053629447836,-0.32225553304773585,0.21580359200878482,-0.47168614875692305,0.27375115827426844,-0.5580434709777389,0.04535187824414335,-0.50477726954121,0.0385960746306407,-0.7324300581301707,0.03165561064060563,-0.8617856331330058,0.02474523806820388,-0.9605564127404259,-0.050882624734182744,-0.49777166978070786,-0.0860780888174358,-0.7498713054549432,-0.11863915208366012,-0.8959320094698252,-0.14441104951248399,-1.0,-0.13876283435174558,-0.44904945931002527,-0.19146000894986046,-0.6848889358015959,-0.22250855794777652,-0.8206933258871092,-0.24523664306686496,-0.919047638405452,-0.2154648299313911,-0.36850202353102135,-0.2800311063020914,-0.5602051001121373,-0.3108269621531736,-0.667068975837199,-0.32961914591678854,-0.7611957245328833
1,0.0,0.0,0.11570710962381538,-0.1630425066856678,0.17124600368859572,-0.32058767648295944,0.21772146428748407,-0.4701902236008595,0.27560813332303113,-0.5561892715082166,0.04779016573316652,-0.5038944910379054,0.040977090358852504,-0.7329596201399299,0.03466133895601891,-0.8635377874390939,0.028182787696257552,-0.9623208984335093,-0.049444655681355684,-0.49623425518478326,-0.08613380635788397,-0.7511655854442085,-0.11890185719127033,-0.8976278238389062,-0.14496129510902916,-1.0,-0.1374947657215648,-0.4467759780497319,-0.19129734717492225,-0.6844487385946746,-0.22198291259089678,-0.8200423251445694,-0.24436117613267672,-0.91665882650237,-0.21418157726569984,-0.3654492296715656,-0.2800626305046819,-0.5574927037152985,-0.310546880229141,-0.6650995105905628,-0.32875068488904036,-0.7592567289394124
1,0.0,0.0,0.11454372382353588,-0.16466324667949772,0.16818408155186287,-0.3230377508762848,0.21494621236515027,-0.4719426275253515,0.2725408715158904,-0.5587952919442328,0.04477938789485447,-0.5062636480401992,0.038613485997771015,-0.7362650221254035,0.03252098769470045,-0.8677407745968301,0.02571193497325045,-0.9673306073437805,-0.05152452967657493,-0.49774836120132265,-0.08971328988517271,-0.7523425709077778,-0.12307827793100738,-0.8983572632809282,-0.15003704014904032,-1.0,-0.13926344145748523,-0.4477169978475171,-0.19519058900134081,-0.683937376301786,-0.2265246189639172,-0.818646693370161,-0.2496629167862647,-0.9143481093546254,-0.21610535004115677,-0.36601710595099196,-0.2828733907366356,-0.5601594615540922,-0.31355740884749217,-0.6683229938590985,-0.33219562461947144,-0.7625340161277376
1,0.0,0.0,0.11534367986368521,-0.16472426089231465,0.17125761278149013,-0.3236932907679269,0.21854270233815384,-0.47233585320727606,0.275918402332573,-0.5590077899214932,0.04616109532216168,-0.5057008586315631,0.04087663638155427,-0.7352826857744744,0.03447091477711443,-0.8672606419991706,0.027394639669329243,-0.9664442555892999,-0.050847999630767,-0.4975331797531272,-0.0878483488479483,-0.7523720041322071,-0.12059997536876793,-0.8985777229579802,-0.1472644379404805,-1.0,-0.13868900149553495,-0.44776302023175496,-0.19386795351902833,-0.6844460833868462,-0.2248920970715443,-0.8189441961305418,-0.2479021890477674,-0.9139748803819301,-0.21526104985092925,-0.36676771123341956,-0.2814411672660816,-0.5579411115750071,-0.3124047453034057,-0.6657798481199612,-0.3312911074894252,-0.7596832885096715
1,0.0,0.0,0.11667237409222413,-0.16444007793588003,0.1717077640668359,-0.32167632992855877,0.21839881915333295,-0.47058591249926196,0.2756090452854697,-0.5576075574186692,0.0460057861486686,-0.5032943260317648,0.040028529255476175,-0.7339577493062526,0.033738206293912734,-0.8657205408277735,0.026903938123634646,-0.9644889649878963,-0.05183529550687843,-0.49470975969770326,-0.08931111767137037,-0.7513662632107221,-0.12205391745881797,-0.8980698825057566,-0.14866103796422034,-1.0,-0.1399279683533093,-0.4445612800377871,-0.1944123280392041,-0.6830126704847376,-0.22511538052783847,-0.8181761587057921,-0.24791526244317175,-0.9137068430064356,-0.21601105272480367,-0.36274655487984886,-0.2825294680285765,-0.5557799374151267,-0.313612942079471,-0.6634467497195489,-0.332395016827065,-0.7573839995276613
1,0.0,0.0,0.11503724647107,-0.16297382358963242,0.1697808269499446,-0.322241254456328,0.21619579765259914,-0.47185663270222095,0.2723374381232837,-0.5599517256226815,0.0457589420135376,-0.5060183010550657,0.0388009165582695,-0.7361511327503975,0.033068287204316614,-0.8676990932275859,0.026337971076022548,-0.966690312680662,-0.05089783341162018,-0.4979540034687093,-0.08778533295996531,-0.7530504110812015,-0.12017679653249506,-0.8990314731927783,-0.146649605404201,-1.0,-0.13904900681095533,-0.4484300476947536,-0.19312159753336225,-0.686962248428241,-0.22367482581177434,-0.8225148820277497,-0.24621419129691188,-0.918028359032495,-0.2162038898022354,-0.36736439815483934,-0.28176460426000866,-0.5604389483065954,-0.31291890988582166,-0.6680774294515104,-0.3315890987076649,-0.7613275039745628
1,0.0,0.0,0.11332153137565154,-0.16545205909209487,0.16674660071250527,-0.3231046411590855,0.21328555048484474,-0.4712906644785925,0.26924304690073175,-0.5581454530916812,0.04318514928311399,-0.501525417828623,0.035954676761798754,-0.7327676830998193,0.029919902938505185,-0.8649702327304526,0.023938778648181162,-0.9650055183383452,-0.052450921599851624,-0.4924961356598439,-0.09130163961334942,-0.7500409065944249,-0.12416860253630752,-0.8969462939518044,-0.14993729064878775,-1.0,-0.13994654495833211,-0.44351871595903075,-0.1958804581294287,-0.6832051922224713,-0.22723254991391412,-0.8197064224269329,-0.24954934627198463,-0.9175445670475643,-0.21666208860450564,-0.36330824818349117,-0.2838432364404916,-0.5582815030456915,-0.31447749559470156,-0.6656871633720827,-0.3324920879857978,-0.759533914279791
1,0.0,0.0,0.11599865474073921,-0.16182181957118233,0.1727652366438697,-0.3185674507926703,0.21960135584546425,-0.46847507390174864,0.27676034434598845,-0.5576844066874047,0.04752667555800827,-0.5010122703250272,0.040221723408449934,-0.7320970151010494,0.03464405848622668,-0.8641634415464424,0.029159329485723272,-0.9640267219552058,-0.049511541532851124,-0.49265228317377213,-0.08707284444918506,-0.7489540816819948,-0.11912309438312745,-0.8962464313431633,-0.14456989326191452,-1.0,-0.13737938910529646,-0.44300997089218624,-0.19177794485276756,-0.6821714605483946,-0.2231966079237733,-0.8201247879398045,-0.24540999153622653,-0.9198054987967629,-0.2139712316618438,-0.36159414071564716,-0.2806408200703473,-0.5555182920774108,-0.31100992050865106,-0.6643996591846331,-0.3285398054223723,-0.7597941842021104
1,0.0,0.0,0.11558335662734676,-0.16728343157042252,0.16924434031188376,-0.3274298329659528,0.2151511266849356,-0.47578645865645053,0.27204577845043726,-0.5620951201159529,0.04367434680581462,-0.5083350451889664,0.03478897611347395,-0.7373569583133932,0.027412215167689213,-0.8687141832361752,0.019849196757586902,-0.9685142545875484,-0.053536149540515235,-0.4997654982559894,-0.09386249949661743,-0.7524719692217111,-0.1277217972198518,-0.8979606747839146,-0.1552004517879226,-1.0,-0.1423286224296671,-0.44872129944488554,-0.20056181043391033,-0.6826179906255142,-0.23350742443736736,-0.8176977621515842,-0.25779566278483584,-0.9146974411697801,-0.2203013159307533,-0.36596023696530183,-0.2871400152157584,-0.5568784914697535,-0.3191604936939592,-0.6645599130306357,-0.3386617827082375,-0.7578775999798221
1,0.0,0.0,0.11550980866693578,-0.16662263328473306,0.16848184861508178,-0.3261103890732107,0.21349763402547045,-0.4784454422605267,0.26985767649283476,-0.5675817756317068,0.04310840437103809,-0.5075420815882548,0.03582580605859197,-0.7414113453474225,0.02800143833426291,-0.874523445109225,0.019785771631487762,-0.9747365167422061,-0.054609389611045306,-0.497806160991512,-0.09589479774787385,-0.7554187489288937,-0.13134466475884315,-0.9001421030637136,-0.15903331042775748,-1.0,-0.14312705910183754,-0.44684769419705134,-0.2003895449122718,-0.6847773841137071,-0.23175651475584466,-0.8199185117744062,-0.2546587404998946,-0.9157503527687816,-0.22013824411813018,-0.36451144871880875,-0.28762447055053264,-0.5594281175385521,-0.3184558339174295,-0.6678762454166133,-0.3359171360176393,-0.762406569309673
1,0.0,0.0,0.1157308241296763,-0.16853264397237,0.16788169113538248,-0.3274683150854168,0.21277691564705928,-0.47730257743439536,0.2703852872441544,-0.5648172686143041,0.041909431748239315,-0.5035227095444146,0.03499310557906192,-0.7392359770370183,0.02696443272920233,-0.8743778902437203,0.018552251301774434,-0.975167819602452,-0.056849276595253226,-0.49327468840047384,-0.09833043482742758,-0.7531901342084354,-0.13313989916626018,-0.8992856651642732,-0.16069562996366452,-1.0,-0.14584913289884618,-0.4427901461202996,-0.20375625557801916,-0.6823031837654653,-0.23552819453792348,-0.8189519287078744,-0.2585930188935243,-0.9156723529115035,-0.2225383447729704,-0.361702612005527,-0.29027075104256256,-0.5563598927340444,-0.3214805989090622,-0.6656058617062152,-0.3396463827567366,-0.7599986522794636
1,0.0,0.0,0.11571256738939037,-0.1664850651693512,0.16854660802191546,-0.32656352156768664,0.2138561737002281,-0.4780201185569674,0.2705332882608879,-0.5679843087203329,0.04354671469758396,-0.5056904594497337,0.03579912165625117,-0.7385316781694645,0.02872439132048832,-0.8714863523890846,0.02069745026187691,-0.9724602775369015,-0.05512249448486794,-0.4962002126875773,-0.0938193065891901,-0.7519966129289962,-0.1274285901222124,-0.8977856027673091,-0.15501719374719383,-1.0,-0.14367970369766314,-0.44586740830752175,-0.19888459921003113,-0.6843210472990432,-0.23069642143431837,-0.8222628801387447,-0.2540095590881269,-0.9206442546618453,-0.21952174216064219,-0.3644244705449515,-0.28702913952561093,-0.5589147907947907,-0.31816677152489786,-0.6686263065991465,-0.3357998328273746,-0.7630240323687166
1,0.0,0.0,0.1163754211585362,-0.16687467705999467,0.1696049355163018,-0.3253625465177679,0.21442811525152208,-0.477275525351859,0.27156798686946,-0.5671775935347846,0.04461686009609104,-0.5042180507109097,0.03663869111430561,-0.7389896062433504,0.02909030708716057,-0.8725479003761905,0.02153487428194741,-0.9723847926042315,-0.05434950804053638,-0.49534649673586806,-0.0961497145221069,-0.7543490841613147,-0.13091781234314384,-0.8995786783417292,-0.15788443690288695,-1.0,-0.14373992066409777,-0.4457872049151701,-0.2012569971624382,-0.686158347846434,-0.2334255246827014,-0.8232409833864587,-0.2561002054290165,-0.921212949919813,-0.22086136353753785,-0.3636258857230191,-0.2896100011111351,-0.559117077679487,-0.31994422701980474,-0.6678454795448032,-0.336365784335872,-0.7621958029575053
1,0.0,0.0,0.11368662745212657,-0.16577365504195746,0.16604081013625524,-0.32677515895798936,0.20981562190594338,-0.4777217534836519,0.2645713674048782,-0.5689086619963474,0.040124919795630605,-0.5085495060156877,0.0324847940448117,-0.7396976369050635,0.02526150201128879,-0.8720985778689343,0.01710963590840216,-0.9715417969999965,-0.0574363621503086,-0.4998420819701522,-0.09719723709315804,-0.7542994712283926,-0.13130375416178577,-0.8992898481205819,-0.15923510729572798,-1.0,-0.14582683014342376,-0.44957820611256333,-0.20171635579864666,-0.6862882907546443,-0.23334028528367806,-0.8214394937859527,-0.2566713580133709,-0.9168995145077068,-0.2223688894351398,-0.3673452428096538,-0.28893999157361294,-0.559906744079632,-0.31988862021759684,-0.6680393502739,-0.33797933575649014,-0.7611736862714342
1,0.0,0.0,0.11718234898950136,-0.16496906039174403,0.172852108325496,-0.32515086395723775,0.21788522002674493,-0.47589345211181494,0.27388946932331054,-0.5653290602034865,0.046173686336555754,-0.5026350592352911,0.0385964143303752,-0.7361497933136332,0.031624514006672017,-0.8699605148768403,0.02440863948205209,-0.9688736079101646,-0.052210098677866155,-0.4937312369363629,-0.09312959237340071,-0.7517536358787738,-0.12691830776793983,-0.8985512296618243,-0.1538874403250847,-1.0,-0.14100862604730752,-0.4448309534993825,-0.19665252373768666,-0.6833678385050523,-0.22808307540224249,-0.8218568556964386,-0.250725611695663,-0.9206475813109867,-0.21843116697205436,-0.3645042068197635,-0.2847263545524174,-0.5555929588056788,-0.3162552185021439,-0.6637822533109206,-0.33510541068887484,-0.7564987249115296
1,0.0,0.0,0.11498255004857984,-0.16515875245855577,0.16886169931969314,-0.3260053943953916,0.21299678436514627,-0.4787705660141738,0.2682495082888452,-0.5698064280531265,0.04397841863422083,-0.5083071040081436,0.037236465053267526,-0.7417627620212616,0.02930712009104816,-0.8751892815955755,0.02043304639539537,-0.9755283470652957,-0.05317282594607686,-0.49877211754143475,-0.0936239797998719,-0.7545086530756663,-0.12913654669765937,-0.8997622568288486,-0.15774803386492062,-1.0,-0.14191498198241664,-0.4485748181449221,-0.1991212111751589,-0.6848170758819817,-0.2309833371648488,-0.8199789408555916,-0.2542742210907426,-0.9153354278951357,-0.21997591348532625,-0.36723723135636593,-0.2870861845011887,-0.560039753155797,-0.318058831264788,-0.6679514069230281,-0.3358655393496641,-0.761946428791048
1,0.0,0.0,0.11576338565622052,-0.16733253379621027,0.16844743879989918,-0.3278066464373875,0.21279722122025735,-0.48084571854417696,0.26911652887468746,-0.570459790144515,0.04441231198609699,-0.5058480562864772,0.03593153800101518,-0.740666881139598,0.02777897307191294,-0.8746819259049317,0.018882505570136564,-0.9758565660954353,-0.054022793117895415,-0.49604875294554346,-0.09508896680994224,-0.7537565300816315,-0.13074894241771848,-0.8991884392985701,-0.1595048569294596,-1.0,-0.14351541123698047,-0.4459948318697161,-0.2007575755778683,-0.684805775720301,-0.23350105458152656,-0.8215277623918251,-0.2572666542967561,-0.9185248772548894,-0.22134204293959364,-0.36481323751855543,-0.2891591998473861,-0.5599706689842774,-0.31952190596189045,-0.66848631814673,-0.33633524273071264,-0.7617993598927111
1,0.0,0.0,0.11320081934927015,-0.17017000386932407,0.1650200235972056,-0.33532604238108454,0.20923068506003886,-0.48718111853728396,0.2657761931293596,-0.5756456192879633,0.038089132470282006,-0.5118613917471163,0.029896116345270667,-0.7445409241665382,0.021159326507900946,-0.8784609040283242,0.011423060571006243,-0.9789743055244788,-0.058841367387388446,-0.4994553446212368,-0.10309778018798367,-0.755791178122206,-0.13876733409766662,-0.9002505028715398,-0.1677848341273335,-1.0,-0.14728594724308397,-0.44649397728913126,-0.2098056268712476,-0.6830127618114347,-0.24353351306937004,-0.8180679467414396,-0.26854281464994056,-0.9145186771019749,-0.22431270886855845,-0.3626992583946437,-0.2939643548468038,-0.5562735020690328,-0.325593398425096,-0.6644692680400742,-0.3443377215061741,-0.758105671578883
1,0.0,0.0,0.11093543466339863,-0.17156913489754175,0.15853797982764165,-0.3362670709166607,0.19915127635249602,-0.4887400662028378,0.2538994884636987,-0.5775251204762866,0.03410906810208085,-0.5090325636894131,0.02492540451749748,-0.7430418545759905,0.01602247713035182,-0.8774539962075921,0.006992667618789116,-0.9776567321888743,-0.062088570940688495,-0.4967259473374603,-0.1075488405955938,-0.7549841596784944,-0.14455017532716308,-0.9002397369361272,-0.17364350567712034,-1.0,-0.14951111443722934,-0.44443512667033763,-0.21121998872116685,-0.6839676363208819,-0.24594684740658065,-0.8200982424736392,-0.2716278463715796,-0.9162912753913829,-0.2254833059783324,-0.3604868360745634,-0.2961319566496205,-0.5553802009562125,-0.32892072887322404,-0.6643254572077689,-0.3485859386114651,-0.7588699722245912
1,0.0,0.0,0.1081397687835977,-0.17371565591344218,0.15375591962972626,-0.3403678222467737,0.19225606914235743,-0.4905334624796229,0.2455776139948528,-0.5777697891319021,0.030615952044911666,-0.5079833628084566,0.020004060720714405,-0.738687540245483,0.011710403326497238,-0.8719335265194942,0.004007456104338407,-0.9710483788054847,-0.06426196401015698,-0.4960126592850638,-0.10863166651648744,-0.751805126812826,-0.1438401384127005,-0.8976544514886211,-0.1711649774837036,-1.0,-0.1508121559062665,-0.44567967312845125,-0.2108476766254705,-0.6827505712888224,-0.24438894740519712,-0.8207848672043161,-0.26845090562776835,-0.9214243013195931,-0.2263903086641805,-0.3636725948640588,-0.29412378893004243,-0.5560786706997827,-0.32643583296651174,-0.6644625062081267,-0.3464717959890149,-0.7578123114182244
1,0.0,0.0,0.11033228444981182,-0.17312599409327037,0.15794928721630855,-0.33541439550399216,0.19690844720094763,-0.48559091504100105,0.25025843003834286,-0.5732739407482895,0.03240782992288106,-0.506082885801623,0.023747816451392456,-0.7378789398842607,0.015926444199922025,-0.8713742758744553,0.00919787261090832,-0.9704857465440497,-0.06362923639574541,-0.49408623923396927,-0.1071846901071575,-0.7508523967858316,-0.1417621715050552,-0.8970935975886847,-0.16785121829011757,-1.0,-0.1493748744185265,-0.4432470836548864,-0.20993900267759286,-0.6835546005360094,-0.2448771960654646,-0.8223803008594704,-0.26960069031705375,-0.9241830019712693,-0.2215958891291014,-0.3607212389994404,-0.2922555173503694,-0.551785434691452,-0.32441956938991634,-0.6591306142645831,-0.3439734247187376,-0.7532108982587389
1,0.0,0.0,0.10932611984864901,-0.17263190692338742,0.1565877573757645,-0.3367567172035473,0.19576585444150965,-0.4858319701830044,0.24928009139598395,-0.5725525963587953,0.03161168036898296,-0.506661284878355,0.02295209972359324,-0.7373279421032879,0.01527200455091573,-0.8708169696283026,0.008423159629034276,-0.9702953610401014,-0.06405385565005157,-0.49512716835319637,-0.10668517246507149,-0.749938699542784,-0.1410605427580721,-0.8962409624903517,-0.1677442989630616,-1.0,-0.14995380631699204,-0.444294289403306,-0.20877939624832703,-0.6820074542488983,-0.24269400992798318,-0.8208268598445418,-0.26726225123981767,-0.9228900675320015,-0.22351813166969983,-0.3611823883337936,-0.2918643883762814,-0.5517306462158711,-0.3242913624658032,-0.6597669307991719,-0.34499736811668097,-0.7532632756679437
1,0.0,0.0,0.10730743471035718,-0.17173525462086373,0.1522908864319159,-0.33921197402666753,0.19096734004239638,-0.4877580156957629,0.24469368292362823,-0.5733310043024396,0.030081539898066667,-0.5075349100797273,0.019882941754046063,-0.7381141863177082,0.012445993872567914,-0.8717412996970129,0.005503839704511413,-0.9717290215174627,-0.0641676842074783,-0.49664672198929827,-0.10824804103807589,-0.7513730220003166,-0.1424714452413875,-0.8968462283049456,-0.16922621897127282,-1.0,-0.1498156956876702,-0.44726371461374126,-0.20945925618675468,-0.6843796172442049,-0.2436647978011341,-0.8226818402151934,-0.26836603189919933,-0.9241641906611376,-0.22387201511438262,-0.365486150100651,-0.2928934348028666,-0.5548898085092862,-0.3254036287003293,-0.6620018358980877,-0.346280012439883,-0.7545415632360092
1,0.0,0.0,0.10695482634501026,-0.1718076968638096,0.15273602518541995,-0.33742097847175023,0.1910074756272976,-0.486531977895739,0.24428242124649888,-0.5742422680055755,0.02809959728158836,-0.5085051197417677,0.019148479453143703,-0.7388458944714827,0.011975235705035366,-0.8726483325441554,0.005096421760150875,-0.9725285133568109,-0.06651421515655538,-0.4974108202670303,-0.11060432517192681,-0.7526186768364177,-0.14465144212950684,-0.897717317174082,-0.1712031180191463,-1.0,-0.15182807445591315,-0.4473613305516243,-0.2129598153676638,-0.6844518238057885,-0.2468734599911737,-0.822076342880637,-0.27098187680079994,-0.9231236535990066,-0.22481343876267193,-0.3649300218577419,-0.29550417079865354,-0.5527245604955118,-0.32804384104951045,-0.6590231321768147,-0.348045018580469,-0.751266587031939
1,0.0,0.0,0.10829279876263533,-0.17165015741813408,0.15475897605555441,-0.33643811095984716,0.19188667960879782,-0.4868431842602343,0.2445924708132774,-0.5748777152714236,0.02902003794717773,-0.509351389569514,0.020503104918526475,-0.739881856321303,0.012855618587936277,-0.8729337372841307,0.005772201771375534,-0.9721078662476114,-0.06562819637434339,-0.49832878555223065,-0.11015070565988572,-0.7535416849249534,-0.14482815887616687,-0.8981026035401022,-0.1714246235458302,-1.0,-0.15041362123140742,-0.4481506457304353,-0.21112299993678288,-0.686904832690219,-0.24617919225057724,-0.8242791957167163,-0.2715279407912059,-0.9253651962628445,-0.22226095405618584,-0.36533941720582036,-0.2934811881173238,-0.5544955025201836,-0.32625029225000424,-0.660268211531422,-0.3466253660698426,-0.7529727308789124
1,0.0,0.0,-0.1447592519601875,-0.09296900234063347,-0.27540654621361377,-0.25973597082150135,-0.3653950136802007,-0.37988410620835844,-0.4484713085089485,-0.4336755582895655,-0.16511911843454535,-0.5102778181401946,-0.2270321655108514,-0.6937909841672015,-0.25963533063973415,-0.804810736035498,-0.28000660493488794,-0.9048147384404214,-0.07685748567182542,-0.5441435776724198,-0.10294446489151307,-0.7570881962794843,-0.11637533702618028,-0.8895476905398519,-0.1265488896178293,-1.0,0.012712179424525712,-0.531210299212638,0.011038613443188714,-0.7341970020440302,0.007259434436981989,-0.8600230418644788,-0.0011204800256308597,-0.9710796757974671,0.10166311525737058,-0.4843778111698227,0.12470410964810644,-0.6364989746012604,0.13659811629809254,-0.7395581944358645,0.143760487581862,-0.8400051199846555
1,0.0,0.0,-0.14138331162808573,-0.09626855256394486,-0.2680925820377969,-0.26356392459417183,-0.35651661172094784,-0.3853099569291399,-0.4384972319744412,-0.4422870167228872,-0.1619217178340646,-0.509043853162359,-0.2233083249685124,-0.6951325542276808,-0.25622248016726407,-0.8070149952198985,-0.2775146478312876,-0.9087146164745065,-0.07283011978651892,-0.5430901251540844,-0.097860365856385,-0.7567572388641806,-0.11088903229034933,-0.8892310767391574,-0.12149068767342673,-1.0,0.017332612964563888,-0.5293854232637443,0.01385473114937539,-0.7318929573107298,0.011690390221631364,-0.8559063151472566,0.004868577889112109,-0.9654128330480685,0.10627950936151181,-0.4811452607640761,0.13115944076474775,-0.6290628365728522,0.1451205338111437,-0.7284650693925756,0.1550356887927002,-0.8253078620373935
1,0.0,0.0,-0.14091141142541372,-0.0969231692588084,-0.2673138113892593,-0.26271091564139515,-0.35459647547155554,-0.386221441427353,-0.4368515730155189,-0.44391086408789154,-0.162090241108276,-0.5089992188066034,-0.2210369379896955,-0.6949053613013482,-0.2543847856906986,-0.8065475818991727,-0.27773852282952216,-0.9090551242293576,-0.07279651215201684,-0.5419991999164049,-0.09771301867045044,-0.7550950332407713,-0.11151826263736342,-0.8872403882963982,-0.12301029420168945,-1.0,0.01750934885485943,-0.5274481996086621,0.015290922207532502,-0.7307032916529473,0.01263940787118702,-0.855228771063468,0.00514817686868897,-0.9660699994237294,0.10704448976497963,-0.4787210522653533,0.13326360698057393,-0.6270572203240362,0.14735282562696927,-0.7274854539494024,0.15708266470399895,-0.8259028139939547
1,0.0,0.0,-0.14187321067778635,-0.09738525739897551,-0.2661579782530583,-0.2636204059857229,-0.35179431912074344,-0.3878688063174879,-0.4334162426732565,-0.44473482944025977,-0.16095749592770614,-0.5092532862230785,-0.21916058946899375,-0.6944335675016953,-0.2520309311062289,-0.8058605047285312,-0.27513446668657615,-0.9085150407502142,-0.07114169745161805,-0.5419797858419163,-0.09509000581732341,-0.7547526603954545,-0.10852483119497928,-0.8867990112129304,-0.11984270018743964,-1.0,0.019168982645982064,-0.5270323702441874,0.017239891784481782,-0.729993458202816,0.014407936251284637,-0.8540927049845661,0.0066773130176978794,-0.9650420350305559,0.10843563574511482,-0.478002818174262,0.13509387797172417,-0.6278531358636672,0.14940362266553997,-0.7287256769535083,0.15889968416484562,-0.8278752241789341
1,0.0,0.0,-0.14311101395615206,-0.09491327256584925,-0.26880956045740284,-0.2623261622481845,-0.3543198280689889,-0.38652253869234626,-0.43528117084435125,-0.445056983430644,-0.16450105576050647,-0.506913590387954,-0.2232658063718726,-0.6929938746314627,-0.2549915919164174,-0.8056812428533209,-0.27575049966778375,-0.908224548993928,-0.07388231600192074,-0.5402510372400758,-0.09773375182469424,-0.7544312769193979,-0.11080178686650051,-0.8873720315012373,-0.12130795695276157,-1.0,0.01695454261061687,-0.5259893460503119,0.014105179156857876,-0.7294046094185123,0.01153026353517212,-0.8542389811114638,0.004620223696094512,-0.9654412123147621,0.10693236031660916,-0.47799408190674836,0.13217944973017748,-0.6284289185872577,0.14585184576722754,-0.7292162384064983,0.15535551358017774,-0.8280175539136453
1,0.0,0.0,-0.14226180685270232,-0.0957827346984495,-0.26671610420653014,-0.2612377059078581,-0.35268350743391536,-0.38357524234509816,-0.43359812306497175,-0.44205954446055684,-0.1619393701048102,-0.5062616478914058,-0.22033179374416179,-0.6916662137615216,-0.2525890196475298,-0.8036710256564398,-0.27423351270299223,-0.9062491155134933,-0.07184608509993971,-0.5396976285117748,-0.09580647317501692,-0.7540009063869332,-0.10941131124953431,-0.8868518488885467,-0.1205180350673041,-1.0,0.01869534774393411,-0.5258082170400263,0.01627834795772456,-0.7293242314055528,0.01344270524063391,-0.8543673294747257,0.006033705657402751,-0.9660285101025718,0.1079700877895956,-0.4775036848698975,0.1348125383557799,-0.627061757568934,0.14904303425399698,-0.7279513401595389,0.15855168767353656,-0.8270768752303269
1,0.0,0.0,-0.14320270171156718,-0.09434674126527623,-0.26844231261645524,-0.2612084876764021,-0.3550321664236035,-0.38513482260615683,-0.43624158494955567,-0.44421091552223324,-0.16360396511168201,-0.5060558295509765,-0.2230772781401991,-0.6921146908472369,-0.254765644696648,-0.8043296608004413,-0.2748030218123794,-0.906986467762658,-0.07333595873252874,-0.5402786237317355,-0.09833613764968942,-0.7545262799529542,-0.11114602997710196,-0.887849152035926,-0.12103647455670692,-1.0,0.01730044888754593,-0.5267987887044049,0.013765430044086629,-0.7292299871309329,0.011520536015640194,-0.8545854018678759,0.005099403252430595,-0.9658183207426085,0.10654797902620168,-0.4788094117246985,0.13273482300962103,-0.6274413006417818,0.14698604316461758,-0.7276653625646989,0.15709224502899682,-0.8260588017372592
1,0.0,0.0,-0.14182656139650565,-0.09490780544723186,-0.26782815042834773,-0.2599962193324531,-0.3539510854546013,-0.3849617711180029,-0.43452229250468266,-0.444397511284429,-0.16226241287192558,-0.5055737978628673,-0.22195358798784046,-0.6922624896367489,-0.253797076027881,-0.8052058064912334,-0.2735993298430927,-0.907056510424663,-0.0725149307581294,-0.5392988876777106,-0.09669661774188595,-0.755680692879295,-0.11005043448889981,-0.8893602515583259,-0.12018809300825989,-1.0,0.018324339054871495,-0.5259700194982652,0.016420859305431877,-0.7319820965240889,0.013937709184143459,-0.8573569007737895,0.00729822366198913,-0.9672997205760432,0.10820078607179047,-0.4773253984094329,0.13492348466238832,-0.6270031780636841,0.14957481883501705,-0.7271014850155065,0.16002913225043755,-0.8240303163478367
1,0.0,0.0,-0.1414762508630152,-0.09621769671301299,-0.2647314921710669,-0.2633265176045633,-0.34914115188026035,-0.38702186115801723,-0.4282237939332753,-0.44941902147096624,-0.16040216272323563,-0.5075715201663809,-0.2186001206563935,-0.6925977681408403,-0.2497036152405883,-0.8040554848938006,-0.2692557281007225,-0.9059879760316168,-0.07040414209421238,-0.5410960032806417,-0.09403745272949575,-0.7546767137895862,-0.10702013749525283,-0.8881767152101874,-0.11745379021130022,-1.0,0.01992648862429929,-0.5271511926893969,0.018637719234277022,-0.7300979930693604,0.01597769087907748,-0.8555670519021377,0.00873205662326888,-0.9670003343148109,0.10865070352905745,-0.47872469790915917,0.13606972689415858,-0.6258308859531903,0.1507005931483458,-0.7259734196048645,0.16105450278485184,-0.8241771641201602
1,0.0,0.0,-0.14094272781999762,-0.0981988807111708,-0.2641711258759672,-0.2665022647097427,-0.3498648897038406,-0.3879811506804149,-0.42944084381913344,-0.4470130044575787,-0.1589144555421122,-0.5076835842727107,-0.21714736420662561,-0.6929333578915373,-0.2485773280229762,-0.8043047185356165,-0.26854320459701597,-0.9062393198871022,-0.06952958798035665,-0.5406731547399862,-0.09315981704988761,-0.7543321763659048,-0.1062976054474974,-0.887819674344792,-0.11682492670940531,-1.0,0.020551757053004174,-0.5266525754754761,0.01888212057350307,-0.7294128779043704,0.016359941977225623,-0.8550692580581843,0.009306500612371767,-0.9662321859084402,0.10868423183228165,-0.4787506547790969,0.13504450512784846,-0.6262286723270586,0.14957458677725988,-0.7265365053496097,0.16015040056671034,-0.824290351324581
1,0.0,0.0,-0.13998958620646312,-0.09934488742418895,-0.26279135691994404,-0.267980864288159,-0.34775832910923693,-0.38943684663640565,-0.42761853534279826,-0.44694085245958654,-0.15768556911797513,-0.5090387786932783,-0.2150358110598192,-0.693937199787717,-0.2462950536087329,-0.8050744160008566,-0.266622033872756,-0.9065227120451886,-0.06824271652295918,-0.541348567834042,-0.09137042980690631,-0.754643643226779,-0.1044235373659699,-0.8876997731392078,-0.11507170977544662,-1.0,0.02180706394295105,-0.5269409772096316,0.02098135095509627,-0.7293194313269195,0.01876117818289935,-0.8550107722136475,0.011753438907469348,-0.9665433137590747,0.11012366935057252,-0.47876893631259754,0.13708801356675643,-0.6265029486138025,0.1515300994687869,-0.7269237106692996,0.1615008413303704,-0.8248679008068918
1,0.0,0.0,-0.1419468886194147,-0.09827724803389522,-0.26510356950506697,-0.2655803153980899,-0.3503595183261593,-0.3878153190256069,-0.42997797056353726,-0.44661706306592924,-0.16021059895805062,-0.5072085395101978,-0.21872374652412122,-0.6928228501946397,-0.2498675260050724,-0.8039767215837027,-0.2691457138420102,-0.905736952385358,-0.07044180183514127,-0.5401067438774735,-0.09424935887117901,-0.7543977920528819,-0.1069106913334677,-0.8883021662672543,-0.11652434307012083,-1.0,0.019789202791181994,-0.5255769451350442,0.017904310018885747,-0.7286523809681151,0.016005350882617137,-0.8550018904626748,0.009809259160483525,-0.9665018982510978,0.10855419019517788,-0.4772174466339616,0.1349117241255607,-0.6262013878497769,0.1491109161120759,-0.726917120322639,0.1592622050488806,-0.824760010365683
1,0.0,0.0,-0.14114702018022252,-0.09768423722584384,-0.2649740396082027,-0.26626135675591545,-0.35032452734188096,-0.3885110299416058,-0.4301985305381547,-0.4458054317752625,-0.15899822117378715,-0.5079634202340135,-0.21636359461058088,-0.6934585256032184,-0.24757947614640638,-0.8050170969741431,-0.2680861113297801,-0.9062790212193753,-0.06904752611986527,-0.5407194139087521,-0.09237440837703063,-0.7545601617585534,-0.10544802029390939,-0.8876332406796377,-0.11642565459963558,-1.0,0.021279101074241684,-0.5265741402347847,0.019980254584874242,-0.7294005866922857,0.01729316195691485,-0.8551229542860659,0.009568881059436875,-0.9669322415865811,0.10973164323264974,-0.47841579663450956,0.1369416455602537,-0.6262495987174836,0.15159241471382143,-0.7266981846106536,0.16171035704386547,-0.8249288370286921
1,0.0,0.0,-0.14080954150240912,-0.09785454829840894,-0.26428368043698663,-0.2635851199331077,-0.34916743446538845,-0.38510438642471967,-0.42894158768891844,-0.4448422319022284,-0.1589682373891483,-0.5069373289947623,-0.2159179876540046,-0.6917841265530252,-0.24672557447310314,-0.8033146492591732,-0.2664479224421002,-0.9054224541573807,-0.06876050098523794,-0.5392506933830046,-0.09176760583825228,-0.7531076107538033,-0.10450387593747018,-0.8868471941688969,-0.11485698328343863,-1.0,0.02164809402300966,-0.5245205895672869,0.02130434589364726,-0.7273714672787244,0.019107856815050173,-0.8534969114206935,0.012010663662739868,-0.9658192369018487,0.11058769771309618,-0.4758108649563487,0.13817360330217598,-0.6249873872333552,0.15322485392595825,-0.7263034839227535,0.1635041996375656,-0.8255309442822582
1,0.0,0.0,-0.14127808884940923,-0.09781352135530956,-0.264600008477907,-0.2641940507939919,-0.34913550367122637,-0.38735585315925236,-0.42869121980559916,-0.4471077261583176,-0.15952078866815386,-0.5069104854810178,-0.21622250332956108,-0.6921302837162726,-0.24700665213589915,-0.8036598878971458,-0.26693794710220325,-0.9059755743758378,-0.06939837165652543,-0.5394982193091035,-0.09219081861555779,-0.753288375250667,-0.10459037123130836,-0.8869776988562472,-0.11448044449911761,-1.0,0.020686659484677315,-0.5246058976965866,0.020564400135684276,-0.7276856626225414,0.018524321160865265,-0.8537883451814758,0.01159481231396163,-0.9665687710726261,0.10950717964486632,-0.47571282628966854,0.1371328832615811,-0.6254050017951827,0.15194590151258888,-0.7268669498237247,0.16192689041984237,-0.8265128980780925
1,0.0,0.0,-0.14066498986125703,-0.09802095962744813,-0.2642073038564952,-0.26574495189827185,-0.3485764729474115,-0.3884403427081885,-0.4282171526516081,-0.44626852945121376,-0.15905677714931635,-0.5072976500640545,-0.21572687024389767,-0.6923491870235409,-0.24662829494998353,-0.8039543549999406,-0.2669993489849844,-0.9063000558578806,-0.06928480595847576,-0.5396930514192448,-0.09184348550156925,-0.7532672427014538,-0.10437151583875579,-0.8866034088587467,-0.11465872268627925,-1.0,0.0207051449050765,-0.525006918567284,0.02053970295529879,-0.7279000587252896,0.018504785837565433,-0.8539137679583275,0.011457656764736455,-0.9662389479778447,0.10904756182520388,-0.47631199522048207,0.1366186419687177,-0.6255138934451975,0.1516363189788704,-0.7266754675998826,0.16191824375730177,-0.8254843987486779
1,0.0,0.0,-0.14277164884629848,-0.09556431533602587,-0.2671995012297909,-0.26504976003301184,-0.3511526616400474,-0.3890116460858568,-0.43079839866024044,-0.445910398616754,-0.16100578392879383,-0.5059850770713888,-0.21759748459482128,-0.6911125832416141,-0.2482744994513386,-0.8032584555659886,-0.26870091678331975,-0.9051295292336206,-0.07049468390461634,-0.5389492879927642,-0.09227570289045182,-0.7533575644018362,-0.10517793149803353,-0.8866968692384939,-0.11615635916654515,-1.0,0.019702652221931,-0.5245734373194221,0.01997595485165344,-0.7293188444810192,0.017439846360624758,-0.8554193165212669,0.009743130033581434,-0.9681999013520256,0.10812186688101055,-0.47553041011701863,0.13622070487215587,-0.6241359025923335,0.15106242734047282,-0.7255288620953785,0.16090415808066114,-0.8251572659999854
1,0.0,0.0,-0.1420097082550537,-0.09510352650257967,-0.26667085507732174,-0.2631673001795955,-0.3509187424290681,-0.388340641540505,-0.4312595923778012,-0.4442526021608403,-0.16219920789688766,-0.5035599276151531,-0.22009854406543336,-0.6890909396326017,-0.2521470982475867,-0.8015007480298969,-0.27347069548748737,-0.9042907989475575,-0.07231357428462643,-0.5381388006391186,-0.09513275680050473,-0.7526319131078146,-0.10846101342581749,-0.8863392202647202,-0.11966399962342265,-1.0,0.01783750459807771,-0.525068491902638,0.01728108499828984,-0.7296357828955685,0.01415287369891958,-0.8554640063046336,0.006324373551059826,-0.9671696777036982,0.10602702170216756,-0.4769933829438554,0.13282484636061911,-0.6258339176229466,0.14720434977202265,-0.7265322465230181,0.15722350890366263,-0.8241289845736154
1,0.0,0.0,-0.14035390999358788,-0.09491909943179432,-0.26497326572526286,-0.26289256465488087,-0.34910714162812345,-0.387580460680963,-0.4295112673551359,-0.44412231138947456,-0.1622406676622097,-0.5047894903995885,-0.21957291517298427,-0.689946301717129,-0.25109043858621116,-0.8022249394683352,-0.27190305022821687,-0.9048475123219454,-0.0723298512110771,-0.5385898233136583,-0.0947398694098543,-0.7522246048360114,-0.10774951977888256,-0.885662542809798,-0.11879314591360059,-1.0,0.017884744938258913,-0.5249004658699,0.017491065435618427,-0.7284766269289595,0.014968080110883387,-0.8545027199912055,0.007305522017169344,-0.9672027571425134,0.10630656621241634,-0.47667230605197036,0.13322780786066993,-0.6264762803353101,0.14800469662399654,-0.7274455321814481,0.15799648555368526,-0.8259055162548482
1,0.0,0.0,-0.14197720175885803,-0.09436318020708155,-0.26683173030236823,-0.2625214508757875,-0.3518242348239321,-0.3870882607758882,-0.43173258780634355,-0.44546849774832187,-0.16222182140125996,-0.5032482619290387,-0.2211806250986247,-0.6891846808504182,-0.2534136479916973,-0.8022725220919364,-0.2738893718971147,-0.9049427957679376,-0.07248167476906643,-0.5381726964300887,-0.09582386915383027,-0.7533644778807521,-0.10933479146183071,-0.887624959412136,-0.12021034755350012,-1.0,0.0181806129601981,-0.5258048725161745,0.016834195920274814,-0.7309533387501063,0.013946862520180134,-0.8569870016417221,0.006607192169500989,-0.9679972278868213,0.10710985579549179,-0.47812048602260176,0.1329921107813505,-0.6274634367830741,0.14728311666241822,-0.7286426754457838,0.15740371951737617,-0.8261022924177318
1,0.0,0.0,-0.14004358159981092,-0.09359902876318453,-0.26293629882240044,-0.2572969111017533,-0.34607010812001954,-0.3797669650036189,-0.424893507990677,-0.4408882416246119,-0.16356058767599801,-0.5020724922437262,-0.220637061417661,-0.6858878248710132,-0.25129953605845273,-0.7969494676687853,-0.27068058770247355,-0.8991294128426391,-0.0739991755701357,-0.5357106774068536,-0.09806545485215837,-0.7502303255070175,-0.11179690677583673,-0.8851583098705549,-0.12255969256585807,-1.0,0.01642420495445566,-0.5224931821900645,0.015076220994670517,-0.7265910591011445,0.012740793397677442,-0.8544044945658215,0.006211827036902716,-0.9676214366326271,0.10570365240206325,-0.4746090210630531,0.13174841206950572,-0.6254531161184265,0.1455822676567957,-0.7277744218436186,0.1544936557242726,-0.8269966693279327
1,0.0,0.0,-0.14034389534593322,-0.09559846861277074,-0.2672722596354942,-0.2634519650025718,-0.35322941465310465,-0.38590214441914394,-0.43398520263177126,-0.44315054477890914,-0.1638817780224605,-0.5064879191056937,-0.22302651210675298,-0.6915350356426521,-0.2562356298613149,-0.8028536108657619,-0.2789014877238513,-0.9043599472177395,-0.07476422612362457,-0.5402150704567276,-0.0995150282081673,-0.7544764044013641,-0.11370651030764016,-0.8871492154238265,-0.1257964145173108,-1.0,0.015523227076858014,-0.5269644421414356,0.01372659976331438,-0.7317164802795679,0.010190702611385468,-0.857884475640113,0.0015552479389188776,-0.9696830373345063,0.10443085061661436,-0.479151728828388,0.12982195331550822,-0.6298735989420987,0.14379050602819896,-0.7321209938731223,0.1527520379469408,-0.8313000984684454
1,0.0,0.0,-0.14387028591565984,-0.09440410814185307,-0.27026336789251615,-0.2612312231358499,-0.3566357925866162,-0.38540384853575643,-0.4379532801057751,-0.4427004862725128,-0.1665621403813257,-0.503375358588111,-0.2268886343530574,-0.6892332877137293,-0.26027907847121534,-0.801724022230258,-0.28256704797190885,-0.9036246878112062,-0.07647451086108313,-0.5392213715254677,-0.10156522919537066,-0.7545340473204011,-0.11640514963396308,-0.8880204249027053,-0.12891542171419018,-1.0,0.014244398624586194,-0.5278694047120999,0.011001623209168506,-0.7347060085581815,0.006170917444877803,-0.8607409338226863,-0.002931784951052555,-0.9714349889964594,0.10299037846887622,-0.48091799323336903,0.12785331833727856,-0.6298719282980999,0.14097799790397794,-0.7309730205226864,0.1500517486598842,-0.8284001783881184
1,0.0,0.0,-0.142891140386974,-0.0948110888100473,-0.2690628494953229,-0.26070604656572904,-0.3543510010028316,-0.38439813246602705,-0.435418588378632,-0.4409313451399624,-0.1675294176519186,-0.503020097983555,-0.227337375537765,-0.6885612827917397,-0.26137883476140467,-0.8012103311617252,-0.28489882249173437,-0.9038393238540707,-0.07811409972105791,-0.5386748163966266,-0.10312720930225895,-0.7534117141926986,-0.11796999603393984,-0.8865716824069182,-0.1307270916096866,-1.0,0.01262568939302854,-0.527313052024147,0.009262130409367504,-0.7327920213527407,0.004427796265791542,-0.8586819138584723,-0.00518242682962816,-0.9697386172497927,0.10203441791501744,-0.480804908708515,0.12631753559164152,-0.6310338811169411,0.13916764688102745,-0.731971401201507,0.14758088953008824,-0.8290113814371004
1,0.0,0.0,-0.14487363878424142,-0.08486538310602484,-0.26677457308344704,-0.26173510105256453,-0.3416478191691676,-0.40092918511559195,-0.4196875614253886,-0.46296293842789266,-0.15899690064944705,-0.503073833098465,-0.2113698463817442,-0.6903680274085549,-0.240840465987406,-0.8032726148639199,-0.26124531431435927,-0.9047728875005651,-0.07005052667973083,-0.5339462963309398,-0.09033655853113158,-0.7525849340391025,-0.10223887442958685,-0.8870090294691887,-0.11207266014349024,-1.0,0.017169245696095754,-0.5193107775287625,0.018894363408934776,-0.7255528609571128,0.01593094695936079,-0.8529722958877893,0.008960521715618754,-0.9668355234976009,0.10227660740487382,-0.47134972813444304,0.12460276371785761,-0.6237870266081601,0.1368847411822621,-0.7262681976150109,0.14532579853866334,-0.8263772787709565
1,0.0,0.0,-0.1429949165240523,-0.08881784236011504,-0.26455459103349827,-0.2613909033633159,-0.341925090701884,-0.3956893758097528,-0.4184890558769565,-0.4656606316481114,-0.15895187326439755,-0.50464440882543,-0.2137607912953427,-0.6920725564004965,-0.24260825658967725,-0.805175161929274,-0.2605538352465255,-0.9062564564783093,-0.07033904237620105,-0.5361024457326017,-0.09196791224700446,-0.7540666637303322,-0.1045894695809574,-0.8883075265701038,-0.11431490740864861,-1.0,0.017651306871001506,-0.5219539944469233,0.017290754780533463,-0.7285370968630798,0.014080043202417496,-0.8549337973592991,0.007352751866753395,-0.9668266543425728,0.10427179223007585,-0.4734063842295856,0.1260501385503061,-0.6257328867551525,0.1383892332698617,-0.7274033632094732,0.1469940764770454,-0.8257379083127417
1,0.0,0.0,-0.14494407474591958,-0.0897673297347415,-0.266768695518717,-0.26272162366911955,-0.3414835194662427,-0.3973706155008734,-0.41733807786117616,-0.46744438807407174,-0.15909765286908975,-0.5041648663693642,-0.21267323568316973,-0.6908240124576532,-0.24182260956972165,-0.8034905441305705,-0.2609703591041039,-0.9044019205935284,-0.07001748418522927,-0.5355595566456717,-0.09171054402726972,-0.7528831196921973,-0.1046777442354735,-0.8872338041495083,-0.11507560089171769,-1.0,0.01834221421442018,-0.5213686637484546,0.017930381383343002,-0.7277182574337828,0.0144750754701846,-0.8535762468905672,0.007273007852230121,-0.965751151144968,0.10550056662589799,-0.47299849191392007,0.12768936483613808,-0.6249855721477466,0.14054946953464786,-0.7261704848780824,0.14963698733163422,-0.8241102771739308
1,0.0,0.0,-0.1456407456589902,-0.08807246455646388,-0.2682616919627446,-0.2568411684600026,-0.3439154056087612,-0.3927290424081508,-0.4188622349625773,-0.4652296870087509,-0.15923151684611633,-0.5026507633353183,-0.2149508613061679,-0.689404760478974,-0.244124848702861,-0.8019806477894407,-0.2623183346147963,-0.9028244612355111,-0.06909390338941997,-0.5345303057778426,-0.09058206735112075,-0.753522246990901,-0.10308935026950293,-0.8887588989045193,-0.11229973919989963,-1.0,0.019583512301121524,-0.5203544213797519,0.01959775761825051,-0.7280146349001723,0.015603898299620911,-0.8545090939730332,0.008387537204679408,-0.9658695919302284,0.10694328891766561,-0.4715982934532163,0.13104077289392616,-0.6232498242945653,0.14381322975264274,-0.7243753784571868,0.15300757951116087,-0.8219989588255991
1,0.0,0.0,-0.14507819184286844,-0.08850347320822408,-0.26810270453061086,-0.25681636285927323,-0.34433244428084375,-0.39166863582032835,-0.4194917642022544,-0.4632410180416568,-0.15876466480164006,-0.5039038175378271,-0.21350024390145086,-0.6916359034090273,-0.24230676525431127,-0.8045682470775629,-0.2603604711383634,-0.9054642080474378,-0.06888696700193053,-0.5358067902732175,-0.08931986300688738,-0.7543741650827936,-0.10125527560863948,-0.8889466787914968,-0.10935119372804696,-1.0,0.019342903025509235,-0.5208386968764567,0.019927256280468937,-0.7269398689135591,0.016479330042623693,-0.8521153235302366,0.010063756381202263,-0.9628102245719123,0.10612772733043746,-0.47073890274706537,0.13036339185231827,-0.621112684154014,0.14332197511821104,-0.7213559436897293,0.15258502126764878,-0.8188741155448331
1,0.0,0.0,-0.16165745717185326,-0.08493263317188172,-0.29488132744592865,-0.25713487106867283,-0.38183352243310265,-0.39607607012405693,-0.46538288170878944,-0.45707024825338516,-0.185791780002746,-0.49721331758634635,-0.2462917703731445,-0.6832377894252969,-0.2776328756514595,-0.7956011754552359,-0.2995188983329268,-0.8971213478324445,-0.09262027442839278,-0.533991391870504,-0.11733519727777661,-0.7541106396591268,-0.1319322046687358,-0.8887534218266411,-0.14213246592744838,-1.0,0.001974491891677884,-0.5232279260024146,-0.003480437309289414,-0.7272179584329922,-0.010086400399055203,-0.8527387687924779,-0.016652602553702538,-0.9611903339585326,0.09732019769091758,-0.4776956685600741,0.11866797930465918,-0.6312215061927939,0.12976918720685135,-0.7320744968561469,0.13912125283543755,-0.8280864807116258
1,0.0,0.0,-0.1566088920100483,-0.08474124965983985,-0.2932647232730401,-0.25628198569887267,-0.3844798775710941,-0.39217974189757104,-0.46733418423317774,-0.4530520413432964,-0.18717142373776244,-0.5008485222716281,-0.24866760550958283,-0.6877934347423263,-0.28244631517534907,-0.7986986884314198,-0.30628912112923246,-0.89907691776963,-0.09450900563994613,-0.5402878982070516,-0.12165933171907894,-0.7579205853450356,-0.1383891631715895,-0.8902581658911892,-0.1524597653666551,-1.0,-0.0009659273572508475,-0.5326497603704978,-0.008848801505345281,-0.7359143865517831,-0.017039440243794685,-0.8605298096366983,-0.028111805657672156,-0.9667916365921793,0.09240325362606515,-0.49033863814114526,0.11171116949513751,-0.6377363974044716,0.12067539628216686,-0.7357794344367314,0.12759082431930407,-0.8296075502453899
1,0.0,0.0,-0.15707160720533772,-0.0864433979085598,-0.2918696963315753,-0.2596849796103003,-0.38276921786010215,-0.39743925918813955,-0.46864375350126497,-0.4576991791138905,-0.18274775643378868,-0.501168733337475,-0.24533691346500106,-0.6897847644850508,-0.27817741391964446,-0.8035007405267839,-0.2993780758352139,-0.904255628716249,-0.08916163008945757,-0.5404458328929438,-0.11795597933356086,-0.7576812945919627,-0.13430937103229193,-0.8899446763157024,-0.14646041106430654,-1.0,0.004707206171424084,-0.5331914404946994,-0.002236614107687413,-0.73695525830494,-0.00895721403792433,-0.8600978027856286,-0.018155506052633205,-0.9659315186863671,0.09841220407503538,-0.49078543710443945,0.11946753071767494,-0.6383539354957738,0.12917734695353977,-0.7369115824198108,0.13612547027552113,-0.8317421487621087
1,0.0,0.0,-0.15719303074694665,-0.08854959923359566,-0.29335770616817974,-0.26241195643770726,-0.38572394003252547,-0.39966184775316443,-0.47188726107098394,-0.46128914907522905,-0.18351678229854304,-0.49909913510237985,-0.24552133398635775,-0.6879643669638954,-0.27867790656554015,-0.8013817161958481,-0.3012971140213452,-0.9024798454753438,-0.09032327968143207,-0.5378570287897968,-0.11806638163899336,-0.756674903201702,-0.13460598654283137,-0.8886815967911119,-0.14809852405402507,-1.0,0.0032627000900197056,-0.5297628953936186,-0.004710260125373638,-0.7351838672121455,-0.012571450369778555,-0.8599828936379966,-0.02335308523854741,-0.9677229481007467,0.09722480825332547,-0.4867244041557272,0.11813989764285572,-0.6352532853399204,0.12753712357842567,-0.734256689355294,0.13383332051967908,-0.8295014808185472
1,0.0,0.0,-0.15013462825265572,-0.08873615305008001,-0.278771755173751,-0.25842945989576094,-0.36642745979471386,-0.3935078834639528,-0.4494210418717741,-0.46001607097729774,-0.16780113592393994,-0.5005720822431379,-0.22261377032574486,-0.6914838399014805,-0.25111315488981545,-0.8059655819529741,-0.2707988832052169,-0.9077205554262062,-0.0756707764081189,-0.5329450015709138,-0.09633934760971338,-0.7536807016777398,-0.10766417173451502,-0.8879035710770781,-0.11794009476532678,-1.0,0.015992204557892062,-0.51844895328093,0.01263719326609704,-0.7230461839124556,0.009146624031239892,-0.8508244585342066,0.001445632732711905,-0.9622993571561282,0.10787324452822226,-0.46993852045770595,0.13240617308693972,-0.6188138364508713,0.1450616255682165,-0.7187437487879967,0.15342491970844718,-0.8151599093788459
1,0.0,0.0,-0.1472454221129533,-0.09047172208182729,-0.2711009732650003,-0.25650007350722587,-0.35613490207407694,-0.39026351882206595,-0.4375282067939741,-0.45947868345442167,-0.1634602729189481,-0.5000109985874147,-0.21583041351389104,-0.6913046634377258,-0.2449320342290705,-0.8052784649858137,-0.26484552667285766,-0.9075451867798445,-0.07176743266939749,-0.5332225164548033,-0.09169595651598479,-0.7522060874981623,-0.10293312162274625,-0.8863679566421019,-0.11201346373747398,-1.0,0.018769089423281735,-0.5187881994689149,0.017728348089160417,-0.7242055628655426,0.013740260292569757,-0.8504820405899203,0.0057413542853979455,-0.9614839550773696,0.10874422528333277,-0.4694582975726484,0.1351617323948361,-0.6169810673982438,0.14769178145220216,-0.7168688176481867,0.15630679166439057,-0.8141122783463843
1,0.0,0.0,-0.1450751750421498,-0.09328852900130957,-0.26726564033012906,-0.2589899506266729,-0.3514192102437443,-0.3911547472225112,-0.4317510841365988,-0.45740212992388973,-0.16146719707164162,-0.4991069459514245,-0.21375334295989942,-0.6883956903102747,-0.24223887931969346,-0.8024580290256408,-0.2610754615252995,-0.9054212614522922,-0.06999768301575823,-0.5322375247819854,-0.08883795655044577,-0.7495386851512822,-0.09900270641945987,-0.8844507759241254,-0.10726975301092034,-1.0,0.020469950307958132,-0.5176596559474221,0.020791276002881217,-0.7215301405347503,0.017418211514146725,-0.8485015072101786,0.009773198889126025,-0.9603530999353972,0.11001673207446708,-0.46793686800901096,0.13665741418526448,-0.6150096823111646,0.1493707116715909,-0.7151354530955644,0.15766665866878699,-0.8120533688757305
1,0.0,0.0,-0.14456325878225032,-0.0927205796725252,-0.26628142137466876,-0.25925748792571146,-0.34910921841816817,-0.3929001494340441,-0.4294042817609571,-0.4602357875423033,-0.15988055943981347,-0.4993659498395873,-0.21055985762429205,-0.688807114518393,-0.23902379832715656,-0.8028371577840381,-0.25881460844457915,-0.9062296483899616,-0.06799666818086053,-0.5317666908759893,-0.08507206347879966,-0.7486009115387795,-0.09502645098145542,-0.8835514542928286,-0.10392973310777474,-1.0,0.02223811483752937,-0.5164113427640054,0.024298633402998104,-0.7186149837631599,0.0209950831665794,-0.8450650318114056,0.012661001625906405,-0.9565252273290954,0.11123964473633914,-0.46586423281486267,0.13916469836280382,-0.6123744456228093,0.15161350542398466,-0.7116794128602174,0.15891532752368853,-0.8075359072851097
1,0.0,0.0,-0.1452457957459339,-0.09378895881988233,-0.2673564754036733,-0.2605851852601628,-0.3511035535681522,-0.39262830450906466,-0.43109365613555733,-0.45782295644780474,-0.16066496319911613,-0.49903233501660116,-0.21174193885453482,-0.687560480442736,-0.23995130137845794,-0.8011813446832616,-0.2590967691061843,-0.904198404096455,-0.06902310015329263,-0.5317651583940611,-0.08643766639649693,-0.7480058056804951,-0.09640104651470655,-0.8832946304173934,-0.10501948612293052,-1.0,0.021029215415861238,-0.5165650056716196,0.02317639959142592,-0.7186671139193519,0.020617883209146162,-0.8445489576158538,0.013076881154208957,-0.9564261905550151,0.10975117672349455,-0.4660032339922885,0.137778343743863,-0.6113828254173247,0.15019353962679272,-0.710555391742654,0.1574364518040073,-0.8071607562377539
1,0.0,0.0,-0.14381140724271768,-0.09208475499968347,-0.2669582383157731,-0.26254597034788046,-0.35102889020817757,-0.39580430787593196,-0.43173420494928044,-0.45960590456938727,-0.15992151560590104,-0.5017581513666812,-0.21100029971759254,-0.6917692767774648,-0.23906661655140599,-0.8057679034776538,-0.2586158182710855,-0.9078866899268768,-0.06845399290683121,-0.5342894634435293,-0.08555330213968257,-0.7517797779610615,-0.09552278584181906,-0.8853780315416242,-0.10431332131806677,-1.0,0.02130474107189105,-0.5193157141889496,0.02367326266727407,-0.72289616622683,0.020123048017237525,-0.8492777337277032,0.01163037073339611,-0.961041007299031,0.10981263001966095,-0.4690575896064845,0.13876003688695687,-0.6138028141578268,0.15157068398919246,-0.7127910348579972,0.15904989965880006,-0.808871596467671
1,0.0,0.0,-0.14211457602472133,-0.09480647957062478,-0.2639787569280387,-0.26118986250018533,-0.34786950848733833,-0.39385798906382724,-0.42875302273682225,-0.46094098524680954,-0.15743813968678372,-0.5007728957448141,-0.2093355964170349,-0.6913381732524659,-0.2377068067530524,-0.8049872585378417,-0.25665103882135554,-0.9077596024513347,-0.06630923751028046,-0.532883902788297,-0.08412502541765157,-0.7504920127173444,-0.0939389494007851,-0.8848070924706887,-0.10200090850818133,-1.0,0.02328551163990152,-0.517233931121096,0.025762424446791315,-0.721660928196213,0.023852477388523547,-0.8478600162805728,0.017298473701830092,-0.9595645267603895,0.11174836491760035,-0.46636897867174154,0.14008187194282903,-0.6112387728103371,0.1539535041178255,-0.7105430980483005,0.16303185951888008,-0.8072870277378212
1,0.0,0.0,-0.14296740347689413,-0.09212357459905338,-0.26357346097696793,-0.257567545453694,-0.3463528803848112,-0.39144527045307986,-0.4265688003419884,-0.4594255435596097,-0.15828592968207553,-0.49764763669773343,-0.20888685700228907,-0.6871997859568086,-0.23675355927213299,-0.8011191143644859,-0.25518103102300876,-0.9048608763435796,-0.06697040700899558,-0.530884990486282,-0.08389637778906037,-0.7483254018478898,-0.09328595000486864,-0.8836401692199458,-0.10091318261832151,-1.0,0.022584631621099725,-0.5156292440398108,0.025032467870989495,-0.7195236301951465,0.02290820583136924,-0.8455324580630328,0.016425234829874364,-0.9572667769516906,0.11100919279456253,-0.46484638354129443,0.13920203171380702,-0.6098277316352196,0.15278057338905196,-0.7094278850988156,0.16178843053430744,-0.8063392888542203
1,0.0,0.0,-0.14397285129478246,-0.09251232167263088,-0.26585610738604143,-0.261350519987921,-0.34890820826622376,-0.394826434566386,-0.4295230226528047,-0.45963210517867426,-0.15869511975201267,-0.501749364127957,-0.20921146735731522,-0.6913907063313938,-0.2369564235627244,-0.8050899752914121,-0.25582989047780536,-0.9076546109110658,-0.0674316519659983,-0.5337559225349655,-0.08475079694385099,-0.7505148304384713,-0.09475631315013419,-0.8847189408636236,-0.10331021474810895,-1.0,0.022060667299512487,-0.5178601719777163,0.024273961582239576,-0.7200734751068972,0.022065355920040264,-0.8466330993873875,0.014783662846782649,-0.9592431929523487,0.1105732418037937,-0.466706304677443,0.13894151914578287,-0.6115293886494424,0.15226843644103802,-0.7105477463238672,0.16039125034407176,-0.8072705819272522
1,0.0,0.0,-0.14544998855173205,-0.09081067749946696,-0.2679217663580891,-0.2571657771923722,-0.3506664751430233,-0.3914412597534372,-0.4324193417586239,-0.4568643632256277,-0.1624806161272309,-0.4986721833068105,-0.21455028369773316,-0.690224994164653,-0.24268023726451923,-0.8049203352245032,-0.26172568882339875,-0.9078744732451064,-0.07097481278734386,-0.5330338470588806,-0.08904675008206409,-0.7514187555770547,-0.09904088559726039,-0.8857778258415723,-0.10712829618143879,-1.0,0.019009329571011802,-0.5185189468945833,0.020884381034835343,-0.7225012359102561,0.018545437835193253,-0.8487884654129519,0.01172807990326069,-0.9601610951688487,0.10798970772462928,-0.4677961134431492,0.13609919809631785,-0.6127874150282505,0.14897054781263347,-0.7116604579405048,0.15726330211109443,-0.8076396269417181
1,0.0,0.0,-0.14370250705749968,-0.09334856634803007,-0.2660228706150024,-0.2620709544040278,-0.3491565077046458,-0.3952673075912401,-0.4314888782951431,-0.45556706510199463,-0.16131051784362266,-0.5013666109298565,-0.2128408783639168,-0.6912105824252948,-0.24102877974494716,-0.8058682423992016,-0.25969046351064623,-0.9091630465214036,-0.07033366842775135,-0.5340976517068855,-0.08855372947856881,-0.7508208306601555,-0.09806691909087227,-0.8851780941307783,-0.10542215737171826,-1.0,0.01944655447872168,-0.5186264106690659,0.0214278744494007,-0.721153098799146,0.01936466417397542,-0.8475814487263443,0.012972789110220186,-0.958443639307949,0.10833360585788647,-0.4676371110908453,0.13647294026164306,-0.6127177947543587,0.14948516788443045,-0.7132470950433589,0.1580535170866691,-0.8105525628076038
1,0.0,0.0,-0.14386047242508257,-0.09145247764858426,-0.2661468613342886,-0.2604592381966248,-0.3497453115815561,-0.3940042201594207,-0.43145577703947824,-0.45915602328366273,-0.15958570043274697,-0.49976308985287815,-0.2116981915102437,-0.6884808191316266,-0.24024860038378998,-0.8024856746106532,-0.25974259056285226,-0.9051646234111893,-0.06821775410426253,-0.533406822193618,-0.08598810617632094,-0.7497770597657788,-0.09662107848083515,-0.8842717733549804,-0.10597050942488627,-1.0,0.021391317903786986,-0.5186702991999422,0.023264176035851247,-0.721609889203464,0.020572342882525133,-0.8477993116125212,0.012841642228217124,-0.9603231338732304,0.10932560200981667,-0.4679090635193254,0.137736133793682,-0.6119662269792296,0.15099162356904047,-0.7111948297441335,0.1591449808238476,-0.8082058200614711
1,0.0,0.0,-0.1441481462779406,-0.09164889837795319,-0.26528594380194914,-0.25878890206199867,-0.3495102104244262,-0.39209249514424316,-0.432096570352822,-0.45920395281008036,-0.16022406179523963,-0.5004508599543548,-0.21245198472614668,-0.6894459032063286,-0.241279373683825,-0.8027230332140167,-0.26082161681233346,-0.9055874896786275,-0.06952133368134998,-0.5345270802232901,-0.08779816409364304,-0.7504890872599592,-0.09843949026466098,-0.8845153097691925,-0.1075162528279316,-1.0,0.019965321610767084,-0.5200113721789138,0.02157522458097539,-0.721638984170695,0.01890198020999059,-0.8474303338470609,0.011186643130499843,-0.9593063664288157,0.10811979975292714,-0.469458916492362,0.13595923511250918,-0.6143327592718107,0.1486771040842409,-0.7131444323618501,0.15605933020070936,-0.8090552752614926
1,0.0,0.0,-0.14543241759427986,-0.09150866151960071,-0.26777922559204315,-0.25828553494377937,-0.35220658253721887,-0.3923662401908998,-0.43469152307820497,-0.45964733183373635,-0.1625049490446894,-0.4988274399481713,-0.21458852585288166,-0.6883563140889021,-0.24332215742842017,-0.8019481081401281,-0.26296275017543574,-0.9052024429144757,-0.07137963218539287,-0.5326097661981184,-0.08958872658024625,-0.7488467989873349,-0.09966818428449259,-0.883521523415427,-0.10808651153147486,-1.0,0.018201332936755535,-0.5175493704565362,0.020045169901886248,-0.720541653426095,0.01829447043392974,-0.8468917233773512,0.011491329380758756,-0.9595721259811331,0.10689392334926721,-0.46717255612649355,0.13501716531209892,-0.6127562329415195,0.1475206066712498,-0.7125022994434766,0.15496768111005624,-0.8098959973536104
1,0.0,0.0,-0.1440763245040933,-0.09046846518134324,-0.2657031068480849,-0.25833902460044456,-0.34974676052303627,-0.3904043765970343,-0.43181936270226207,-0.4562609894632164,-0.16117614984910975,-0.498588865804957,-0.2119538979290145,-0.6883064936949257,-0.2404467146334353,-0.8019973562456335,-0.26029234055413497,-0.9054592226467364,-0.06990700069970723,-0.5318905989773811,-0.08709069109525172,-0.7484480732294292,-0.0969667143090264,-0.8830152952562238,-0.1058073027119248,-1.0,0.019721388003126804,-0.516474446960792,0.02233635553505323,-0.7184861476058756,0.019954801996041677,-0.8451628804552277,0.012149737527346379,-0.9582172910483551,0.10842717202682577,-0.46589437441975146,0.13668639649167807,-0.6118552116692381,0.14940910788708467,-0.7116673218716576,0.15683423961358978,-0.8089513375049586
2,0.0,0.0,-0.09594168030157094,-0.31833512028914623,-0.26655213801202415,-0.5870521768391453,-0.38829559836680866,-0.8094807655890892,-0.4326037467490801,-1.0,-0.5090149763699503,-0.49990763232214797,-0.6248802830429019,-0.3860012560914304,-0.5500872588461124,-0.3188801985768838,-0.4662535097674051,-0.31279210596943147,-0.5439172886953134,-0.2964230003691982,-0.5951701785911341,-0.1979100109942059,-0.51058945019434,-0.1578619471051997,-0.4261042228921982,-0.15956693455109716,-0.5370529261344672,-0.08254210017942216,-0.5818098342967455,-0.03761258162210176,-0.5042841981790761,-0.009651059980409334,-0.42196130094016127,-0.013078473017875462,-0.5137352644263191,0.11490743478065402,-0.5679786600692349,0.11679170816173336,-0.4898561761688666,0.1313130514983863,-0.41907733136427605,0.12344204473156836
2,0.0,0.0,-0.09189925040078424,-0.3156006899998723,-0.25686599806563415,-0.5878425672924404,-0.375875879807558,-0.8090732810985788,-0.4185111667310932,-1.0,-0.5058596913279984,-0.49627078881455916,-0.606440841281791,-0.38522611171218973,-0.5345533085559452,-0.3179219563503288,-0.45112911895502983,-0.3084088764973865,-0.5418205348667089,-0.2957574215869027,-0.5844850579151925,-0.19748455932996814,-0.5008914627304641,-0.15809666815420254,-0.41628635226948496,-0.15988116471530334,-0.5338025959083224,-0.0850007544696263,-0.5727705251771193,-0.033990683922446946,-0.4927129983196742,-0.007521198069076903,-0.409629942382292,-0.012595578391306816,-0.5076911842768667,0.11077554081195687,-0.5526355786016977,0.12524701280917971,-0.47300866980891254,0.13577980498275102,-0.40331616895010136,0.12486981215038324
2,0.0,0.0,-0.09336549131112531,-0.3116020593073309,-0.2629474477532703,-0.5818505079123395,-0.38490218547398664,-0.807634331545177,-0.43307132717723446,-1.0,-0.5045435632363402,-0.5040935627388217,-0.6181996906991165,-0.393795516606054,-0.5503160867664316,-0.3188188542897983,-0.4713102683710097,-0.310857067508942,-0.541756736148016,-0.3049079634587141,-0.5965522840943575,-0.20376534261059992,-0.5135373457430041,-0.1601620001791067,-0.4282350402418089,-0.1647004528502299,-0.5362967571872992,-0.09178033612898173,-0.5855154939137907,-0.041082446142596145,-0.5058031314159169,-0.008777311148200502,-0.42175213596242467,-0.01413426652931092,-0.5124032740920674,0.10453576539378394,-0.566361230859664,0.11543622870882686,-0.4879180484653514,0.1325843072344552,-0.4164386373080602,0.12348763652739599
2,0.0,0.0,-0.08607250447700876,-0.3101567083464097,-0.26322311981042423,-0.5859794656066761,-0.3815883425242099,-0.8099503429161451,-0.42781663749055304,-1.0,-0.5030211722870567,-0.5041460383087125,-0.6185039850915625,-0.3966089550200584,-0.5513641286687949,-0.32225602901701844,-0.47114111717227947,-0.31363521731570226,-0.5394241290196805,-0.30573771763288793,-0.6015759910807323,-0.20803071427502126,-0.518197583400863,-0.1622940655561296,-0.43130408794574576,-0.16435155565258724,-0.5334884726296036,-0.09391879383148564,-0.5941170306382046,-0.043519295692703346,-0.5122017751965484,-0.009036726272734151,-0.42530895712672667,-0.012930065996971952,-0.5094277469345436,0.1050594788319466,-0.5774133866372338,0.11531712436123413,-0.4979834578446535,0.1338509279535032,-0.4229173806025437,0.12613632230046548
2,0.0,0.0,-0.08949274993107828,-0.31102147080184117,-0.26267987466575377,-0.5857003341567217,-0.3801012743012743,-0.8098761034015793,-0.4206647000452501,-1.0,-0.507206140794193,-0.5048068938792833,-0.6212768846337207,-0.3855847164267236,-0.545069294899848,-0.3234940294927114,-0.459542194550103,-0.3255850909863063,-0.5407647515196515,-0.30446695351688036,-0.609982260748001,-0.2017313190473738,-0.5264041095796091,-0.16162328614892435,-0.43831168920588137,-0.16692178948043904,-0.534022128208991,-0.09238443253259288,-0.5974445672473534,-0.03971088957625468,-0.5170863891382128,-0.007898387493455535,-0.4302954256084734,-0.013884317823720693,-0.5096808504485488,0.10652970271261007,-0.5748239225697211,0.11852579958142967,-0.4951871847743733,0.13541871217051493,-0.42092606551873335,0.1261372083358235
2,0.0,0.0,-0.08936676577936958,-0.3125036050473278,-0.2620413398950816,-0.5904842444116776,-0.37701189173473293,-0.8122631767835365,-0.4190146337044771,-1.0,-0.4974933649921305,-0.5073427328647196,-0.610150904699963,-0.3857781278698414,-0.5370435046442646,-0.3213712987435094,-0.45231473980127807,-0.32224119064095985,-0.530781494416186,-0.30699874079740685,-0.6073958569798052,-0.206986777890952,-0.5251342867223715,-0.16392485752921793,-0.43414777920136516,-0.16737234966212705,-0.5251570011017163,-0.09587794586571452,-0.598093286166351,-0.043676998221808254,-0.5163410686578597,-0.009111632364053407,-0.42728404441500906,-0.015153519606845757,-0.5004075510306064,0.10286172270533489,-0.5747928758345298,0.11461249062343537,-0.4945415969805569,0.1338654738818365,-0.4184657717017654,0.12437113864155071
2,0.0,0.0,-0.08741670717656491,-0.3076789764178106,-0.2644973710049097,-0.5826939666165661,-0.3811684727628379,-0.8083512051464267,-0.41830988675733644,-1.0,-0.49716724336510004,-0.5092097964781347,-0.6133787890923932,-0.39638913238074813,-0.5428604966114059,-0.32831324704742076,-0.46247806951505366,-0.32820003101491074,-0.5308967440421087,-0.3118339638401103,-0.6088207853710137,-0.21282019293295693,-0.5273845887850984,-0.17127059184875976,-0.4404805631357263,-0.17764742683789464,-0.5253886270056838,-0.10088436197746756,-0.5997513480936175,-0.05026696244867295,-0.5181074294504673,-0.017490716182907123,-0.4307155779046826,-0.023532136725908422,-0.5010144033600442,0.09794634447760121,-0.5795928852532294,0.103868813073297,-0.5012243105276776,0.12281317394864949,-0.42496477704465047,0.11691310273453592
2,0.0,0.0,-0.08467656054598426,-0.30910090133180446,-0.2544106162595319,-0.5869776962503624,-0.3732689664917319,-0.8063825416809064,-0.4123502970663421,-1.0,-0.4958868081555541,-0.5066904225172301,-0.6083224298946364,-0.38017206373397044,-0.5342766446105154,-0.319372914956208,-0.45191020602489557,-0.32483352874710175,-0.5265542487190453,-0.3091055838253452,-0.6022791210987168,-0.20158327501448303,-0.5178263561999004,-0.16373233847790175,-0.4298876125804003,-0.17210518781034,-0.5178961804418166,-0.09939487722811807,-0.5929116550500658,-0.043489209641226656,-0.5092697878561872,-0.012225026592087398,-0.42223063387810245,-0.021302178041212417,-0.4913412086906805,0.10070046660359531,-0.5698470690723574,0.10801865312618074,-0.4881368681844327,0.12421209299404627,-0.41163800716655635,0.11643777651243337
2,0.0,0.0,-0.08563317991688382,-0.3084834474565394,-0.25549200427232915,-0.5846319637592399,-0.3733972789377697,-0.8070936017923128,-0.41036188715209976,-1.0,-0.49656715155881415,-0.509197952024951,-0.6066006638529617,-0.38619650829023916,-0.5328647376709851,-0.32201417452702286,-0.4509458723106872,-0.32521227435412714,-0.5316381983600518,-0.31482937798652216,-0.5989600301724026,-0.20382791184926585,-0.5166130576508993,-0.16316988901315016,-0.4313224727436847,-0.17134709095446723,-0.5273702404325767,-0.10647738155781557,-0.5900823389130695,-0.04691270397755812,-0.5080296046893443,-0.014728170393753405,-0.4234011242525712,-0.023480052241640948,-0.5049477522120123,0.09142669648390699,-0.5685836824510351,0.10282467399858236,-0.48615297358944903,0.12041914067937355,-0.41174975210355114,0.112322533257875
2,0.0,0.0,-0.08808620234742319,-0.3095830863031947,-0.2552412123244451,-0.5858357983751099,-0.3716361424084557,-0.8073089454844217,-0.4096900118780277,-1.0,-0.4958195022753757,-0.5082916372071363,-0.6026257068400673,-0.3796745637188202,-0.5273195323923572,-0.3175390460833723,-0.4460117775920602,-0.32309264491173256,-0.5295071640683967,-0.3116329619454445,-0.5960427795600232,-0.1995564914306554,-0.5127758430799615,-0.15942297235535513,-0.4260327620619883,-0.1679613767206298,-0.5237131782169293,-0.10163061158602336,-0.5889118467033293,-0.04115118491456176,-0.5058763787780518,-0.009033722375215878,-0.4196950240572253,-0.019071252661991285,-0.499665283023476,0.09765448399320166,-0.5671446096708852,0.10953800001564162,-0.48384968292100966,0.125813244254757,-0.4077792643416174,0.11612476909742493
2,0.0,0.0,-0.08559891415321885,-0.30813688279228874,-0.2526656259295438,-0.5878760686837459,-0.3712260138962178,-0.8069148147424121,-0.4082409542341084,-1.0,-0.4899697648587543,-0.5072043879609524,-0.6009272636730592,-0.3831068734490859,-0.5286220304917949,-0.32164798378013987,-0.44913117476761705,-0.3267792868746084,-0.5217000092839437,-0.31154558181344233,-0.5951777575509352,-0.2039401111389546,-0.5128934088154962,-0.16446856983197833,-0.4268630603324878,-0.17253681410609076,-0.5155821424331329,-0.1037641112708234,-0.5871381211736513,-0.04550412937962209,-0.5048614012106998,-0.013278832111219874,-0.4198448621000608,-0.02261277147787237,-0.4918341823634904,0.09244750842587704,-0.5639210419322972,0.10416366822986119,-0.48293630908135204,0.12247122369120746,-0.40915409105525746,0.11293321466051179
2,0.0,0.0,-0.08548731476890947,-0.308017806729219,-0.25195555268358033,-0.5850606363874798,-0.36817172046823576,-0.8060406689795722,-0.403902471340734,-1.0,-0.4889791268338482,-0.5050726262807818,-0.6000907658815857,-0.38016460038304667,-0.5258563298002608,-0.3222008241965604,-0.4456433734390196,-0.33043016457323204,-0.5203342182757904,-0.3085437221125019,-0.5945375664317741,-0.20138187864468593,-0.5119882642403061,-0.16344116997031308,-0.4250741630288816,-0.17160996355789224,-0.5128919861573207,-0.10063473669749032,-0.5856324370055459,-0.04399891721706323,-0.5033493506288992,-0.013350566994886376,-0.4171520365170446,-0.022684682639796564,-0.48762836326553,0.09545730745442293,-0.5600651298823655,0.10593244498794765,-0.47883984749811437,0.12152541526137478,-0.40378898004996877,0.11191354461538128
2,0.0,0.0,-0.08387573708391126,-0.31081166803378163,-0.25121047327542845,-0.589581454790533,-0.36904015937593043,-0.808472495190919,-0.4058915664208825,-1.0,-0.4894362397397092,-0.5147543377530597,-0.5998515482157969,-0.38922793233844954,-0.5252334160354067,-0.32966902724665736,-0.44398470208948587,-0.33763029648135606,-0.5229449839494292,-0.31884574666204174,-0.5990047968662399,-0.2140630385645491,-0.5169817303850365,-0.17363411733220085,-0.4286587353241,-0.18082240262924026,-0.5184190316090623,-0.10983461250450696,-0.5913871824947605,-0.05354487655557372,-0.5096572696244753,-0.019794301145810458,-0.4230194288171505,-0.02877106981702329,-0.49590382152830065,0.08852089427727063,-0.5675631825068042,0.09915544524962844,-0.48550425876786935,0.11828050215762836,-0.4092150688893878,0.10955815578459341
2,0.0,0.0,-0.0852705742949176,-0.3094114324080668,-0.25023665038946424,-0.5854256486053461,-0.36738376910606124,-0.806484162972409,-0.40617413653748285,-1.0,-0.4849886777764903,-0.5112534939236597,-0.5973504523968026,-0.3905701786093571,-0.527458199344581,-0.32345385414135974,-0.4472918744251746,-0.3223134521211376,-0.519465746090712,-0.3199458960698692,-0.5911496521739897,-0.20839068435457353,-0.5104317256583735,-0.1671841580238788,-0.4260491715556312,-0.17495409712165924,-0.5147252035023647,-0.11322766558280958,-0.5854040624242489,-0.05229259158870695,-0.5033496933506484,-0.020056684768512304,-0.41873756546026386,-0.029004767762898474,-0.4916927482717988,0.08355060367656109,-0.5620794470570738,0.09954637115592031,-0.4810476384616058,0.1148649570547,-0.40748125447208994,0.10418482061102877
2,0.0,0.0,-0.08698735648570566,-0.30727464704498864,-0.2518804673555594,-0.5857113512921982,-0.367063375095387,-0.8065933526957049,-0.40504945438046613,-1.0,-0.49120574583850984,-0.5083447030397539,-0.600594150698471,-0.37810371125934633,-0.5279174252258361,-0.31594706950527585,-0.4475751734385442,-0.32273303036734563,-0.5227306121771451,-0.3164204609767289,-0.5928944691549934,-0.19865282214067623,-0.5134095136110978,-0.15870090450560068,-0.4309025034211585,-0.16930883547269163,-0.5165056167932243,-0.11057591385559457,-0.5837258395304011,-0.04342973965450073,-0.5040610908619939,-0.011350602262565316,-0.4218468592935046,-0.023203286388792932,-0.49404855384370305,0.08495457388722094,-0.5646681781949331,0.10251405026570377,-0.48402891253781755,0.12050743467112306,-0.4101784767819927,0.1100534754755552
2,0.0,0.0,-0.08100160519570038,-0.30803943714241366,-0.24123517063798366,-0.5858869966931652,-0.3568130617904987,-0.8056018486185957,-0.39283932453234616,-1.0,-0.47904534462365994,-0.5104499251358878,-0.5828059657002168,-0.37889839907332884,-0.5096201453112383,-0.3183346523886983,-0.4309953509661207,-0.3245290205414961,-0.5128670508249984,-0.3189096478634595,-0.5782049159805509,-0.20367830143404766,-0.49913245046551763,-0.1638640727529449,-0.41674330897543366,-0.17193925707625524,-0.5084789774745251,-0.1142070509023703,-0.5734880798727897,-0.051569736967397035,-0.4941820054786101,-0.01859043442903499,-0.4121003155348751,-0.028113695174619244,-0.4870587671573064,0.08017060370927735,-0.5534459040361601,0.09526871434826142,-0.47268808823438585,0.11339396712195965,-0.39977714174446105,0.10401133322053323
2,0.0,0.0,-0.0807595002816621,-0.3078712247962744,-0.24500291182303516,-0.5837602692423085,-0.36062499880997423,-0.8091263959682199,-0.3974939009479677,-1.0,-0.4745072001318685,-0.5139888548307294,-0.5931058475553879,-0.40773383462205187,-0.5289100098438931,-0.3368254355970298,-0.4512810253316364,-0.3295499580974929,-0.5147300708765743,-0.32253479023313897,-0.5892916449855307,-0.220444588184445,-0.5117302539365373,-0.17751145076788621,-0.4282864635453628,-0.18344213115525526,-0.5155908335103638,-0.11642328033117261,-0.5845742468632961,-0.062455272031728945,-0.5073098862444174,-0.029312442555756445,-0.4250539455678137,-0.03573817365998339,-0.4965375010438226,0.0773480024295566,-0.5636386336491412,0.08398521811200169,-0.48643969044641877,0.10321671443543409,-0.4141749340589725,0.09679995952552381
2,0.0,0.0,-0.08407480068996519,-0.30927919412771904,-0.25085243432319176,-0.5906602872026226,-0.36742188951878085,-0.8120130041437311,-0.40594678241947113,-1.0,-0.48466871848789567,-0.5065255602178672,-0.5936975171365095,-0.40557468834538263,-0.5353535520519108,-0.3336471542517982,-0.4628744205230615,-0.32174331239770343,-0.5193153469036772,-0.31485523253675446,-0.5912577592497613,-0.21255760328985715,-0.5156975895991096,-0.16931148269087523,-0.4339989009379774,-0.17422447453249568,-0.5144475408659446,-0.10983911236345587,-0.5880988858255302,-0.053208626025066826,-0.5087611554175367,-0.020266935136467327,-0.42452310723486714,-0.027776595324068315,-0.49110039417725815,0.08580329545027171,-0.5662428706651419,0.09940573779807649,-0.48783475551518224,0.11597156986365872,-0.41322321222298036,0.10538817291890788
2,0.0,0.0,-0.09018784773505771,-0.2935209857891278,-0.12279936341385995,-0.5980266120758028,-0.12496781227670999,-0.8129587319122582,-0.12353657295566567,-1.0,0.09407135795380324,-0.6556917294865502,-0.19099731060428257,-0.5564837991592804,-0.16231030166037103,-0.46188700656659876,-0.07101433507471494,-0.46909487333713945,0.1400780607629015,-0.4871276397420228,-0.1899445006630398,-0.3765406290636432,-0.12745307445367593,-0.33044586864886033,-0.03753716218961665,-0.3586849482018722,0.1523369894220498,-0.29906922140459646,-0.16133026659985933,-0.2144248789177599,-0.10348769977159604,-0.17606075150010256,-0.017202283724273928,-0.19444113925194456,0.13972304063640179,-0.1068096304940335,-0.10192983215807966,-0.0524238705004959,-0.07086526786068413,-0.04458043643823723,0.0062137618997543,-0.062054655633509585
2,0.0,0.0,-0.07100381502134365,-0.2770057166984384,-0.060009075527149985,-0.5772330743248117,-0.03873053354310278,-0.7904883560075385,-0.008862204626834357,-1.0,0.1977422468826434,-0.5311491960467816,-0.1271491985320925,-0.46075469642651634,-0.13320341600467073,-0.3593530431838656,-0.028416907321857227,-0.3377489254654556,0.2545651537727469,-0.3284737450025402,-0.1386363057399154,-0.22778275261856848,-0.09724800828216067,-0.18471314230358915,0.025127874426074392,-0.2119800410200572,0.26046472967514434,-0.10368206411149547,-0.11220019124467755,-0.02828532391437303,-0.07076315407774977,-0.005315942047795429,0.035459864333778915,-0.03168067288965516,0.23281371234417358,0.10884446917175425,-0.06358364303644522,0.1531803454154194,-0.033240895874514995,0.15342708156355606,0.06454601066515965,0.13219976459963126
2,0.0,0.0,-0.06388880821082293,-0.27339447756507385,-0.0467874481247647,-0.5702298758611166,-0.02427415770729133,-0.7843358846477799,0.004482793012536641,-1.0,0.21074470178007476,-0.5357126025654164,-0.10909074967215783,-0.4521680601443108,-0.12131187832602938,-0.3576970436938401,-0.018082283589916984,-0.3392063616451238,0.27122329380960547,-0.33447833775662245,-0.11551990863711366,-0.22150225420605202,-0.08564078690889083,-0.18533001499881357,0.030755513858695502,-0.21388749300612503,0.27755833343836706,-0.1075805932778792,-0.09339158959475803,-0.021577440074615945,-0.060373101652719106,-0.005318221996688972,0.043422305104473834,-0.03468167388293911,0.2487260324493879,0.10322178570821855,-0.05159794630786421,0.15490015130334045,-0.02306170337640446,0.1580189674437517,0.07660998865087947,0.13966035386678402
2,0.0,0.0,-0.06491771297556463,-0.2691077853832537,-0.05018196434766365,-0.5669760004981365,-0.02698554070041541,-0.7800909710547149,-0.000776531324776061,-1.0,0.20765937586173155,-0.5315857973296328,-0.10506592524395342,-0.4427968693014526,-0.11899275811917914,-0.34956946779458986,-0.015636814061679966,-0.33732732011492716,0.27222238900897533,-0.324091401364538,-0.11468757505403891,-0.1987064019427321,-0.08669770012186552,-0.16656562169206274,0.03593559585123511,-0.20676261908574173,0.2796084013823286,-0.0881769596331581,-0.09278861335717271,0.009853900363817504,-0.059324380220425375,0.018332643948087066,0.047139495992670276,-0.016750532605698323,0.2512069801368096,0.1283432404664692,-0.053654881514690576,0.18773850505697434,-0.023915274553233883,0.18149345306398385,0.07786105996317348,0.15657954282639056
2,0.0,0.0,-0.06401376543413773,-0.27055620492376853,-0.05411534907527715,-0.5638640144316109,-0.03751422218163478,-0.7800705980907927,-0.009915903500953605,-1.0,0.20724345182861378,-0.5237991676675511,-0.11312404462607632,-0.4378108651777429,-0.13219266278378092,-0.34841867660084375,-0.030428321176068595,-0.3333415680192925,0.2685572580383257,-0.31656445940998384,-0.12300150417179369,-0.19948471221299227,-0.09566771321197996,-0.1668446839226824,0.023726027001812835,-0.19816734750865128,0.2759139321726497,-0.08498348575366946,-0.10004560535628386,0.0033972243186745745,-0.07005876512464307,0.018339848450320002,0.03615064145890508,-0.014227594321619632,0.24926297247551593,0.12884554051507127,-0.057739906241161015,0.18091642062072694,-0.03549834330146695,0.1818127060464153,0.06209864580126779,0.16009603494319594
2,0.0,0.0,-0.06727490627956201,-0.2686756458314557,-0.06334484678282797,-0.5620890584994095,-0.048625177345627324,-0.7780790014737723,-0.018153252856253674,-1.0,0.19933218325778293,-0.5192476864144258,-0.11963860490786349,-0.4272732363145734,-0.1442564840551489,-0.34760307132513557,-0.04610894631556217,-0.34066340769614084,0.26509424794382036,-0.30735381212527163,-0.1310478226350496,-0.17913928819716984,-0.10920569610388987,-0.15885950982296254,0.008727964819028123,-0.1986663129274613,0.2748059970360942,-0.07235010477478815,-0.10654954908829643,0.02565695280190929,-0.08085789937868558,0.027704916622343482,0.026231567444088964,-0.013400904855860441,0.24990264414414223,0.1422755162963336,-0.06242382724099358,0.1980469872294223,-0.04349765140016832,0.19122396726981458,0.054373298388187594,0.16457871677577152
2,0.0,0.0,-0.062460983743007674,-0.269336378277147,-0.054263556673900155,-0.5640142897860904,-0.04030740876097483,-0.7783897586369097,-0.012994962203410874,-1.0,0.2091791066960203,-0.5295082683863838,-0.1105213883404998,-0.43447104884441934,-0.12652986568790142,-0.35110682891600814,-0.02283889717544157,-0.3410944661177141,0.2743335367570299,-0.32142114475665223,-0.11786478560949296,-0.19034414743030406,-0.09009727616253145,-0.16808971159882283,0.029431363737307148,-0.20845685348422824,0.28435834978500624,-0.0876652846678569,-0.09414458004081297,0.013054695327841476,-0.06318813311253993,0.014954264640823113,0.042233836996417064,-0.0276869326795797,0.25960001888517986,0.12788903907658464,-0.048612691190588184,0.18555752373325032,-0.022951928474129926,0.17819398227241173,0.07630787739321568,0.15045277218702624
2,0.0,0.0,-0.0681081352909119,-0.2656170209964387,-0.06300703607378973,-0.561477833940702,-0.04838073788739326,-0.7770373772203057,-0.023958328882922167,-1.0,0.20278704416612556,-0.5241156720753549,-0.11999994116702353,-0.43263837813732975,-0.1374936465638355,-0.34392483330831763,-0.03416571022223667,-0.3323050402981375,0.26854942463800385,-0.3153762715539687,-0.12649412121988496,-0.18914871974890646,-0.10136529626220793,-0.1588193398281671,0.022183534092694294,-0.19874549883955456,0.2790673600459794,-0.08299596006557636,-0.09963896863831145,0.01571036581714417,-0.07049591366456813,0.026931215215440407,0.03683504641186432,-0.010309778734078238,0.25466680328991204,0.13050484927306605,-0.05433939777584734,0.19321001614615008,-0.030723981098645603,0.19302483234877982,0.06994246345018847,0.16833795510721714
2,0.0,0.0,-0.05901381696392294,-0.26668295143300946,-0.05139257421629969,-0.5607003156347637,-0.03851007780347054,-0.7775881530975433,-0.010404207942701802,-1.0,0.21421508042370432,-0.5242668942999853,-0.10249693317905122,-0.4356910647760992,-0.12635379036190614,-0.35841882545029974,-0.026390110226989043,-0.35097614781620096,0.280006838485832,-0.31548967959908225,-0.11077384470289729,-0.18729680807186855,-0.08592399808405213,-0.17150439782856453,0.030957889533343094,-0.21367450244330785,0.2904240203000633,-0.08230833354317059,-0.08675892949377419,0.01634317201533121,-0.05986548885303791,0.01766887847925579,0.04507095068554704,-0.024646170786231263,0.26646978932873955,0.1315060914070631,-0.04306990538211295,0.18946204957734825,-0.023205513030475276,0.1841119318673649,0.07306661239031237,0.15792856656087848
2,0.0,0.0,-0.06777354026210272,-0.2647018561320302,-0.06418514632506113,-0.560979046973543,-0.0533210520502147,-0.77919927926063,-0.029954617125294965,-1.0,0.1975996963902098,-0.532835460020862,-0.12368078457755753,-0.4466782523628393,-0.1422686763008241,-0.3571930785203586,-0.03919868940289982,-0.34284757158076584,0.26435767971114776,-0.32640125294685407,-0.12767929657796265,-0.2031303081978817,-0.10030878495706977,-0.17285377343397643,0.01948839858356239,-0.20909969625109243,0.2770162491892934,-0.09431713812158693,-0.0995684022117439,0.001322449901741388,-0.07114185048942889,0.01444692351632,0.035323296291937284,-0.02242280167397172,0.25576857210189957,0.12050236958649026,-0.05340048807944827,0.1797741679597628,-0.033406536903530716,0.17955408425004737,0.06381245083939259,0.15375532089234345
2,0.0,0.0,-0.07032005628283043,-0.2677060240513398,-0.07101787186336989,-0.5603466087097485,-0.06261353279530943,-0.7758030982621156,-0.04261418289938886,-1.0,0.18723904285148485,-0.5212904203257691,-0.1371686125844246,-0.4261465722425368,-0.15039962567397727,-0.34424740896554906,-0.04545218017146286,-0.33413815102308386,0.2545694574128118,-0.31407490677772565,-0.14501645698019958,-0.18254908599691158,-0.11161087280936897,-0.1600561823851649,0.011058326194046581,-0.1987581617009736,0.2674091524888872,-0.08132216102966441,-0.11655347740811595,0.02246235151015969,-0.07981799317892943,0.02609023918947367,0.02809537780184744,-0.01288126825540385,0.2449942334652096,0.1335658362214835,-0.06935257306590897,0.1994114744486078,-0.03979362404146269,0.19358160333801938,0.06274132149418471,0.16635200792178328
2,0.0,0.0,-0.07467098319927243,-0.2641486552790551,-0.07593993462825599,-0.5583419702970132,-0.06477026604818395,-0.7771318077698701,-0.04429968750992021,-1.0,0.17191340165306193,-0.5417374192251293,-0.1443093222958414,-0.44079716436554933,-0.15593358012494035,-0.347432747245036,-0.049357253963489174,-0.33936681634928495,0.23965054130232233,-0.33584636025077175,-0.14531206403289862,-0.19932102605457744,-0.11385657646539246,-0.16336308607205371,0.0077436111066247785,-0.20193773366444323,0.2547040589181082,-0.10321487187683959,-0.11631191533417949,0.007095769215132517,-0.08334451822450388,0.01997881460945423,0.022586193741621775,-0.01843154039063766,0.23550396334994267,0.11213233963232988,-0.07000827589125946,0.1828948299070438,-0.048591483406169714,0.1755651525944028,0.04573223537614928,0.14434677543764485
2,0.0,0.0,-0.0770104248443372,-0.2681181312807654,-0.08244545199711466,-0.5594440548818405,-0.0731202175911318,-0.7774162562285377,-0.05361412397183188,-1.0,0.16555997660202226,-0.5348840036589384,-0.1605378795987912,-0.4401205169130879,-0.15799783515604848,-0.34819052750813495,-0.04639560189564983,-0.33532080131086806,0.23152720993089324,-0.3293563012861342,-0.160329388301626,-0.19909242005574487,-0.11494060932559773,-0.16476304237431902,0.006810063589845636,-0.19509042122229,0.24500689893789615,-0.096454613876074,-0.13296630294344436,0.009286666310796802,-0.08757333178315675,0.017794704265156214,0.020926405646369134,-0.017688642003394553,0.2222507446017942,0.12300707053797183,-0.08608203210262914,0.18686409805015922,-0.05191433299413905,0.17755339654960878,0.04921764059957178,0.14892972138463934
2,0.0,0.0,-0.07179483073172932,-0.26835806398910556,-0.07422792998461894,-0.5598093585257441,-0.06496515484386935,-0.7780131272166735,-0.04647739345954263,-1.0,0.1778988895542919,-0.5441382045328976,-0.14317257880284492,-0.44273247160599866,-0.15823545798246905,-0.3501543093460933,-0.053841171157996505,-0.344006800315741,0.24342371341799451,-0.3367688919550809,-0.1445824277694731,-0.20315620174101456,-0.1187358054577001,-0.16747631837244203,-0.0018009429804875835,-0.20653500677741762,0.25653927032027707,-0.10224748412339522,-0.11824075685682349,0.0026973405747536734,-0.08842714321697022,0.01596573881578587,0.014775177836095365,-0.022666454824075827,0.23418833171571568,0.11529476814825834,-0.07303020456717454,0.1822787491678365,-0.049073589030711975,0.179434186421199,0.047618646249985776,0.15205591970098165
2,0.0,0.0,-0.06534983801221782,-0.271085759730116,-0.061441528351640004,-0.5642511328468963,-0.05245459288429482,-0.7809598256158232,-0.030938300727575883,-1.0,0.19494436180335445,-0.5406204796868139,-0.12794740190786072,-0.44700114979644595,-0.13720095483156447,-0.3518776426912918,-0.0303710973921818,-0.3370663012311404,0.2588730719280657,-0.33422875944131514,-0.12980595989147298,-0.20641002159975744,-0.0959021465408846,-0.1693723786256265,0.023178249228674175,-0.20206996635462396,0.26959350612492256,-0.10028060690063655,-0.1036767559352193,-0.0011266424598905718,-0.06762267210586613,0.01410257992249931,0.03894666832857752,-0.020670825048619904,0.24469992087437215,0.1175343472745748,-0.05940314569777449,0.17807772280131065,-0.032274992821571084,0.17561314042781634,0.0664323908459399,0.14958833737881072
2,0.0,0.0,-0.07956198702759876,-0.32766608621454607,-0.2658272701887346,-0.6020582224832735,-0.3899282792273444,-0.805448052991748,-0.42644965509885585,-1.0,-0.5204685292982653,-0.5602385606367543,-0.5287814134836237,-0.48187633925562384,-0.4481882412893296,-0.41395944143272667,-0.37298164502254283,-0.384768353681254,-0.5811711306669076,-0.34710187490232186,-0.545100537220659,-0.2872470644701825,-0.4631787197512475,-0.238338578635461,-0.38692686525486686,-0.21162301671657666,-0.5965867637658627,-0.11904078003284209,-0.5385999672616115,-0.08939342876845145,-0.46216057068492117,-0.06788845542209189,-0.38766799718835016,-0.05898628024504906,-0.5880912260378328,0.09656002494635571,-0.538538490197371,0.10260433139248513,-0.45480391408913584,0.10059410546057061,-0.3937429680978478,0.09623160409955729
2,0.0,0.0,-0.07089389641123937,-0.33530603557354993,-0.24258781789102207,-0.5995585586203124,-0.3534866049064679,-0.8145537722352174,-0.37739488873106025,-1.0,-0.49455521591471996,-0.5499555774780962,-0.4868147436048985,-0.5062982616671896,-0.4091214244975904,-0.4454980911115647,-0.34679629752164154,-0.4126083581489063,-0.5561633993392369,-0.3434016922106077,-0.5085396020732469,-0.31592156063992494,-0.43089510507314854,-0.2715999004532622,-0.3630479039997896,-0.23824852578919398,-0.5716123088226304,-0.12371983608641988,-0.5055708262589074,-0.11775514552135506,-0.43620286550796467,-0.10012490905308753,-0.3696328731418397,-0.08145038309966103,-0.5610284034149735,0.08389190813442055,-0.4939566205085585,0.07027291837713077,-0.42005100161560605,0.06845349050787722,-0.3694774537690317,0.07880167886496575
2,0.0,0.0,-0.07111727019351739,-0.3291653391109653,-0.23819269733777407,-0.5997406036617461,-0.345268701040071,-0.8166316041316889,-0.36630745457362884,-1.0,-0.49784732263770237,-0.5502018055853136,-0.4876048580698302,-0.5200079677308271,-0.4060810576238263,-0.4532003661759829,-0.3452844502501968,-0.4104961774955154,-0.5601911871939474,-0.34730952477306243,-0.5107582511994907,-0.33305525706237377,-0.4305609450950352,-0.28396757114380416,-0.3653434659642793,-0.24115710953240116,-0.5768052343800875,-0.13095728423907382,-0.5091451212336534,-0.1321765470021139,-0.4369889509704492,-0.11273722846906653,-0.37124846111386495,-0.08822529477899305,-0.5689966390500844,0.07233242446695942,-0.5027784688029032,0.05643791075908659,-0.42831675112694156,0.055669760153909495,-0.37828233225533414,0.06790607472370236
2,0.0,0.0,-0.05783877999574108,-0.3352801834172466,-0.2167924172160469,-0.6040893332007407,-0.321211891784243,-0.8187941350364822,-0.3403315195989686,-1.0,-0.481135783067929,-0.5347445430237393,-0.45308001071986903,-0.545132668840062,-0.36968602016232405,-0.4791833755988818,-0.3167315932702812,-0.4250030549272986,-0.5426335454358405,-0.33784625696708126,-0.48911017306808785,-0.3640003575033166,-0.4099668629469715,-0.31803359053565544,-0.3509980377199997,-0.26560548070629525,-0.5565532914332647,-0.13489970521667818,-0.48662621805623196,-0.1660376687410097,-0.4153278435521551,-0.14468488743647173,-0.3561917737231532,-0.10806891131413655,-0.5442642783771363,0.05123451426459809,-0.47289019267323495,0.01967758928217087,-0.40236710608584014,0.02343791220678337,-0.3605636705365028,0.045629139475525375
2,0.0,0.0,-0.05693454770849109,-0.33310399981682975,-0.21382183095021204,-0.6009687743784068,-0.31898641432783875,-0.818666226185823,-0.3382238700276227,-1.0,-0.4884602414249337,-0.5380921837001372,-0.468481207876975,-0.5487729719209816,-0.3812548797699905,-0.48365764825751123,-0.32651340331963374,-0.43313929279928304,-0.5515763926254348,-0.3397995267011528,-0.5028434237790966,-0.37431547477892824,-0.42067351047423107,-0.3283663012529172,-0.36092599104101214,-0.27590241604833077,-0.5652580329150401,-0.13602563075166857,-0.49764910794451905,-0.17434183821160415,-0.4237651626535482,-0.1505189769287255,-0.36245507013621653,-0.11091455925475875,-0.5518744367923618,0.052908465572987624,-0.483575221644182,0.012984284973661098,-0.41203415471017396,0.018320426917522687,-0.3673831349261513,0.04385802342943775
2,0.0,0.0,-0.05722206603723561,-0.3331126873010934,-0.19210436536481756,-0.6042804496526857,-0.301100295439743,-0.8211175135839252,-0.33326463417196334,-1.0,-0.4956820826250817,-0.5081074598284989,-0.46144663926037016,-0.5598480581314962,-0.3709715945642289,-0.5088847024642656,-0.3220450773215731,-0.4511894125921561,-0.5576507688136488,-0.31557139026759656,-0.5112563242413661,-0.3884752487926789,-0.42449190967327544,-0.35540548179288806,-0.36911959356775753,-0.2979525565592525,-0.5670916093312136,-0.12903678439902075,-0.5177726564665086,-0.20360305424465772,-0.44053149639779615,-0.18284598615144965,-0.37849815462713865,-0.13505363036716367,-0.5514238234685006,0.03513336808310331,-0.5229648623799057,-0.028982208584660545,-0.4557434416478995,-0.020576107498846953,-0.4072068588442333,0.010989823186367152
2,0.0,0.0,-0.06260766392634812,-0.34185709108753143,-0.2026510990703175,-0.6085978692038567,-0.32421355287363873,-0.8141642353525731,-0.3613242431957425,-1.0,-0.5092900237758907,-0.50733513431941,-0.45373992912402883,-0.5544853895303954,-0.3618560182979912,-0.5069898141456284,-0.31016539950887795,-0.45376443902859676,-0.5689556008853337,-0.3044404760927054,-0.4993766014848639,-0.3651465050672624,-0.4100042500944465,-0.331484525139206,-0.3495312576994465,-0.2744345783167162,-0.5740116990522495,-0.11108260890097074,-0.5124587309669684,-0.1771732457581183,-0.4347459080008541,-0.15975286316749068,-0.36906282850971567,-0.11674786160706953,-0.5527879182339318,0.06095382282649759,-0.5109094740148815,0.00501991076854848,-0.43999449232929816,0.0043404346183538375,-0.388647397176459,0.028513873375930095
2,0.0,0.0,-0.06986792526189273,-0.3389674246680902,-0.2141491316231283,-0.6038172666826782,-0.33767423159690035,-0.8106074860599769,-0.3757234956861706,-1.0,-0.518301510207643,-0.4997972112021598,-0.48202097534454913,-0.5523839419359562,-0.38854437693775784,-0.5071914928311332,-0.3306811063907144,-0.45738958088191217,-0.5733523946567785,-0.29727251342508654,-0.5096798329628868,-0.3663030165272545,-0.4168485957639702,-0.331701877191,-0.35300360832725314,-0.27507796543344987,-0.576021352704659,-0.10476411287150368,-0.5175105103632943,-0.18151671456920807,-0.43762576773992373,-0.1650539571642961,-0.3704513770458165,-0.12161476318052417,-0.5533768853539155,0.06634672112164636,-0.5096949169645215,-0.0017827729518363926,-0.4349872377643065,-0.0028630995516800654,-0.3809889825671853,0.02135179441754103
2,0.0,0.0,-0.10053485380758881,-0.34894950189392143,-0.26695825504753407,-0.6089878631391598,-0.39046570095037897,-0.8171655705623111,-0.42136997019327943,-1.0,-0.5531767768658362,-0.47619293252379663,-0.5498815172884894,-0.49938836317788143,-0.4505447646212701,-0.45177918019344865,-0.381533863826658,-0.40841713507469285,-0.6032690966798843,-0.2555428684302,-0.5747033943126922,-0.311751143801436,-0.48141918450166077,-0.2767249114388672,-0.4108288810326834,-0.23342284015446288,-0.6013499339806381,-0.05033249026078576,-0.5713086827118682,-0.12463539416358303,-0.49075061792994806,-0.10553647901596694,-0.4162014911751116,-0.07149114897624252,-0.5720994844863785,0.13081434975777312,-0.5474908171943883,0.0720412300853513,-0.47145321139937524,0.07087325341682352,-0.41270127514550875,0.09004314677206655
2,0.0,0.0,-0.10560687595716754,-0.3380682712160162,-0.28184089859138456,-0.59834889681192,-0.41173572533791547,-0.8100568737049046,-0.4505053377924132,-1.0,-0.5813587728964448,-0.4767689863466195,-0.5456834939110762,-0.4600383146341296,-0.4485526223022964,-0.4102914484794326,-0.3880970768455845,-0.3707550059106875,-0.6316584157943244,-0.25120092992647863,-0.5621229625241129,-0.2587549561275447,-0.4661857549072637,-0.22438111032389946,-0.39694504047107865,-0.18876466596182975,-0.63020296601459,-0.03645455488531385,-0.5576602997751343,-0.060562890358355895,-0.47586362615179206,-0.0491356790763643,-0.40468787489835645,-0.026017066425067566,-0.6015785074858219,0.1566040485716587,-0.549189528313915,0.13148675588079284,-0.47077344123075243,0.11851060999695008,-0.41305073574040013,0.1252084227137569
2,0.0,0.0,-0.10285551477018427,-0.33582675024553443,-0.277909919141818,-0.5947783855719943,-0.4085139057686012,-0.8061410511115197,-0.44522466398783767,-1.0,-0.5812221391316826,-0.46955891816864964,-0.5459595013969675,-0.44283736035930993,-0.4447719949502877,-0.3999011415668459,-0.3834070310292713,-0.36986606041716186,-0.6266207793867694,-0.24435439024499625,-0.5524999383361063,-0.24973582627375182,-0.45267730611750673,-0.21811668378306867,-0.3841315817797769,-0.18478861056672483,-0.6221003955458488,-0.03149034904006135,-0.5437892126305592,-0.05821043532466601,-0.4604037919931116,-0.047454290237372354,-0.3907472766982236,-0.0242147103142392,-0.5934132310534884,0.1603890487167183,-0.5376386596736074,0.12901137642779942,-0.45713224214401993,0.11735409762179179,-0.3983355793939448,0.12577332128458224
2,0.0,0.0,-0.10192303553597389,-0.3370194178483122,-0.2772152950510149,-0.5926940571211349,-0.4072214596131335,-0.8032224550251976,-0.447129181320938,-1.0,-0.5839657447868497,-0.46968593467848613,-0.5329563787059546,-0.4388243996864995,-0.4333136252145426,-0.3946806048500359,-0.3762980770201826,-0.3610636477979712,-0.6298781163477348,-0.2427005727101779,-0.5451701655252139,-0.23797981776270064,-0.4446784004845286,-0.20959552992285138,-0.37772335777033267,-0.1766868950575061,-0.6246866788694955,-0.027188985443735294,-0.537780630877568,-0.0429503729417303,-0.4540264424960438,-0.03925219285614241,-0.3875246702627889,-0.019651100131614203,-0.5953131080070146,0.16802795232970788,-0.5325135554549062,0.14121924605406386,-0.4519145697973509,0.1227337781856686,-0.39583885440413075,0.12803553841157392
2,0.0,0.0,-0.09693409855771218,-0.3389154663210009,-0.26739286959692954,-0.5941585717819287,-0.39566647073308725,-0.8067715251032783,-0.4311899907505395,-1.0,-0.5732280176571596,-0.46851774778114863,-0.5249337415803191,-0.4251276414536692,-0.42228332215942677,-0.3806201215155453,-0.36079493025994896,-0.35043101714868713,-0.6199329730873201,-0.24107831962808243,-0.5437590656006558,-0.23460383497287687,-0.44303841748836653,-0.20360877701638516,-0.372709188476902,-0.1718315915076841,-0.6158870915762701,-0.029040358828386976,-0.5384762959849408,-0.04556309602967319,-0.45399123312000994,-0.03870064636045572,-0.3831733637572091,-0.019149385673858182,-0.5875294244676051,0.1604654698742481,-0.5294297010699957,0.13182657289032146,-0.4472061836417313,0.11690210831509425,-0.38810838340473797,0.12292389825923941
2,0.0,0.0,-0.09669845101324143,-0.33497172364659167,-0.2675875088677799,-0.5949185125065807,-0.3967695030591224,-0.8078951841976078,-0.43408153821056594,-1.0,-0.5760303902083925,-0.4754583570705364,-0.5221400933868067,-0.44996259353075685,-0.4214633317431895,-0.40434495648173713,-0.36379882820743575,-0.36762066374401386,-0.6248263246560345,-0.2505941764225113,-0.5415701822708365,-0.25320127109934526,-0.4416215788487949,-0.2213437655552886,-0.3750979770858696,-0.18620289095971324,-0.6223267036620457,-0.038337770568942754,-0.5400041960031732,-0.0608276338309859,-0.45551313570666246,-0.05372037036007596,-0.38714491220203073,-0.03061201870096985,-0.594436528040028,0.15326186402053557,-0.5364377991942768,0.12384427186888705,-0.45438129919486014,0.10867730573771521,-0.39511635741903667,0.11606279290610554
2,0.0,0.0,-0.09527831608484993,-0.33768149275098597,-0.26378576176701535,-0.6017746778283065,-0.391105522516463,-0.814391054457814,-0.4314514679342306,-1.0,-0.5748534356780381,-0.4758395295864401,-0.5205582696904976,-0.4715543729706525,-0.42093462344853877,-0.42726098803712736,-0.36568578963868204,-0.3876091085351959,-0.6235796508264649,-0.25055268914659085,-0.5438922164903244,-0.2699597603243685,-0.44572888272708144,-0.23765622952452067,-0.3821674054141972,-0.19763143968164884,-0.6207408674057385,-0.03875189862359235,-0.5462073796913884,-0.07374322694002568,-0.4609203556946356,-0.06432372150718987,-0.3926777633025448,-0.03742821872723437,-0.592197078836793,0.1514269927603363,-0.545367986392499,0.1133241679092986,-0.4647205356494074,0.10156714121646748,-0.40665817474465404,0.11287976698486187
2,0.0,0.0,-0.1102787484498271,-0.3422829993798244,-0.2857872260858765,-0.5958889801335985,-0.42565578972508905,-0.801836281454864,-0.4762918509442125,-1.0,-0.5921225999762655,-0.45389048265661275,-0.551174414463263,-0.4427478934211666,-0.4488805593511132,-0.40612100438790344,-0.3848027975783999,-0.37621510749934334,-0.6329957373659002,-0.2181223342576737,-0.5654867583686638,-0.23883916300487862,-0.467844893829959,-0.2131318468555794,-0.399850159115499,-0.18138407891657748,-0.6210013732104162,0.0019942371837063854,-0.5534979270615943,-0.039703578355525376,-0.4725825726198768,-0.032432706199152325,-0.4035966068317484,-0.011279491766731422,-0.5829585005867302,0.19987826314808718,-0.5373794628185847,0.15516816631685587,-0.45812992135339714,0.13582873308907936,-0.40049636743674694,0.13921767367699842
2,0.0,0.0,-0.109235666844465,-0.3446252470295545,-0.2833111547653543,-0.5924423612918563,-0.4282551468893356,-0.8026947644654335,-0.4772682257733051,-1.0,-0.5875647848105514,-0.47201712536972373,-0.5529003605980286,-0.46240141197659523,-0.4500494252190012,-0.42295068592542906,-0.38862145028526485,-0.3927153286424252,-0.6317474691823456,-0.2317883040532471,-0.5598787985083477,-0.2543396002268947,-0.45865255176869546,-0.22719185347133966,-0.3909655235313401,-0.1915821048058978,-0.6203388409622903,-0.006864414818255686,-0.5416495672985142,-0.05082228272404818,-0.4615887868118533,-0.048106791893604096,-0.39293017510899775,-0.02449867578046314,-0.5818015634503753,0.19717007885216378,-0.5269026743400088,0.14678984624365177,-0.450218634364243,0.12462204399170973,-0.3915797316651886,0.1294080649852988
2,0.0,0.0,-0.11386840552332705,-0.34274082398892414,-0.29829886943531825,-0.5939324539517353,-0.4420658904439847,-0.8038033145514981,-0.4967390771620948,-1.0,-0.6063424035555264,-0.46213470964174186,-0.5753512422273147,-0.4564964761749082,-0.47273989759843893,-0.41690560647555447,-0.40859628044304697,-0.3812666279301349,-0.6484299947674519,-0.22770295671546695,-0.5866900351263474,-0.2578327448723437,-0.4878773164365753,-0.22854294074868783,-0.41701326041573117,-0.19020793925144816,-0.6361911582685733,-0.008813458102361333,-0.5679146213598449,-0.0598129541119414,-0.48611292501704756,-0.05059820178257927,-0.412953998621463,-0.023232853489503318,-0.5975873052207344,0.18690947918440243,-0.5489754602843367,0.13705380628919986,-0.46881746962813214,0.12140092338750687,-0.4079751455382116,0.12910752900494613
2,0.0,0.0,-0.11332519024956181,-0.3414896008780954,-0.30082817938963896,-0.5945038812888176,-0.4447104107067947,-0.8050098899337262,-0.498778327054912,-1.0,-0.6056844222639147,-0.4697347551051006,-0.5739168583573271,-0.4626829792017562,-0.4733184973808471,-0.4236808898542029,-0.4110039906159585,-0.3913322581545495,-0.6481804920268326,-0.23704410266681084,-0.5858383554392953,-0.2659345184423456,-0.4878371977918021,-0.23780749923877734,-0.4168194371454494,-0.200356046029321,-0.6381158031786077,-0.017905667858395615,-0.5702259628607498,-0.06754565968445621,-0.4891952666887986,-0.06101688687074306,-0.4154536543385764,-0.03585144804814938,-0.6016410712124317,0.1788843077614416,-0.546507793783907,0.12526015161058723,-0.46704428359306066,0.1069809902612589,-0.4076776124242757,0.1138416014525713
2,0.0,0.0,-0.10895203389942175,-0.3479354437440083,-0.2917704973598256,-0.5983251023401384,-0.4345636391442496,-0.8070708789652205,-0.4872143338853059,-1.0,-0.5981448339870047,-0.46807729222915834,-0.5611808502302207,-0.4681597166394559,-0.4616877183002797,-0.43166967324188243,-0.3997574086998965,-0.3981152284845305,-0.6389470197477953,-0.23395776365753554,-0.5724502856748758,-0.2678304114954578,-0.47510705711352796,-0.24246093496475726,-0.4052128393120702,-0.2046485965632105,-0.6261811887590486,-0.014902697843466232,-0.5554489894528996,-0.0669120802084833,-0.47524415077555343,-0.06279085969360829,-0.403326890305025,-0.03722092923990536,-0.5870738899793925,0.18125968889831506,-0.5332434608215612,0.12792198389387774,-0.454936626422154,0.10832137501859106,-0.39543180929010013,0.11517619829743128
2,0.0,0.0,-0.10807286106974012,-0.3396419099605845,-0.29516342615672475,-0.5959614910973754,-0.4362194179495757,-0.8086904897567575,-0.4815865100076942,-1.0,-0.6064555516313207,-0.45954803560314655,-0.5922610067952728,-0.4832578287306206,-0.49643962878938047,-0.44397922310896104,-0.4358552087430569,-0.4048736734146225,-0.6491616260357552,-0.23561366564972744,-0.6016444837433468,-0.2872449863972951,-0.5079201363861681,-0.2646387075776157,-0.43550796580392254,-0.2269588898858142,-0.6372415507281498,-0.022113974294408287,-0.5843598160743507,-0.08490924036648269,-0.5031053924735941,-0.07946985504303918,-0.42539592905724954,-0.052795206690138555,-0.6007758108532647,0.16605451431373286,-0.5617647067140327,0.1082983710403913,-0.4847826720117949,0.09743868744431176,-0.42413010412481067,0.10823474753769975
2,0.0,0.0,-0.12548242128567225,-0.33944959393190094,-0.30871391612764776,-0.585501010025011,-0.4490711546024416,-0.8050711594200126,-0.4886269547205713,-1.0,-0.6013629333396245,-0.43964217633202474,-0.6220145849127704,-0.45341178605989074,-0.5211136778845933,-0.40853512048213686,-0.4494550016553316,-0.3740978478422631,-0.6407461510618812,-0.21577333668579596,-0.621984262554218,-0.25230441069169196,-0.5279257232573269,-0.2278803176507937,-0.44550090942279336,-0.1993223236250068,-0.629869634403748,-0.002408927185744354,-0.5934641006299896,-0.05441361411553966,-0.515727775216672,-0.04594064029910881,-0.4314027130151002,-0.024168903471959647,-0.5948838671379101,0.18333039674043147,-0.567224208407554,0.13883771990883173,-0.49422072140716716,0.1275155779345897,-0.4304927588719998,0.128471157308783
2,0.0,0.0,-0.12404261005047254,-0.3369361336656711,-0.31352500460802124,-0.5815433481742431,-0.45022286575783604,-0.800719607648699,-0.48619470444515783,-1.0,-0.591884364157494,-0.44669233712675727,-0.6124343181893306,-0.45219339010863724,-0.5150000196086011,-0.40949426056245314,-0.44050106138556616,-0.3784000614029338,-0.6323143583701555,-0.21884431386983585,-0.6109027463806724,-0.2521350965387458,-0.521838519248083,-0.23044140081605397,-0.43922972372601515,-0.2039763721959,-0.6240182393605131,-0.001008442343149399,-0.5842689437294775,-0.05190256654178789,-0.5113190649946693,-0.04790409265120052,-0.42923760078120665,-0.02935267525747494,-0.5905148434309225,0.19119520586510066,-0.5556106930744101,0.1394604329242979,-0.4856742361469435,0.12217405042547863,-0.4255545452457266,0.1211256905729129
2,0.0,0.0,-0.12300026925127583,-0.3418118983862717,-0.30861499539212683,-0.5852221136093608,-0.4458827436656543,-0.806276787957593,-0.4838405963213034,-1.0,-0.5936355755638925,-0.4397231274383805,-0.6137083308726393,-0.4727855778797719,-0.5134690371764078,-0.4313607602232577,-0.44338824033109947,-0.39171913512530016,-0.6337680701773092,-0.21494186034838442,-0.612612494103854,-0.2783475241240904,-0.518612158872515,-0.2560425241161285,-0.43851970093376674,-0.21962346777227004,-0.6240387455978386,-0.005506046660851467,-0.5878524541779538,-0.08053126343789915,-0.5106841661764318,-0.07384422210924761,-0.42812240610251195,-0.045590631301814344,-0.5886696930722387,0.17429509510579552,-0.5571061601216359,0.10881711731926812,-0.4851546588605721,0.09775766789762524,-0.4241242773608002,0.10756924254541253
2,0.0,0.0,-0.12506577098130128,-0.3420218253054231,-0.3111253497911721,-0.5862924012680316,-0.447693973452256,-0.8057516500328794,-0.48741331984091796,-1.0,-0.5923475607433066,-0.44995243378320554,-0.6041331054367812,-0.4703433079201788,-0.5100939713271726,-0.42625286073622537,-0.44130390363138305,-0.3890555129801002,-0.6338150678338501,-0.2225450236314166,-0.6031642351821396,-0.2646668327121076,-0.5127950641582947,-0.24072441296493802,-0.4323733805064563,-0.20998368369364098,-0.6237581107057996,-0.0061354792388091115,-0.5772836555013341,-0.058981689400748154,-0.502629056698553,-0.05478576817675045,-0.4207652523141564,-0.03449639473312063,-0.5875513034625368,0.18459592762720947,-0.5464033977287193,0.13539465489799216,-0.4747564909588537,0.11864592203138957,-0.41535901221650323,0.12031816692543984
2,0.0,0.0,-0.11440520058364186,-0.33873880163996445,-0.2884286920039954,-0.5931397738650024,-0.4204701086278006,-0.8064559255451956,-0.4622134478867326,-1.0,-0.5983722306579794,-0.4745212432751917,-0.5685590932683389,-0.4727766735498166,-0.4643872719361366,-0.4272138787848095,-0.3956467787961827,-0.39238416414735444,-0.6454699775189398,-0.2422526991400746,-0.5954242772751243,-0.2756988434946092,-0.49741261555289235,-0.24277807387072417,-0.4176785465905708,-0.20851662808674287,-0.6367662277350737,-0.019947332592183422,-0.5944294154118114,-0.07342503230561467,-0.5089934025238495,-0.05747906387177538,-0.42479834478781225,-0.034554659988542256,-0.5985074880379798,0.18021073381590266,-0.5693521648969058,0.13384735312343965,-0.4873437681375411,0.126783285976291,-0.42220465928799045,0.13414996020161177
2,0.0,0.0,-0.11028373370535993,-0.3392709990813709,-0.2890599866620057,-0.5947095117158844,-0.4234460508224234,-0.8066921479624132,-0.46621918494617,-1.0,-0.6009343601747266,-0.4878021518641387,-0.5625726199812453,-0.4628159822512487,-0.4559906294898006,-0.41934641280479296,-0.3879338997854409,-0.38858830060307575,-0.6471968358844749,-0.2530279770679484,-0.5848305273045556,-0.26231585125166895,-0.4848922177174006,-0.23103979115219841,-0.4056791482344433,-0.19913814934652666,-0.6400896608730965,-0.02518678884165403,-0.5813247858927106,-0.05766720120014881,-0.4955667529037444,-0.04534599612183924,-0.41349294875157916,-0.02564900917586178,-0.6053376338028752,0.183046894983556,-0.5626043050816611,0.1451594759666523,-0.4806723673841219,0.13397113264441857,-0.41737715993070357,0.13948704688415647
2,0.0,0.0,-0.11747779462325902,-0.3367197159058347,-0.2993317246633475,-0.5920349595167418,-0.43766900753397786,-0.802713177828568,-0.4791270059782088,-1.0,-0.6186487893495948,-0.4812762275526615,-0.5831102475965132,-0.45702594831977345,-0.4740590943757066,-0.4129523983570245,-0.4062442365009384,-0.3847173946759997,-0.6627502325437865,-0.246870968556393,-0.6032700004688948,-0.2546956611998338,-0.5010381011121624,-0.22392317498714548,-0.42068122805562136,-0.19452435027005538,-0.654400377680766,-0.018237524491740036,-0.5931519712218798,-0.047518043434089614,-0.504577655998708,-0.03638383491054328,-0.42188416373807774,-0.01976315600692361,-0.6183472538993415,0.1900203949216685,-0.5804820319096965,0.15259152566758402,-0.4973244539879907,0.14125885840538083,-0.4329146543263163,0.14376235608034374
2,0.0,0.0,-0.11141025308442157,-0.3381651681549736,-0.29048483074130366,-0.5920619135264682,-0.4261183329307834,-0.8023927096940207,-0.469376045414725,-1.0,-0.6052058007798244,-0.47780961476210587,-0.5645968616571405,-0.44127429861644735,-0.45908048780998695,-0.39801014103642623,-0.392468002917695,-0.3713656304617154,-0.6493914459718069,-0.2450457754892674,-0.5829719917070949,-0.24362527631335348,-0.48306865203554666,-0.21244003442325815,-0.40391707159325513,-0.1848685579049184,-0.640574232280296,-0.018552692446943565,-0.5772319891387241,-0.043576422485071147,-0.49171507068095177,-0.032808922719914334,-0.41132941546684487,-0.019176577747435697,-0.6048746839687419,0.19188871768207275,-0.5597127678481226,0.15729595349476472,-0.47859285506316274,0.14367972126248477,-0.41691457460190656,0.14560052102156706
2,0.0,0.0,-0.15255110579451164,-0.32171137396441685,-0.39678507057753665,-0.5734132943325643,-0.5512823066132452,-0.7864024890294276,-0.5837113861708952,-1.0,-0.6917364711263785,-0.4580254543620654,-0.7850347611593713,-0.25819247432062115,-0.6871640206983326,-0.19890866052852124,-0.5877112563967568,-0.22051051347193681,-0.7239432642885663,-0.22299902894252388,-0.7739217262787169,-0.04366690961841585,-0.6727815769549398,-0.015640032237951806,-0.5662619041271068,-0.05207910054958063,-0.7069743320245633,0.021769129880463242,-0.7260369965510274,0.14564866350304728,-0.6351995968007462,0.1552129211355494,-0.5385578559770466,0.11485123675717557,-0.6653608411676974,0.24416409875554954,-0.6645756112634957,0.3227441062785949,-0.569370219597758,0.3104920142327538,-0.49585766732271136,0.26376513322246853
2,0.0,0.0,-0.15219867493558648,-0.32205773551610223,-0.3948785246556322,-0.5773456411974861,-0.5551287500771502,-0.7902305415971125,-0.5972290645962952,-1.0,-0.6970812375835702,-0.4774033472021314,-0.7928884370145385,-0.2842806907648338,-0.700065226666235,-0.21340654713257323,-0.6042407328868853,-0.22609480761782727,-0.7344384580612845,-0.24420873358246714,-0.7901111867937183,-0.0660602855598379,-0.691333326034801,-0.02655174334171554,-0.5860029698680093,-0.06095131291870371,-0.7216400056040035,0.002834369169603136,-0.7491058107899915,0.13213675482183093,-0.6571655641916233,0.1527202026707234,-0.5588056237413007,0.11313994443912921,-0.6805065879567552,0.2294176231313972,-0.6834713787260792,0.3191081764664536,-0.5856762812137205,0.317622290479366,-0.5076100686109639,0.27285817031823345
2,0.0,0.0,-0.1545021375308707,-0.3302242571020464,-0.3989273258379107,-0.5866766841225003,-0.5591599556371311,-0.7967382265139396,-0.6047457762550434,-1.0,-0.6845764473810666,-0.4957797548087956,-0.7903420316790899,-0.3151610308908956,-0.7024645741163014,-0.2384276128186733,-0.6069838958885071,-0.2465155313296639,-0.7255902374004907,-0.26863923930672245,-0.7903319649381706,-0.09130140781798829,-0.6963693197824514,-0.04627146005021731,-0.5946475767703032,-0.07835778109525826,-0.7166045700801674,-0.023570644691390686,-0.7521514906090677,0.11012778626547348,-0.6605735620014506,0.1336374013400405,-0.5650356291846773,0.09580265664438718,-0.6768670540579269,0.20453069404358803,-0.6858473734221366,0.29818473067299783,-0.5898727957179859,0.2966528558321585,-0.515732349896635,0.25211602107660963
2,0.0,0.0,-0.14842802140277098,-0.3278988325990357,-0.3825929567900379,-0.5769974701692895,-0.5384317254377754,-0.7872185437347003,-0.5758993308799351,-1.0,-0.6840443967651427,-0.479255356677153,-0.7717991594108317,-0.2698980067504148,-0.6772147672568345,-0.2012175282747638,-0.580957102487121,-0.21736338851169607,-0.7173618136668812,-0.24731032254081683,-0.7659505007376574,-0.05988056061955655,-0.6668582727857997,-0.024824593784528472,-0.5607157795670814,-0.061847305566509476,-0.7017547865833301,-0.00010519963362810229,-0.724203097026819,0.1306977885399173,-0.6301990351870727,0.14934127391086882,-0.5320679350256826,0.10788915360280397,-0.6584371051076627,0.22939614780359543,-0.6575577117630829,0.3152080244012755,-0.5580215350579354,0.3100220604261656,-0.48092784187046206,0.26249245649333713
2,0.0,0.0,-0.15199968714578999,-0.32549397283398224,-0.39637457547486826,-0.5800644114363825,-0.5537688121351839,-0.7917636757996731,-0.5955042506567948,-1.0,-0.6874440474529897,-0.48274715970450266,-0.7827974521115668,-0.30662678764216506,-0.6935570376234508,-0.23067494939341174,-0.5988580665219534,-0.23832450022359553,-0.728441530959258,-0.25255741534339143,-0.7806068481819525,-0.08877854862966655,-0.6861536018941106,-0.04367641476568836,-0.5822155963599943,-0.0740594137308809,-0.7171597333838937,-0.006930407657309739,-0.7409622561846664,0.11032419673627802,-0.6494171177931226,0.1338786530002664,-0.5506268441557499,0.0964819590918142,-0.6756904707245971,0.2193844874424707,-0.6755573047360023,0.3031891380889931,-0.578528006891535,0.300956227028184,-0.5014074146291659,0.25462429823436417
2,0.0,0.0,-0.15467835350351858,-0.3278988547302988,-0.39347884555055124,-0.5784819336050612,-0.5526765560319933,-0.7913765734256124,-0.5943383180645103,-1.0,-0.6836832539495884,-0.4851525632422963,-0.7851859762669366,-0.3105774014090009,-0.6971855710702102,-0.22998125965139732,-0.6069542280825675,-0.23126320472132714,-0.7232858941674837,-0.25335969729605784,-0.7786329400595466,-0.09428173972313912,-0.6865623494499807,-0.04773421607586602,-0.5838404247341191,-0.07281086775313311,-0.7112012944307831,-0.00803577353115205,-0.7383263883190264,0.10300195020556274,-0.650104224293664,0.12765314531995817,-0.5503824829371737,0.09622684106354717,-0.6694693297095973,0.21646315870479965,-0.671313288921364,0.2959863144020345,-0.5774197842013326,0.2945524205596505,-0.49939554228632255,0.25113260730351394
2,0.0,0.0,-0.14408453787850736,-0.3233639821729591,-0.3680325149005057,-0.5812338650504365,-0.516337259946283,-0.7914985240599263,-0.5546967824829946,-1.0,-0.6402872861360855,-0.5087242420505771,-0.7495338143245458,-0.3280436343321169,-0.664691077168424,-0.24547412530193768,-0.5702064662388819,-0.25587005687698916,-0.6828497596901371,-0.28814004587978864,-0.7576544506306943,-0.11048214042407707,-0.6672027457410564,-0.0584277058991227,-0.5632552935936184,-0.09138803077490538,-0.6805820139868285,-0.04896576343903564,-0.7284221731460514,0.08752427095462818,-0.6417310506802338,0.11989429170155345,-0.5458202908595972,0.07930441178638181,-0.6518241008737005,0.1765485686922391,-0.6733622925082785,0.2758817982490041,-0.5798364764092253,0.2805930866830336,-0.501425070381724,0.2346412176802198
2,0.0,0.0,-0.14670705914952764,-0.3269112430758008,-0.3739211153158643,-0.5855687996786701,-0.5207833197891963,-0.7957232102998594,-0.5569202459799273,-1.0,-0.6554436801962589,-0.49571989108499914,-0.7515383069095238,-0.3241093968464475,-0.6602690354175144,-0.2521133888549716,-0.561453398409835,-0.26738215015755085,-0.6975617196814896,-0.2694855627206672,-0.756434708246608,-0.10128229847797215,-0.6601194842760587,-0.05961440419906786,-0.5542963879856356,-0.09590013564027468,-0.6924913392733605,-0.02628240103798189,-0.7191698084216313,0.09990874023861798,-0.6301738261633941,0.1237720303562711,-0.5345327011658649,0.08221191732395201,-0.6622161838203566,0.20165423701506363,-0.6681445253280335,0.2876235801499017,-0.573992198726242,0.28584332485379604,-0.4969692584762119,0.24033838090190898
2,0.0,0.0,-0.13930931934345409,-0.32909370191616644,-0.3619086049342809,-0.5856051255248294,-0.5085980431155991,-0.7951569190632635,-0.5510470581155255,-1.0,-0.6414249728132262,-0.5045873661280823,-0.7311804293909515,-0.3595225154743746,-0.6439082333371107,-0.2810829344234268,-0.5471251025342495,-0.2858971738617537,-0.6913799126662153,-0.2728317497579408,-0.7430277883894004,-0.13738110744781937,-0.6487669743061869,-0.08681910662895366,-0.5421888124841627,-0.1130994198934423,-0.6912734469787263,-0.024648778240516502,-0.7098966804017418,0.07441050258658106,-0.6221529934461638,0.1043990889766798,-0.5254830880569815,0.06884950117445549,-0.663734698021907,0.2070455311684872,-0.660409476047051,0.2806719055170538,-0.5660403185746291,0.28307742918975576,-0.4885648434714987,0.242480954706173
2,0.0,0.0,-0.13913244931115382,-0.32172230679017266,-0.3639383441400142,-0.5790977301255404,-0.5106844974898018,-0.7911360317956594,-0.548107926413372,-1.0,-0.6485844508413273,-0.4951534952982664,-0.7320981625899943,-0.33971367857888374,-0.6444141918600168,-0.2697280244176937,-0.5472396694337119,-0.2778808761038336,-0.6977559735654947,-0.26475958285946827,-0.7380138103890201,-0.11718991660776287,-0.6435940070299973,-0.07898346632370269,-0.5387837783119539,-0.10910048318057175,-0.6962751664636851,-0.017457216249052193,-0.7045585525253871,0.08570228880749083,-0.6172769087093238,0.10404773046759225,-0.5221604289662806,0.06652205577959437,-0.6672101901124093,0.21296683372971287,-0.6552509486391607,0.27846532250773176,-0.5604399119392176,0.27188073225717047,-0.48602588833172444,0.229687806517733
2,0.0,0.0,-0.13512268210959943,-0.3209122937527484,-0.31820367233974123,-0.5754669218528043,-0.4384710649030418,-0.7906693181790907,-0.4598124458033625,-1.0,-0.5701297971447327,-0.47959897240237076,-0.6848514930400282,-0.280976226024467,-0.6003330033426967,-0.22906117539734822,-0.5117183920988969,-0.25202511371930897,-0.5951028131474163,-0.26519924705522463,-0.662436628679257,-0.08962850271569796,-0.5758304329829739,-0.06267587395996461,-0.48581193380886084,-0.09842394915942604,-0.5797118578373521,-0.042630949877261196,-0.6316840174535002,0.06921477043717593,-0.5517855622019935,0.09247782743500935,-0.46790752084829856,0.061047191806167786,-0.5453387022404353,0.16666041778453375,-0.590641856204366,0.2239130897196288,-0.5041776880807994,0.23375818282838642,-0.4292139460813343,0.20888233487370347
2,0.0,0.0,-0.10817127896749243,-0.3221753691987871,-0.27970169107965837,-0.5798342397180677,-0.4027108218261133,-0.7983992014014109,-0.4243345680202714,-1.0,-0.5288412380962827,-0.4891576785310003,-0.6471902946305605,-0.32924020998899767,-0.572590801219441,-0.27362805938611173,-0.48850123782453914,-0.281351796396648,-0.5601992960532853,-0.2782910802149262,-0.6323106991159004,-0.15205916937168804,-0.5561316554861664,-0.11833808857234951,-0.47230417727107615,-0.13500218786285334,-0.5510824641769175,-0.06236890625355538,-0.6079970193335703,0.0038579396830848325,-0.5379268030961083,0.028706921487890797,-0.45625379274579,0.01739486021659924,-0.5215789739913609,0.13634617245139352,-0.5700534368927207,0.15255829348989253,-0.49402123299208783,0.16248839155820524,-0.4236614298195312,0.15184439375900047
2,0.0,0.0,-0.10959874951145,-0.327483697617322,-0.2805686036391251,-0.5795647772631676,-0.4025051988035958,-0.7996159246981046,-0.42780633383520084,-1.0,-0.5433362444805173,-0.47797147474660845,-0.6427390811827784,-0.33873952396302953,-0.5752744294321883,-0.2725641538970521,-0.49631893208849587,-0.26162146493613386,-0.5809145589520601,-0.26557490752349966,-0.6248937406346533,-0.1521945753269514,-0.5496004880555291,-0.11687636815814967,-0.46575944915743356,-0.12442474094488208,-0.5725426215466277,-0.047786028105742374,-0.5948606409825865,0.006705860364494243,-0.5278595455834706,0.030674000796306375,-0.445366460077435,0.023969636311038833,-0.5433433914590449,0.1523797319334563,-0.5570546204509793,0.1743425631574753,-0.483193589127019,0.1788986788643983,-0.4156298769298608,0.16321920522773223
2,0.0,0.0,-0.10997458275135474,-0.32875976423282965,-0.2803957932270821,-0.5815152056487214,-0.40049539391902916,-0.8005729391595249,-0.42066327759279215,-1.0,-0.531430548604387,-0.4941972352077299,-0.631271092780609,-0.35901626114350393,-0.5542561367296237,-0.29325712400585763,-0.471094745818654,-0.28451773996377894,-0.5694140244127366,-0.2833415136528109,-0.6212092192817996,-0.18255573584295978,-0.5417082730011281,-0.14637574261165734,-0.4563128252965654,-0.1500329655867625,-0.5614750606033613,-0.06629747572039835,-0.5940848155497698,-0.021432866585298395,-0.5232109786277005,0.004485349442468406,-0.440097429296347,0.0020198167232577248,-0.5314798399288401,0.1333435030248926,-0.5570995696029745,0.14259947947717047,-0.4824199914014023,0.14792761391813034,-0.4142473512759124,0.13777086267388683
2,0.0,0.0,-0.10235171589896351,-0.3248302467921769,-0.2656969036867187,-0.5764806575344928,-0.37888347640184367,-0.7999250554016865,-0.4020392380247185,-1.0,-0.5078504787832774,-0.47311587305078623,-0.6328085552437859,-0.33990329449582657,-0.557169418943355,-0.2926315235154732,-0.4782525000397361,-0.29764934372903323,-0.5354661504244693,-0.26381831168829084,-0.6280187155992172,-0.17611932438761127,-0.5509363980771926,-0.1511723098011897,-0.46593994381723924,-0.15879890203273575,-0.5234913907633512,-0.054768960156542375,-0.597739203394149,-0.016284395163536722,-0.5277456366204867,0.00042641999383168067,-0.4451436205337282,-0.003975531584058764,-0.49165213825705,0.13402897376152365,-0.5540231265415781,0.13784620334486028,-0.483229540630392,0.1409102943020431,-0.4143996380567643,0.13335739438117805
2,0.0,0.0,-0.10116135788293984,-0.32411023567331365,-0.26050680226211476,-0.578554189025075,-0.3721227243308234,-0.8003763727140286,-0.3907353165756709,-1.0,-0.4985663415489458,-0.4763453223691281,-0.6291477961834288,-0.3346061701531105,-0.5538013401712827,-0.28911888545842246,-0.47487457609588857,-0.298930755662357,-0.5258636250881745,-0.26674999979799663,-0.6210398649647747,-0.17286512718537367,-0.5444384022986369,-0.1485138610685333,-0.4598445543522438,-0.1593478684198406,-0.5162301642772359,-0.056950411400101646,-0.5869709430245402,-0.012652522658720123,-0.5180370441894533,0.004584184104272533,-0.4367106414577211,-0.0012697125006969118,-0.4880275823507215,0.13348286970862222,-0.5426830736512436,0.13924335994660647,-0.47199142212809764,0.14346830122422133,-0.4048894516254405,0.13488655085677717
2,0.0,0.0,-0.10793811580009798,-0.3245713887478632,-0.2686744766775431,-0.5769909510787758,-0.3800031523130401,-0.7981291143661602,-0.39683828674622545,-1.0,-0.5106645019163065,-0.47744349843539113,-0.6360208895438425,-0.33437175981319506,-0.5584190461295228,-0.2892444132544634,-0.4763845157411035,-0.29980117737676504,-0.5398174818853425,-0.26558050979141656,-0.6279227675201547,-0.1731540431656192,-0.5491916018815014,-0.14757638585284047,-0.46185162329940205,-0.15701452454570022,-0.5300764294098651,-0.0533554508476197,-0.5959117984432112,-0.010895333887891916,-0.5251066336740776,0.007375115932592364,-0.441178446444511,0.0013597895324568715,-0.5007783944191904,0.13870339449009716,-0.5547657665286753,0.14217563894103352,-0.48084507921098174,0.14752598125872912,-0.41026098153627855,0.13933353295281375
2,0.0,0.0,-0.10240453115733078,-0.3250274469812205,-0.26259407171100924,-0.578184952394347,-0.3735189615407243,-0.7981073134683573,-0.39270995878522297,-1.0,-0.5026819020509148,-0.485047697095706,-0.6305843894631753,-0.33831707014895696,-0.5576966012678495,-0.2913909256925836,-0.47843824876323704,-0.30023740313645336,-0.5288974814486568,-0.2754314984283584,-0.6223470986475296,-0.17464558455818716,-0.5463177265944841,-0.14875272517550328,-0.4622637287708211,-0.16093370636573323,-0.5176611926996978,-0.06376989577389724,-0.5909744728306243,-0.016700841702029245,-0.521041822426144,0.003428697853062211,-0.4396851424414773,-0.0028119044842625845,-0.4879406861975935,0.1300048610309189,-0.5472650085644616,0.13733856817351073,-0.474745257136559,0.14336407778264484,-0.406864808232047,0.13587726475527617
2,0.0,0.0,-0.10395999998709636,-0.31984493688342747,-0.2684519721448989,-0.5743380671434779,-0.3820703513243496,-0.7955220476538106,-0.39874541073757563,-1.0,-0.5043370767886308,-0.4923386213550829,-0.6368062314288304,-0.34706695282652755,-0.5606110070037765,-0.29666047184117933,-0.4818006973775597,-0.30644288733278086,-0.5345998369624301,-0.28484782891313554,-0.6310691090258101,-0.1815247851623553,-0.5523331566609105,-0.15248803267461294,-0.4669294064096927,-0.16507715251367866,-0.5279889764150381,-0.07313383436040981,-0.5985136935106595,-0.020064363387323265,-0.5275860600619569,0.0017677995315331242,-0.44555758106957677,-0.0061521359244285055,-0.5023368503296398,0.12050682941605517,-0.5572691239295215,0.13051118762256447,-0.48447804267171285,0.138242084661468,-0.4159750043469158,0.12950905819834777
2,0.0,0.0,-0.10043093388688405,-0.3219376058355066,-0.2667070261158363,-0.5757262376811669,-0.3813219361380215,-0.7983957445135966,-0.4026049132301743,-1.0,-0.505244744124952,-0.48517907412574957,-0.640303367801412,-0.3354026792824738,-0.5618947000008317,-0.28785904157942005,-0.47893662419410893,-0.30156271634967047,-0.5342343971777525,-0.27581106102241076,-0.632599301287909,-0.16831390735842894,-0.5542018867281399,-0.14038042803740056,-0.4684471359442048,-0.154585769021198,-0.5263416350176064,-0.06335933375595504,-0.598683175116573,-0.007068339952902741,-0.5282866516830037,0.013526232364418427,-0.44677208941857766,0.004953219951767632,-0.5001625196299738,0.13044104386366487,-0.5550341372768168,0.1484739545372333,-0.4810282591709428,0.15511989023360587,-0.41248737883806863,0.1427388789847685
2,0.0,0.0,-0.10208604783636376,-0.3236042270950507,-0.263714651441442,-0.5745945432759987,-0.3796828041825717,-0.7964319153533382,-0.39808778948333323,-1.0,-0.5027959654027723,-0.48181206581592234,-0.6385851737391065,-0.34175844142238865,-0.5619315912498609,-0.29260962227212906,-0.4808428654675929,-0.3020308847697556,-0.5345342076488421,-0.27152963746243347,-0.6294122268855292,-0.1699832710225301,-0.5527907273667738,-0.14217257364351238,-0.46910933745392164,-0.15545328654021176,-0.5278941785777422,-0.05879253448919328,-0.5993239659789562,-0.007692055863653923,-0.5298838138140104,0.01290373799343936,-0.44901361234605086,0.005460652528334501,-0.5023671012054031,0.13379728145931682,-0.557209829174551,0.1472760575922058,-0.4847522408972756,0.1540596415873868,-0.4169445553889569,0.14227700698623053
2,0.0,0.0,-0.11924936116494575,-0.3113266359459951,-0.2961992514394509,-0.5612779827576272,-0.40430501233189353,-0.7834745452635508,-0.41333347329542225,-1.0,-0.505645166954256,-0.4785285191510051,-0.6672527453274248,-0.30940663802428103,-0.5843718784646753,-0.2609088679904009,-0.5015961342068277,-0.28943137959598936,-0.5250333398002867,-0.2626396150156464,-0.6600772213135175,-0.13678051902926827,-0.5737570630194158,-0.10512200074899856,-0.48109662209805537,-0.1304107839480501,-0.5128489351163195,-0.04697258603344998,-0.632500057960919,0.029838356625567403,-0.5502233439999046,0.05636172627931454,-0.46066009292928894,0.03570996763930501,-0.48102487894097434,0.15030720042266538,-0.5839908090219059,0.18515413564184185,-0.5012883183033937,0.19867462446799616,-0.42292424957224084,0.18349044958868893
2,0.0,0.0,-0.11317064216684228,-0.31475975956289365,-0.2933883669538435,-0.5687452918571776,-0.4076047829963336,-0.7872548189927674,-0.42215652012224486,-1.0,-0.5019331694025545,-0.4936260536704443,-0.6751287587666811,-0.31948295056330844,-0.5940871685825033,-0.2669245815116595,-0.509332999194252,-0.29102967679493474,-0.5216552221051477,-0.2773228725154117,-0.6650575048988524,-0.14153779863928712,-0.5753070424281144,-0.11022119927721068,-0.4808383056883901,-0.13376638314508707,-0.5103558283232337,-0.05978358038170523,-0.6374299440267375,0.02615328640288353,-0.5509123069661442,0.05313332864505609,-0.45921720271951866,0.0333156231674001,-0.4781558562145101,0.14489950200960222,-0.5908686463910595,0.18800195358128757,-0.5060365542592602,0.19966295061098582,-0.4254182499535145,0.18336458189307867
2,0.0,0.0,-0.11175190663103185,-0.31209048887013285,-0.29287176487845357,-0.5673148409734977,-0.4087557256212439,-0.78605425747061,-0.42267040885725987,-1.0,-0.49972321437329453,-0.4882082134758846,-0.6767516022529518,-0.3155357641997616,-0.5929174178465592,-0.268196998285524,-0.505398349289908,-0.2940943688857164,-0.5177570727469601,-0.27292987151501136,-0.6631765645201785,-0.13520646530490485,-0.5718700292869369,-0.10629496549670422,-0.4774999455264322,-0.13177631528207837,-0.5064478359242659,-0.05706134307782472,-0.6345108135086361,0.02946649373898408,-0.547813153940206,0.05505431969402553,-0.4567851639609465,0.03467903387626945,-0.47642574923244685,0.14617051567037942,-0.5882065586774672,0.18575389283839935,-0.5019217750580846,0.19670431545220063,-0.42176363922668947,0.18198215049066271
2,0.0,0.0,-0.11788172873501461,-0.31422007288900894,-0.30474306794132505,-0.5682636621614432,-0.4192898170077624,-0.7871576795502147,-0.4330088581388513,-1.0,-0.5106364450327148,-0.4837404837358051,-0.6845300454924309,-0.3030413936976174,-0.5991758765225929,-0.25992677895704347,-0.5123222721992083,-0.28917912517342176,-0.5244360798707784,-0.26599454936006106,-0.6697551362452463,-0.12317782193997655,-0.577017889463618,-0.09855825555374027,-0.4827535881367271,-0.12604176610393192,-0.5092342050860817,-0.04883752255850307,-0.6403817485438611,0.039725905934013525,-0.5535284460695664,0.061497828007143256,-0.4621315601711635,0.03932052260642161,-0.4750916017659681,0.15632387049013877,-0.5965362062323536,0.19434402721773242,-0.5115566319829485,0.20380382676729814,-0.42970089396381056,0.19024552027652394
2,0.0,0.0,-0.11495547346162728,-0.30961246816291055,-0.2990187702760543,-0.5636984225329679,-0.4141692390230542,-0.7840951684576224,-0.4301392781842338,-1.0,-0.5027017306541329,-0.49024130778631114,-0.6774651718621952,-0.311703176234124,-0.5931545896473641,-0.26332432295731795,-0.507389238008481,-0.29112676568791235,-0.5180433022518818,-0.27601365983064996,-0.6639118788662391,-0.1329492797837928,-0.5710183662398461,-0.10508109151636776,-0.4761862568069978,-0.13231662841347278,-0.5050703630401304,-0.05954573270748563,-0.6366198605761296,0.03311587747990484,-0.547972015412248,0.057536310027262734,-0.45636606935601276,0.03459604858864131,-0.4732302478180887,0.14504899872909394,-0.592153613849118,0.1892851360771984,-0.5064752256248609,0.19990782176893,-0.4254284610486458,0.1839149210915343
2,0.0,0.0,-0.11270692217801592,-0.30373268496650063,-0.296885691084999,-0.5595570298454257,-0.4130882699940415,-0.7800033699834829,-0.4246138257400187,-1.0,-0.5065491452513666,-0.4843118779486882,-0.682573099876199,-0.30483964040472245,-0.5954051343964725,-0.25860598351709696,-0.5099374718741678,-0.291644555729529,-0.5232389770803982,-0.2684915715924794,-0.6708403121274761,-0.13112904376225987,-0.5771925187579451,-0.10243764412534792,-0.4808153874385723,-0.1317340641887106,-0.5106313276726807,-0.052550670460715244,-0.6431265563718421,0.033999540511923686,-0.5525228146593221,0.05938629462736252,-0.4584869350227618,0.03336738436602053,-0.4793702208824824,0.14928844913526876,-0.5937650151296796,0.18679804801703456,-0.5034793222406858,0.1992933646419908,-0.4200348625776675,0.18191710522815113
2,0.0,0.0,-0.08517575894186338,-0.34477937824548893,-0.26082351100711715,-0.5935567110024071,-0.3855461673162551,-0.804877211810678,-0.4242429084963472,-1.0,-0.5535124032976775,-0.5018448086475721,-0.5159016550626683,-0.4803779443849152,-0.4325984601642783,-0.4247880917576567,-0.3813682232677689,-0.3890290489655648,-0.6009525988302362,-0.27748835534981053,-0.535999925985611,-0.2841116338844602,-0.452374768494766,-0.24819430122847064,-0.38814205379836797,-0.2084892822118191,-0.5949703858336459,-0.05515535452051292,-0.5165620652705983,-0.07914795981018674,-0.44150003616612193,-0.06969749982758011,-0.378116300155262,-0.0483613382474402,-0.5627568004925321,0.14646152345162738,-0.49182813858857927,0.1037035791003551,-0.4160972885501422,0.094852299240175,-0.36669537527818474,0.11010716947108308
2,0.0,0.0,-0.08295110028239652,-0.3439379423049774,-0.25365031341783584,-0.5932420051536005,-0.375841502696403,-0.8067845546148854,-0.4124988427230214,-1.0,-0.5410492951816642,-0.49896387578239254,-0.5127716040047439,-0.4803639945053955,-0.43115519492733556,-0.4303227095655802,-0.3768660227249401,-0.39631380575928055,-0.5898271059613275,-0.27579881436188064,-0.5357435415566119,-0.2861133884273978,-0.45292448605381747,-0.2534413542298107,-0.3866710178884649,-0.21445764659505026,-0.5865896628878344,-0.05499078577116958,-0.5136201760401563,-0.0759934463561799,-0.4404668654320424,-0.06996094373476426,-0.3755385370091941,-0.05199581578915398,-0.5577419002131904,0.14498181661275816,-0.4893060066550234,0.10583657196335758,-0.4153874060615759,0.09391266025406052,-0.3645198358321439,0.10577507395052259
2,0.0,0.0,-0.08631719645577109,-0.3432122846037717,-0.26281602970730505,-0.5936990942333003,-0.3883672262857541,-0.8052217277698285,-0.4274527303820929,-1.0,-0.5447041803065751,-0.5098045766981554,-0.5199557988077963,-0.4884400483995799,-0.43674048184766856,-0.4311700246596214,-0.3788611181632662,-0.3948624087287314,-0.5970108931116321,-0.28889682555150875,-0.540991948393581,-0.2936740102170328,-0.4585570792991561,-0.2555913605349367,-0.38984374927492177,-0.2155571693248721,-0.596919095568077,-0.06685037987561601,-0.5222605246347736,-0.0863207401109451,-0.4477642868575364,-0.07656050128883582,-0.37835201303660115,-0.0561120922254821,-0.5693578955885628,0.1365485085472541,-0.49798091809186995,0.09922943218241319,-0.422246932185999,0.08835766685405853,-0.3689486709141593,0.09896281431694064
2,0.0,0.0,-0.08759946104564896,-0.3441160277007302,-0.2582905422336807,-0.5927402234826683,-0.3822396403928518,-0.8068244956279379,-0.42342781980616134,-1.0,-0.5400343738179124,-0.510287858703424,-0.5202253433879309,-0.49130616900720536,-0.4387721297077655,-0.43629329539411477,-0.3828629563178019,-0.40169229854165045,-0.5906330297541492,-0.2875630687915112,-0.5420474409693393,-0.2946739038427385,-0.45976722212253085,-0.259293216787517,-0.39070079753398435,-0.21978589307707413,-0.5880805384577117,-0.0650381090994142,-0.523253668860185,-0.08663789346398304,-0.4500619498848963,-0.07538515345358549,-0.3807532458358847,-0.053230173289377396,-0.5590885460119988,0.13798670969643842,-0.4997668227976583,0.1005619155312124,-0.4263861795339459,0.09291115298429486,-0.372044272376811,0.1062202483045681
2,0.0,0.0,-0.08041142898499072,-0.3413780436930358,-0.2526679147660121,-0.5937817273613009,-0.3805528643128933,-0.8061480841197111,-0.4263930338577672,-1.0,-0.5454503091913504,-0.5020365253405816,-0.5043034847780357,-0.48027142746924645,-0.4205142333167421,-0.42641983248977383,-0.3650088042894198,-0.38579703228193934,-0.5972005158992699,-0.27968417897526127,-0.530545661113717,-0.276331448211729,-0.4473603176781529,-0.24250218656354144,-0.3817673373493729,-0.20430628412558283,-0.5954500702226574,-0.057630884860104314,-0.5190394892351431,-0.069744719986727,-0.44612843406546515,-0.061926859193501146,-0.3800884115887526,-0.04299558863792624,-0.5681142707324117,0.14706116301283534,-0.5036557089279387,0.11488983201866414,-0.4295486154495308,0.10161256074072102,-0.3771661658565628,0.11055784168938576
2,0.0,0.0,-0.08175744007130102,-0.34141254645309094,-0.2563130404571311,-0.5954860861257111,-0.38358413924828827,-0.8073057469684115,-0.4257205149751271,-1.0,-0.5462839474337847,-0.5124869057691145,-0.5171597705269371,-0.4769141111575969,-0.43226818068455547,-0.4248407655174784,-0.3719840094192113,-0.3922409348641696,-0.5991012536429772,-0.292828568898554,-0.5423870433696504,-0.28001040258019205,-0.4588089824519105,-0.24750013841323742,-0.39009252438147063,-0.21312811038248275,-0.5969616474273678,-0.07031883468075305,-0.5309399723376701,-0.07539263221681117,-0.45594928877606633,-0.06663526478071365,-0.38680717825440847,-0.04847900360077593,-0.5673997968584682,0.13649153681360368,-0.5098341123698767,0.1113236927737454,-0.4372640943194361,0.09932195291511824,-0.3859059260675216,0.10833328959418594
2,0.0,0.0,-0.08108951103290377,-0.34362721056030165,-0.25173949140273244,-0.5948052331947131,-0.37769621804490966,-0.8071851693418686,-0.42436234221326063,-1.0,-0.5387312368774726,-0.5048540291627388,-0.5176103277635519,-0.47963957952190045,-0.4345141392445943,-0.42832609086756185,-0.37344213652372177,-0.3915992380333677,-0.5912760494751669,-0.2842730814204463,-0.5378775665111146,-0.27729727792126424,-0.455223587736163,-0.24584789173998747,-0.38673034396375205,-0.21141991798988405,-0.5883504659171469,-0.061654537185796214,-0.5206298575330336,-0.07266883858528897,-0.44787081019858327,-0.06412975653660921,-0.37932711068511593,-0.045556607519060634,-0.5583824738840575,0.14495203901502918,-0.4973152279333855,0.11259190122498725,-0.4241938166404393,0.09888543777660407,-0.3719872443809378,0.10757248935545254
2,0.0,0.0,-0.08460003760536136,-0.34606398219818196,-0.25659929855435815,-0.59862547164536,-0.3829125979420814,-0.8091164569668141,-0.4272367609672498,-1.0,-0.5485636134886944,-0.49584275221081814,-0.5158548515511611,-0.48164256232865316,-0.4270180692129339,-0.431023753137037,-0.3687579330519774,-0.39360014815378547,-0.5978369444243782,-0.27396648175216587,-0.5348808623842194,-0.27881944590587304,-0.4484831888659269,-0.24608594585944613,-0.38314091007207807,-0.20962506561396851,-0.5923413048167073,-0.0526495674223844,-0.5215210810347436,-0.07314268554676846,-0.445206591984492,-0.06219091858868745,-0.3784922071091656,-0.040878694192050355,-0.5610286998998536,0.15320946469738722,-0.5015173995231215,0.11627684245870347,-0.4268988452714608,0.1048571129407195,-0.37521475126561626,0.11599286958369628
2,0.0,0.0,-0.0909477774784807,-0.3448612586095209,-0.2715315856448871,-0.5916430411196325,-0.4036151645222204,-0.8043116666339848,-0.4485670034962713,-1.0,-0.5606962406568573,-0.49809636746248726,-0.5246419529855915,-0.4768703572402884,-0.43779557735263835,-0.4222421065559474,-0.3852641262194205,-0.3869159363990297,-0.6096865258869599,-0.2716053778522236,-0.5434606859544704,-0.2757752396010611,-0.45786086539510135,-0.23923777638105814,-0.39476130371049234,-0.19925134451465884,-0.6045566774035188,-0.045764929333210864,-0.5262459444387682,-0.06711323852840793,-0.4498154506777358,-0.05713116539052591,-0.38665121330557783,-0.03596587463030792,-0.5732225108546789,0.16056410272288085,-0.5093225875366509,0.11799184742317267,-0.4343624336085146,0.10788179898865113,-0.3852771989647762,0.12166184867196388
2,0.0,0.0,-0.10359548421574316,-0.3360335032954784,-0.28757947685052093,-0.591425935952902,-0.4242479130988432,-0.8039181536149731,-0.4717738792110605,-1.0,-0.5764595080327837,-0.4831836243736651,-0.5736619228944477,-0.45242306288129047,-0.48651561141397803,-0.3980565760535037,-0.41777512438512915,-0.3638691403184189,-0.6206908776008,-0.2554038967246278,-0.5760662023425499,-0.24081084465483457,-0.4860738039009575,-0.20853279340516306,-0.41208295046288373,-0.17929289633484952,-0.6121459146473741,-0.023418443744058527,-0.5498022007481627,-0.03538922271860653,-0.47069960792890164,-0.027450797105411217,-0.3985574676051916,-0.015147031071149529,-0.5792073567564803,0.190860316514077,-0.533476663568429,0.1528031408016734,-0.45678240671335774,0.13962669469778075,-0.40090054657145024,0.14341001324540686
2,0.0,0.0,-0.12470229051367734,-0.331169973663707,-0.32360551192034237,-0.5799210708736159,-0.463674193639218,-0.7939169201527411,-0.4983236471786345,-1.0,-0.5682418583484714,-0.44778566642247153,-0.6745779169995799,-0.30538625288147303,-0.6064267976867812,-0.24735005394700157,-0.5332224499604736,-0.24956848095367296,-0.5875919780507562,-0.2240098580841482,-0.6397310348498119,-0.1173245151809255,-0.5609067262934707,-0.08866806977156387,-0.47986594385768344,-0.10194575416996732,-0.564143383626902,-0.002351727939794202,-0.6006964851685215,0.05025900908415749,-0.5267437641937418,0.06588256204067941,-0.44493735588565936,0.05166802761656792,-0.5218655034274942,0.1978205378814722,-0.5574464358927492,0.20982478332901747,-0.4799012629083399,0.2089426208656162,-0.4112278448233909,0.19269553204243559
2,0.0,0.0,-0.12806897755694915,-0.33203468546496717,-0.3376361253684984,-0.5748679213900851,-0.4785395565907631,-0.787905711267529,-0.5131260182898637,-1.0,-0.5683696768830339,-0.4251320786099149,-0.6901055803852085,-0.25291539873731234,-0.6086663170751266,-0.20992256954402064,-0.5268798823049149,-0.23121173729944824,-0.5751756565484226,-0.19423682175748622,-0.6448335309548568,-0.07099771863469213,-0.5604629458818435,-0.05643829802821791,-0.4778226079242876,-0.08251938896502974,-0.5429330972215393,0.027793847474905146,-0.5945137999005348,0.08968326544459232,-0.5163820707721561,0.09374058437669028,-0.4344372307729878,0.07032911656413779,-0.4951052784252408,0.2267478449463617,-0.5343605692423907,0.24186547897946112,-0.4529483668255889,0.23210425176135063,-0.38504565535708335,0.2096909018966716
2,0.0,0.0,-0.13712290122246626,-0.33055982907402914,-0.3489057946695287,-0.5778676785767688,-0.492023233172398,-0.7894347547258838,-0.532510159528691,-1.0,-0.5844503553758278,-0.42739849609069974,-0.6994532296169783,-0.2481081512149899,-0.6128784279063895,-0.20957305058332143,-0.5275069862335479,-0.2390192358173644,-0.593023734918541,-0.19538343706076444,-0.6541394056800321,-0.06872792400041203,-0.5684704052846163,-0.053443772865169846,-0.4831338532442374,-0.08242825196295718,-0.5600694802109327,0.02928237010257552,-0.6044291557705791,0.09226064881425092,-0.5270062369371554,0.09883468627574772,-0.44437346527152444,0.07224828791589273,-0.5112570568435183,0.23234867037272097,-0.5499174278698384,0.24752366680068716,-0.4687500207676384,0.23874958880076025,-0.3996240226749383,0.21521935610352586
2,0.0,0.0,-0.09294008646645398,-0.3282092751974901,-0.2919201397935602,-0.5877212518139973,-0.43179316088331715,-0.795207677690653,-0.47335446525323527,-1.0,-0.5895908357234674,-0.5042314291181568,-0.5709067085557248,-0.4411542338255586,-0.48184921596757274,-0.38266883463443835,-0.4034778657193339,-0.3550454440784317,-0.644727524722076,-0.2775364520212804,-0.5690124395078973,-0.22003197175876024,-0.4782071670506377,-0.18423167416770542,-0.4042814840921401,-0.1686528292952411,-0.6423532468524646,-0.0395331589877868,-0.5501551560046689,-0.015500465053591976,-0.4694612405489254,-0.009330081381675844,-0.40200000072073394,-0.01304114057591689,-0.612565672378123,0.18669388158124708,-0.5333970101792862,0.18144964105646627,-0.44841202486964626,0.16090475897034504,-0.3946719381148987,0.14888724081055182
2,0.0,0.0,-0.08740789481220056,-0.3368440114730294,-0.27071418435119304,-0.5933315448580776,-0.4047700107790331,-0.8021218795281008,-0.4502468577668538,-1.0,-0.5937071792069479,-0.5155548711147822,-0.5623424383451034,-0.45275175342241347,-0.46677622365480037,-0.38951409260623054,-0.39932040364510774,-0.36104606348020496,-0.6504554202845639,-0.2900971712969903,-0.6103816352257747,-0.26330258774066573,-0.5131594294176058,-0.22005281971669424,-0.4280609767638519,-0.19493349990213688,-0.6485725212928404,-0.05861950376811615,-0.5834421433557766,-0.048217923194775594,-0.49878696105175435,-0.029855476229718403,-0.42026520039574333,-0.021748065169468637,-0.6156492433358767,0.15733861063836113,-0.5578286443736348,0.15538262112957757,-0.4734521878473561,0.14872138413075783,-0.4145194130322392,0.14413813598636152
2,0.0,0.0,-0.07884598282598461,-0.33824401712627933,-0.26587475510965763,-0.6012556702026113,-0.4012914899180584,-0.8069644417720115,-0.44682460697763104,-1.0,-0.5851465222609984,-0.5247708537132368,-0.5337424017914808,-0.47292349520509086,-0.44085547947058246,-0.419268354907964,-0.3833699633829158,-0.39342441253279864,-0.6428744313885373,-0.30460194943408914,-0.5807411923014839,-0.27322168638018085,-0.487943907669291,-0.2373563564878504,-0.41721623527718643,-0.209764921183366,-0.6413205346508011,-0.08069513585590644,-0.5709363849986466,-0.0661823166940206,-0.48760763373651433,-0.05682322263226112,-0.4169080725722286,-0.046900136012374596,-0.6103603488126012,0.1282453661116143,-0.5533755308204253,0.11838716515593864,-0.4706896249944529,0.10744747753002376,-0.41611035018280257,0.11061220066183378
2,0.0,0.0,-0.08241995118044909,-0.33403167445889775,-0.27340471131505606,-0.5966848950638147,-0.4085658535445342,-0.8024913303425,-0.4546958498070252,-1.0,-0.5826307282724759,-0.5317042916907084,-0.533125111651662,-0.46235074972375895,-0.44234436532901855,-0.4058591251254615,-0.3870729639295861,-0.38314672050851367,-0.6400665563413983,-0.30791585275666516,-0.5787588389608131,-0.26546440806161736,-0.48650539725683484,-0.2273072921083676,-0.4147905498918495,-0.19918833557271085,-0.6421667141453649,-0.07830072411358982,-0.5698495453464649,-0.05637937539515172,-0.4866789054888267,-0.04562009451949462,-0.4157264320493075,-0.0369227288170793,-0.6157585841869909,0.13534615866053062,-0.5544648536944948,0.1280388063554295,-0.4695100888840181,0.11815556500211485,-0.41362113981806775,0.1202746670722274
2,0.0,0.0,-0.08270518825605716,-0.3411508449807758,-0.268955716062178,-0.59785824533589,-0.4046620121531544,-0.8063659890216327,-0.4524528143559694,-1.0,-0.5864178189131791,-0.5283783385689915,-0.5340048187694552,-0.4804866617925501,-0.4424114200729689,-0.4272200663629717,-0.3865451172689236,-0.4000532046423729,-0.6441694942791619,-0.30503096313793127,-0.5806610051928088,-0.2763690152588415,-0.4867607031939747,-0.24070297972778149,-0.4137403667013925,-0.212092986717586,-0.6423525021804084,-0.07477876777691186,-0.5685351672866436,-0.06064240142188514,-0.48448075929094997,-0.05117875956411472,-0.4107521583141627,-0.04115325525819874,-0.6120278199576327,0.14235259144994256,-0.5545900162738361,0.1311856868799673,-0.4709544609325274,0.116329093923155,-0.41307423743732163,0.11500576234843149
2,0.0,0.0,-0.0961334605516234,-0.34136054538138827,-0.30006968131308787,-0.5949613986635528,-0.4436375720038719,-0.8014229983273937,-0.4947888241292065,-1.0,-0.6206856138934602,-0.4983795318558614,-0.5749379847232502,-0.42576392393326534,-0.48211170229318673,-0.3772341377651789,-0.4203870524877357,-0.36242453845001754,-0.6692239532652947,-0.2677795173336133,-0.6176659690042815,-0.22324425929892483,-0.5193932976003532,-0.18756720861828088,-0.4366940084079813,-0.17031739847210664,-0.657823442584436,-0.03359880415292619,-0.5912504001352498,-0.013572660466746508,-0.5037320175715562,-0.0038875220950180863,-0.42425601231078997,-0.004150305631447546,-0.6164641528861512,0.18469315017587754,-0.5610453980397149,0.17686496693276835,-0.4746931629146916,0.16145555145689267,-0.4142300196705488,0.15619769693160185
2,0.0,0.0,-0.08998893926007202,-0.3429238767523734,-0.28582769881242676,-0.5948072053335383,-0.42826831519123104,-0.8039951399833756,-0.48095841230319303,-1.0,-0.6005586818873124,-0.5104700102094976,-0.5564774942888312,-0.44790748582870876,-0.4664734058007476,-0.39893003166729696,-0.4076738414492617,-0.37961891395545083,-0.6532226285461592,-0.28100285003869363,-0.5989326647474038,-0.23996521448691818,-0.5035395990901085,-0.20623257275191317,-0.42658007800770337,-0.18534827985024627,-0.6448934387070351,-0.04728362619135603,-0.5775848776077638,-0.028643943906737024,-0.49236866656314693,-0.021318029727474406,-0.41720667352349583,-0.019005968976184513,-0.6072173086422559,0.17034098567730666,-0.549560609265881,0.16126190905160964,-0.466163748366273,0.144278722710875,-0.40898569245588284,0.14030529662098273
2,0.0,0.0,-0.0919260290138896,-0.3385833199171674,-0.29208550094634933,-0.5952206075208384,-0.4365211200651876,-0.8037552097682855,-0.4866865579258103,-1.0,-0.6115867294201979,-0.5072740383191068,-0.5642131828620854,-0.44839897953183816,-0.47048496336956347,-0.39851204225091164,-0.41194167723123676,-0.3774259062978729,-0.6632617237736304,-0.2756090297606952,-0.601731759004769,-0.24036810637453762,-0.5052884759558599,-0.20601994314203195,-0.4310897245698122,-0.18304011196556813,-0.6543964541820794,-0.04110664932364857,-0.5835011146818094,-0.028958805560480604,-0.4974105516204992,-0.021337819300597527,-0.4240710388479317,-0.016906996479966487,-0.6166571794668064,0.1768661690560126,-0.5598754955638772,0.16198604797258553,-0.4751074931604733,0.14489187446020127,-0.4182696380280673,0.14227193959889575
2,0.0,0.0,-0.09520158835975769,-0.3439867684994638,-0.2911937335149706,-0.6004970870409553,-0.43294487840932144,-0.804852939045245,-0.47672875423900757,-1.0,-0.6047447900060868,-0.5062742746587056,-0.5646961319961741,-0.44973968145850846,-0.47187961943132084,-0.39983351931828065,-0.4109913480768673,-0.3775957580939683,-0.6546366409669285,-0.27410727225297815,-0.5988726776035477,-0.2406694733485986,-0.5019166111127213,-0.20696284165676357,-0.4250653966551694,-0.1846154821599374,-0.6470428393379902,-0.04059103359322918,-0.5736098229036839,-0.027355909973623953,-0.4887001463725689,-0.01992514709718559,-0.41504340453899885,-0.014030390423465986,-0.6113455044781311,0.17714232920784906,-0.5533357728761485,0.16070929103504247,-0.4673648952204284,0.14751637633691778,-0.4089064447407322,0.1490404263644532
2,0.0,0.0,-0.09428392469999329,-0.3386670356521524,-0.2870773428036754,-0.5950823587803831,-0.4186035461773885,-0.8073945526056336,-0.4659567548582643,-1.0,-0.5797562448492655,-0.505916181436841,-0.5378045855863868,-0.4732267748624571,-0.4489644274662608,-0.4221997099697032,-0.3907933519688126,-0.3913688216467775,-0.6283692264820712,-0.28048327895399033,-0.5622422224911849,-0.2725416368765464,-0.47364156249087036,-0.23700184952904588,-0.4046025374601064,-0.20001126861126725,-0.6234607991981629,-0.05217543590423542,-0.5487433251135609,-0.06441327615770534,-0.46879156504316266,-0.055154394421299026,-0.40054054019346697,-0.037916629612947284,-0.5921286021432193,0.15907298175480208,-0.5329647009949445,0.1233519656021628,-0.4533293288562809,0.11179939175182602,-0.3979158526887516,0.12243538767714754
2,0.0,0.0,-0.09760893245053641,-0.338833708299462,-0.29179532693625265,-0.5917314564692104,-0.42556656818968935,-0.8055347626505235,-0.46748602543322315,-1.0,-0.5864617026178885,-0.5003685080970107,-0.5631855687649879,-0.46872997042808584,-0.4772625780707981,-0.41209324607838693,-0.41643800697883726,-0.3783282013330338,-0.6321037080897094,-0.2780243482738562,-0.577820856229324,-0.2631354362926116,-0.4890058415298298,-0.22605934269299602,-0.4173695647057147,-0.19310897063831878,-0.6251127019929539,-0.05100030374097764,-0.5571208365510076,-0.06113487684560271,-0.4781057514963286,-0.051022399816314366,-0.40884688428525523,-0.03634820404540712,-0.5919564201347765,0.15923664784604094,-0.5449817651337702,0.12391014711022563,-0.4661123860831232,0.1124325169046985,-0.41002518152005946,0.11891643408412489
2,0.0,0.0,-0.09803553042444067,-0.33740164210043116,-0.29022082727771015,-0.5867238804353148,-0.4218297759305731,-0.7984859805133991,-0.4638462643459084,-1.0,-0.5830538317148,-0.5081391588227788,-0.5494471894819543,-0.46985740160999995,-0.4662042056453522,-0.4120408928108551,-0.40893549166310217,-0.38102411789867,-0.6338809408973852,-0.28179669637834276,-0.5712032947940232,-0.26478215405505395,-0.4845486711601999,-0.22518395585540976,-0.4129933142709939,-0.1902359947579904,-0.6308061957150665,-0.05016680215747375,-0.5498718789298018,-0.05452925839046551,-0.4729289367435821,-0.04369967747035319,-0.4051969084020618,-0.029108400938297245,-0.5989109909661203,0.16412176677872412,-0.5367825842015846,0.13110160045004884,-0.4577632219901179,0.1223259692140276,-0.4029973830077675,0.1323270365552325
2,0.0,0.0,-0.09710354757300856,-0.3391583051945345,-0.2899713641625541,-0.5899518032881509,-0.42179049341504005,-0.8034911350758545,-0.4676745327035373,-1.0,-0.5862124695764269,-0.5094685855563786,-0.535719760010518,-0.4649587778622209,-0.44899534066385116,-0.41075559489108443,-0.3950222384695059,-0.3824973464551527,-0.6326030072439369,-0.2793313708324916,-0.5612332329636007,-0.2636039468072484,-0.4746644989369787,-0.22670909131721645,-0.4073784580258909,-0.19061398698720847,-0.6259231289702963,-0.047224279855185396,-0.5465232950773937,-0.0566405961897982,-0.46824757012252805,-0.04871940406673785,-0.402685130849423,-0.03354465491090182,-0.5916620971181381,0.16599774889609328,-0.5303180726445982,0.12541085852998426,-0.450864686849641,0.11382248346144103,-0.3976012275250363,0.12578684418961864
2,0.0,0.0,-0.09863912611781767,-0.34152277350875004,-0.2930015469677144,-0.5929025779717098,-0.42718921225898643,-0.8048296870050295,-0.47530251790776734,-1.0,-0.5837103858024257,-0.5072554110746508,-0.5359897441621341,-0.47302956342427105,-0.4496499147421245,-0.4210546601950713,-0.396637061620546,-0.3907287932326888,-0.6330146919775692,-0.278573674086464,-0.5611223284895404,-0.27151696384801094,-0.47478988661324883,-0.23495552819130847,-0.40796746589986105,-0.1962475292881981,-0.6283260106982875,-0.0471665758614418,-0.5477470199893282,-0.05887390546915118,-0.4702838061428229,-0.05020542590996271,-0.40415051477930314,-0.03251049211881579,-0.5957771354718934,0.16587749766228407,-0.531411394242293,0.1268089545059801,-0.4528638174570067,0.11610456425737721,-0.3996519824513717,0.12885626770852446
2,0.0,0.0,-0.0942275716820898,-0.340094778442219,-0.28640635192715785,-0.5905997702884542,-0.4189739909828186,-0.8018661249202118,-0.4657152826363878,-1.0,-0.5854443920090658,-0.5027364905811252,-0.5286799318205954,-0.4541439020001804,-0.4418322635917966,-0.4035678858626262,-0.38742038110062205,-0.3773658927128653,-0.631189320843672,-0.2692755342848805,-0.5498089244289469,-0.25219169642188627,-0.4636470304782949,-0.21823559282690544,-0.3981975098433241,-0.18391050221547178,-0.6234177561054546,-0.033939954295852226,-0.5326676668357178,-0.03881622701151347,-0.4572584329927245,-0.03413945523357188,-0.39600087891337077,-0.02243888020433594,-0.5894681774798187,0.18322032358301726,-0.5130007567333198,0.14717394605840467,-0.4334982464960507,0.13315896440254035,-0.3831160219480394,0.14272261197132863
2,0.0,0.0,-0.10790213958804432,-0.3329011132295151,-0.3085218959223186,-0.5871550819526759,-0.4443922233224786,-0.8025396215446614,-0.49207815432819496,-1.0,-0.5996030866295864,-0.5022141427278803,-0.582943070766189,-0.45296995314878585,-0.49597831673916865,-0.3960055768217043,-0.4274152679452631,-0.37083795194671476,-0.6485484006049768,-0.27288738465782847,-0.5939083568574708,-0.2397353472950937,-0.5042003517535951,-0.20228574149887757,-0.42662866676848143,-0.17626287258867326,-0.6434412405636597,-0.03674314269339469,-0.5690635833214276,-0.03074231175352944,-0.4903589627374378,-0.02262241993992929,-0.41800544873215983,-0.017138709481417984,-0.6102548817717083,0.17954262179591393,-0.5472872112442914,0.1559079660201429,-0.4670701487316672,0.14504925699853355,-0.4118742292047446,0.14732711606390683
2,0.0,0.0,-0.10049922781014994,-0.33553258140996495,-0.29844565788238364,-0.588134227791701,-0.43289942837042317,-0.80680265024904,-0.48117787752950086,-1.0,-0.592742358354307,-0.49264097128240913,-0.5781513114928171,-0.45762262280524457,-0.48989478785175433,-0.40467717052583935,-0.4200684905953549,-0.3782696305747003,-0.6385297931629937,-0.26339861108320994,-0.5907160928300522,-0.25105177300283255,-0.5019580865106817,-0.2158181051153939,-0.4263581788372834,-0.18500676665435373,-0.6311374333942694,-0.030455807248950154,-0.5717581453012442,-0.043874978629999506,-0.4924722251489955,-0.03388960247494329,-0.4187377084061895,-0.020082921751565185,-0.5981904478045169,0.18101146825945086,-0.5502514587972042,0.1417501958660477,-0.470880427621397,0.1352192777288312,-0.4132758437614153,0.14514528935493143
2,0.0,0.0,-0.09756593064329401,-0.3385454248116381,-0.29102558343665746,-0.5906215614947907,-0.4225681949564229,-0.8041919019031888,-0.46822294341467224,-1.0,-0.5833341825356769,-0.49692310213262836,-0.5524568592301596,-0.4450839866552675,-0.46460460772028467,-0.39653695012551754,-0.40146406288456127,-0.3761968555925844,-0.6291968157276295,-0.26416801717013766,-0.5714780677937389,-0.2441714623500774,-0.4833497779668759,-0.21225976982839237,-0.40989978080796724,-0.1846000130600527,-0.6206378343856513,-0.029638493339495416,-0.5580381159512565,-0.0366493448410713,-0.4792286057872012,-0.028858640256120515,-0.4062377485577895,-0.01797836091121341,-0.5868708317582328,0.1850180651833588,-0.5377472615670122,0.14971744388518468,-0.4581632788656309,0.13908907192347103,-0.3998446815707249,0.147159564902959
3,0.0,0.0,-0.09219004071970817,0.24212957489303885,-0.2425622155827783,0.5126818366690171,-0.33871701532478354,0.7795953102471805,-0.35216934080461954,1.0,-0.5544052893079131,0.31743163531948526,-0.5591731884164656,0.36949754880597946,-0.37812344674992454,0.30335735497753114,-0.3108193681765947,0.25458194941752926,-0.5921272220141311,0.12310506313347652,-0.5472245377180037,0.1784878584674241,-0.34790507520044855,0.15107876110854648,-0.3332814586006666,0.12656049838762312,-0.5711823546185026,-0.07141687477526845,-0.5252203780448669,-0.017924059907458247,-0.3503981333044545,-0.01256500561845806,-0.34638640702565127,-0.03393899115958814,-0.5251856945323701,-0.25057970691167436,-0.5067467109146394,-0.19771092430386622,-0.37696877481305,-0.15778586598092065,-0.3597746041360269,-0.16598680057513213
3,0.0,0.0,-0.09633005553671764,0.25100472662814977,-0.24432415548456446,0.5191171049423108,-0.34024369963082257,0.7819823266636179,-0.3561855901926822,1.0,-0.5537740273457146,0.3175015510488703,-0.5659403078123876,0.3758012840248945,-0.38990225906242665,0.3067648536932843,-0.3257181645908018,0.2660371063982579,-0.5915377911768696,0.12518316790180423,-0.5527723795529932,0.18741067386174542,-0.3578785391669374,0.15491787628409104,-0.3484699829966182,0.13837563561987265,-0.5726427728967973,-0.06819086809201695,-0.5342044932387405,-0.014165562162964447,-0.3623379700138762,-0.01340046015590128,-0.35984990608867756,-0.02734872495618247,-0.5285047706440933,-0.24645808491692664,-0.5142788176943546,-0.19887570964876006,-0.38361796824776495,-0.1559747150526408,-0.366335256259911,-0.1563491014407399
3,0.0,0.0,-0.09611528726780545,0.24880302218520714,-0.24893089767771326,0.5153262350221478,-0.34628884893644873,0.7800224588203816,-0.36422970725397547,1.0,-0.5614531052813769,0.3182966654633302,-0.5671325725352205,0.3721799721147153,-0.3871016497495756,0.30012707856071186,-0.33249918085487695,0.25764465983790774,-0.5980386867333481,0.12601479416854777,-0.5543496033523898,0.18440525392399598,-0.3560694920860551,0.1501913231715064,-0.3550193741447296,0.13445173703192737,-0.5764977119355376,-0.06840157191590372,-0.5331834613019539,-0.014036167329662012,-0.3597414240291791,-0.01589988851199002,-0.366417147627218,-0.03142558548609496,-0.5323304694780161,-0.24653130856475425,-0.5134364074534558,-0.19339473616473735,-0.3840108368067804,-0.15708707322584892,-0.37449986804824714,-0.1652901578282198
3,0.0,0.0,-0.10155213610109279,0.2501428687230817,-0.2553112332406119,0.5175808947616762,-0.35216510679816165,0.7807619015758113,-0.36854947025986945,1.0,-0.5671745851200731,0.3058248162006974,-0.5771657455486444,0.36826097561737764,-0.3946987202381335,0.29939540198911496,-0.331906698682005,0.2540989859215717,-0.6011127309128949,0.11229564350113201,-0.5617079838663576,0.1819659508311017,-0.36244632428047746,0.15035607352450017,-0.3558718815420227,0.12784292215754656,-0.5790775854827364,-0.08120016712286011,-0.5412510576145583,-0.01792104088205284,-0.36550405500864014,-0.01598512143335976,-0.36607405939625853,-0.03605585638609866,-0.5325282074970374,-0.25942644066724885,-0.521111025127433,-0.20184340632122183,-0.38862369766129096,-0.15859430043403785,-0.3725214872905197,-0.16540292104731552
3,0.0,0.0,-0.10161824899899038,0.24867838362619593,-0.252332711154223,0.5179209135625406,-0.34815738153529835,0.7813990611867995,-0.3663644557357294,1.0,-0.5715706452052022,0.31071187593356797,-0.5719292900471543,0.3643738571304102,-0.39391195315181027,0.30127548252651754,-0.3211772318917972,0.25459132632093945,-0.6081397090205901,0.1129167588453294,-0.5609050596921696,0.17524866134477263,-0.36271685164721507,0.15069429183669447,-0.34510254534683643,0.12769045800254164,-0.5853816951872515,-0.0842493021898703,-0.5350292119631541,-0.02530417116661254,-0.36209055865151013,-0.016050692155072356,-0.35792128933833806,-0.034291475654978136,-0.5362537989735795,-0.26630070279284307,-0.5127593382588207,-0.2086594585254963,-0.38237029426007996,-0.16319869200549886,-0.3660770977729942,-0.16817274781815178
3,0.0,0.0,-0.09994613153630004,0.2515221908168766,-0.2454875050521566,0.5191821082173538,-0.34200466847900524,0.7817384726531886,-0.3564881687966992,1.0,-0.5655178029955664,0.31054455863532743,-0.5602745573892727,0.3642872353372032,-0.37960480160963733,0.29968979508443677,-0.313448475091675,0.2543982959860769,-0.6015897695180477,0.10909004649483714,-0.5388714997654672,0.17300538312002106,-0.34356973503023386,0.15261243871632915,-0.3339677518128006,0.13156093030391466,-0.5765879676920095,-0.08769053344684459,-0.5152271795892055,-0.02708828456799846,-0.34621289794793597,-0.015434264614581458,-0.34618326892960266,-0.035346146459873086,-0.5259392512419876,-0.2660998496100103,-0.4974395892945449,-0.21018307552300444,-0.3696956218217538,-0.1633961289778434,-0.35294250234510044,-0.16914870286248126
3,0.0,0.0,-0.10249718169952442,0.24783664894326773,-0.2511533570950978,0.5174136100987682,-0.3460814412419814,0.7813849949454543,-0.3617110886464635,1.0,-0.5742291566111133,0.2989779805575247,-0.5618306479171666,0.36071811705496887,-0.38060628557423687,0.30029199771058274,-0.3114376233549847,0.2539402668558529,-0.6098282406245635,0.0970913894445564,-0.5419565731882295,0.171425059747604,-0.3482099696544221,0.15227461878585108,-0.33379934359544305,0.12297664878585657,-0.5811188236480623,-0.10074277935768557,-0.5174934138985638,-0.0331517064743029,-0.34905578011051364,-0.019737163622865546,-0.34379422041113966,-0.04731697245615779,-0.5257624420255596,-0.2797774791846614,-0.5028627782814324,-0.21795552548880284,-0.3715461748263306,-0.16609165832479011,-0.34622677201500385,-0.17451571814542557
3,0.0,0.0,-0.11240963946267446,0.24754709083529394,-0.26216790255415934,0.5196364226873156,-0.3555642891073748,0.7828584817020544,-0.3780603778595511,1.0,-0.5864526917863152,0.2922632235302729,-0.5701816801510541,0.36643743851750143,-0.3894926053646118,0.3058302466030948,-0.320599471487293,0.25575772277193126,-0.6208424313791409,0.0895446327307489,-0.5503059021543449,0.17415871160453023,-0.35902340091251106,0.15455180603374,-0.34335505339471667,0.12125447561325257,-0.590069779934724,-0.10762823440011196,-0.5234581996250867,-0.03409723508295965,-0.35770000421147646,-0.018511553882162888,-0.34966270487499546,-0.04743796026242096,-0.533288227010718,-0.28532568965685295,-0.5120355352979656,-0.2220300493441591,-0.37984538180344246,-0.16237954303825475,-0.3485587095447688,-0.16343480294244273
3,0.0,0.0,-0.10592398978762718,0.24067379375593043,-0.2572889616513944,0.5131269059533957,-0.3536499437017075,0.7790810174259518,-0.3788235404804877,1.0,-0.5803126711328349,0.2965315510721488,-0.5666431671527528,0.3562914022125824,-0.38467612778065924,0.29910881098947095,-0.3173428718668942,0.25374263503311717,-0.6161852955888648,0.09302569908440446,-0.5462946112198664,0.1614647204284998,-0.35157972353834976,0.14701533267185415,-0.33460362303286884,0.1206318322269376,-0.587453473314554,-0.10574587558626183,-0.5193155212367748,-0.04719113166531982,-0.349881965904828,-0.02685548924263093,-0.339764784101329,-0.047803232048675814,-0.533488652114555,-0.28564841363522786,-0.5088288285629136,-0.23418466264238644,-0.37453219656317993,-0.17329958356696795,-0.3417530957142919,-0.1684442882114687
3,0.0,0.0,-0.11151608774223876,0.24295215081701696,-0.2654830808338484,0.5144115486273628,-0.3625180643087073,0.7807079809559345,-0.38935829291830903,1.0,-0.5911102423993202,0.29437809704480744,-0.5744289370739717,0.35570235301957204,-0.3932092935232253,0.29596828448173357,-0.3253854545579241,0.24767229571517796,-0.6266736101823897,0.08994179105819383,-0.5531388870893703,0.1598016037741882,-0.36239535722358723,0.1442020485224964,-0.35162289851373363,0.1154585625865912,-0.5956072161033957,-0.10912552388001286,-0.5247457280279015,-0.05105569335388214,-0.36268840843442535,-0.03011411666237099,-0.36334883946808516,-0.05313717252662507,-0.5391441625672398,-0.2884579435831006,-0.5098156863584661,-0.23829984699612777,-0.38034803399431116,-0.1767363863486329,-0.3580602011710371,-0.17491663286197687
3,0.0,0.0,-0.11168045966952313,0.24125978131632722,-0.2669984703717453,0.5124760922068005,-0.36534655654848863,0.7781921403173967,-0.39303155758125824,1.0,-0.6018589853073819,0.28670973715895665,-0.5802938147216016,0.3444124340756571,-0.395495336539389,0.2907740031891173,-0.32415641072330104,0.24473882691487014,-0.6374824323300647,0.07635023452574702,-0.5588041139518941,0.14211992078492372,-0.36251897920016113,0.13619290536677908,-0.3483530500580374,0.11225429375731938,-0.6032654340243715,-0.1273560674391501,-0.5259914941188593,-0.07392720174013447,-0.3587835056105974,-0.04342996198749102,-0.3555377389073721,-0.060304429428899575,-0.5421277312521732,-0.31102753283807444,-0.5081789236893824,-0.2659066046910796,-0.3762620138866344,-0.1984104287617163,-0.35166600560001093,-0.19094738615185336
3,0.0,0.0,-0.11211934706035098,0.2389231718979757,-0.2680132338202025,0.5102877962008117,-0.3673135542865335,0.7761626588307636,-0.39389189343575115,1.0,-0.6059399116762161,0.2886243879600835,-0.5723640304871436,0.34051055082239085,-0.384383562001844,0.28893725658643526,-0.3238184682467279,0.24794073267634656,-0.6431569041761428,0.07556869379775283,-0.5501692122710958,0.1375394562619554,-0.3545408232887757,0.13542740635828945,-0.34890601452599,0.11399170524788585,-0.6067039756903317,-0.1284818535263337,-0.5148006834574074,-0.08231020998973096,-0.3501087666498472,-0.04780038981638756,-0.3523244216177287,-0.06176663248632926,-0.5440903018006187,-0.30888295819899675,-0.49856941007276434,-0.27532812470540224,-0.366690803846492,-0.20431273347307882,-0.34251050191333354,-0.1920235861128892
3,0.0,0.0,-0.11313240996769411,0.2349476080016458,-0.2705721266294396,0.5102304522504275,-0.3705841981267077,0.776986738921851,-0.40111053996619606,1.0,-0.61538830644072,0.27999677337756906,-0.5876450209040928,0.34096161282759996,-0.3977641471241594,0.29382411620676907,-0.32377701469794523,0.25049254164713786,-0.65219692749224,0.06377339891613445,-0.5657583951218305,0.13141468313453145,-0.36492060676370336,0.13184455311940524,-0.3445983639059587,0.1086743625767716,-0.6142574772913223,-0.14275697884616512,-0.5254684978315699,-0.09019996558017523,-0.3546689018772406,-0.05405688263312037,-0.3465723087409164,-0.0702584755040228,-0.5481136065798917,-0.3272206973849434,-0.5033291073647279,-0.2861284894703106,-0.3678396799371904,-0.2139239336985764,-0.33882482557253185,-0.20321166057518888
3,0.0,0.0,-0.11143633185156923,0.23792373089920185,-0.2650596928465593,0.5093741466937858,-0.3650153555693842,0.7731007583977756,-0.4008657572570871,1.0,-0.6232381810190004,0.27975942606785315,-0.5878063981586888,0.34035106063005577,-0.3953134188647421,0.2919262286582053,-0.3269500970994972,0.24945151853979636,-0.6572986527068438,0.05595299388443769,-0.5626942384190965,0.13027714191149575,-0.3620764220209178,0.13153777714740705,-0.3490516419845629,0.10431092330396534,-0.6146192207783271,-0.15389469863219643,-0.51961071507455,-0.09533862201195281,-0.34982274168762073,-0.055957199187726556,-0.34765567244281004,-0.07536887916911618,-0.5442245463744121,-0.3406343451516055,-0.49824051066144737,-0.29626342555021856,-0.3639328722728011,-0.218763986814845,-0.33729476088980015,-0.20731753356286006
3,0.0,0.0,-0.11227248702992419,0.2404313373059259,-0.26338689273427707,0.5120431375467237,-0.361175444722386,0.773905676685919,-0.39661699971951436,1.0,-0.6203691725291982,0.27429148754701,-0.5775138287053203,0.341168995460712,-0.3871671141080461,0.29355808437847625,-0.32249513920292466,0.24989639203878716,-0.6524361227344107,0.05068432772171245,-0.5520577533290975,0.13303414864975738,-0.35505532436160897,0.13513922200533876,-0.3437219872121445,0.10537616558956364,-0.6080644391909039,-0.15851731855727344,-0.5090178995632438,-0.09295694831622753,-0.34040347954839906,-0.054586417244333524,-0.3379254747744189,-0.07876208521039285,-0.5364442434615363,-0.3440151614891307,-0.4912261420249537,-0.29482747270989196,-0.35681284357105925,-0.219790074624445,-0.3282906976078582,-0.21405290302638283
3,0.0,0.0,-0.1103393971401818,0.23693389751333374,-0.26275232213711763,0.5085444435159996,-0.36245913541562896,0.772986896371984,-0.3962934911324067,1.0,-0.6329408561327614,0.27001554369568237,-0.5856544825176925,0.33354784232508755,-0.39419913636786913,0.28844903975755737,-0.32251093881130216,0.24573523554464027,-0.6643513972786199,0.0430979509053261,-0.5520107660504576,0.12071652058320696,-0.3566258038350804,0.12554741859732726,-0.34002431845512227,0.09861116342908191,-0.6159883038900541,-0.16819496754448043,-0.5073063400648555,-0.10502090626113217,-0.34055722877455674,-0.06622142108271238,-0.33460132973266715,-0.0875514099751557,-0.5396270545585822,-0.3572098157988884,-0.4858935559918184,-0.3129760603376093,-0.35207149526375237,-0.23476602139328037,-0.3222824394098941,-0.2232881809592883
3,0.0,0.0,0.004072772387356037,0.2229278264833342,-0.02941505277100969,0.5163040757460382,-0.0037915929998001254,0.7828393622535305,-0.013348492678984608,1.0,-0.33597774956364496,0.09045572892650829,0.0007012546171575136,0.10747799780702662,-0.019865681321746383,0.15667705060513795,-0.12286673489752385,0.18760461887018584,-0.32871150204372623,-0.20088930980058847,0.11246893193614405,-0.06825300272860693,0.04868148699103049,-0.015222551414987275,-0.06829252593569311,-0.024126565354257796,-0.2471211107752684,-0.4117784144569116,0.15502356900582573,-0.2601730852982327,0.09170005122960462,-0.19912506911856095,-0.01813682332034839,-0.22219457688901167,-0.1479976602261405,-0.5540686412711868,0.1432514876723353,-0.4521782839174048,0.11612257012263863,-0.3838475992662987,0.027030485943477296,-0.3791074492964305
3,0.0,0.0,-0.006881994473257859,0.20925450291444417,-0.03719445328610601,0.5134249464085171,-0.002558330185212312,0.769614446039003,-0.0035662796038103462,1.0,-0.3423778942062458,0.17839006743036595,-0.007964103710670974,0.21486182961084085,-0.00024781127574346134,0.22112080818048885,-0.07844713744935013,0.22271533606696706,-0.33323861435682695,-0.10297026595106112,0.10768225968639207,-0.0045080542335894785,0.06663718630304859,0.041993731659671046,-0.047300013547016406,0.02901539623921608,-0.2557094800111754,-0.3341256410510576,0.1528485263673033,-0.21364498446498648,0.10251401785783122,-0.13826207933118123,0.002391287028970423,-0.15105611658804624,-0.16438496729074725,-0.5103128956949491,0.11234937204622726,-0.42324444985346094,0.09512263353998958,-0.3578760572822189,0.017559539871365756,-0.3660117932468307
3,0.0,0.0,-0.017864652175497778,0.19835057158509165,-0.05105631855353548,0.4948870965080368,-0.0065257951788505264,0.761303541504634,0.020258852129546836,1.0,-0.37314176590516374,0.19639149113340879,-0.052785553633578786,0.2222124199190618,-0.040432294263005125,0.2286832698138044,-0.11109573771478755,0.2297698445411135,-0.3759695439922228,-0.07461406378041326,0.08282647971004847,0.007639389204285297,0.04755160731276397,0.059171537544946785,-0.053141700623638044,0.05794098078601496,-0.30325390324588813,-0.30252424619331636,0.11224650594234155,-0.19515114214562604,0.06173401876517456,-0.13379348950971218,-0.04000089218085086,-0.14783164692414305,-0.21007431757685133,-0.4758081626206326,0.06910502836391622,-0.3946916055392825,0.04467432406873637,-0.344214116513379,-0.04000288689413531,-0.356387715685174
3,0.0,0.0,-0.01587178412521812,0.19717979566315935,-0.04843100733482323,0.5038303908218611,-0.007147558414005511,0.7668570114546492,0.005728937309165863,1.0,-0.3815534859241177,0.20376992344910297,-0.06393129752888232,0.24837907787161678,-0.03630546818955146,0.23572893161722616,-0.1035067850767207,0.22178737911031568,-0.3804834012603093,-0.07486171906824465,0.05902636335711362,0.008030188530324093,0.03804359684294667,0.04567553932551653,-0.07295852416351728,0.03795812288176836,-0.30707843929290174,-0.3128585091937159,0.09363942814220211,-0.1967288043075082,0.056808973380885065,-0.13863459094211278,-0.03952539847846862,-0.15454593404825362,-0.21648742432329005,-0.49620115201064924,0.05010178136842199,-0.40409574905072676,0.04076149805022605,-0.3536327666754386,-0.03157224086543287,-0.3712367503501966
3,0.0,0.0,-0.011796749428118782,0.18986687008761,-0.052964895476157764,0.5013261111212522,-0.008218756935350761,0.7727660604709745,0.014245102381389289,1.0,-0.4041799929481594,0.2054463459648388,-0.08733214649766588,0.24959528775640982,-0.04934597540694597,0.23515938216652912,-0.10120044616822771,0.21250491178954387,-0.40741769089688074,-0.07980656436053545,0.04088818605330385,0.018213251888096704,0.00772032438466926,0.05279618931598107,-0.10109245885385493,0.050010520116480266,-0.3304684670316843,-0.31525551393411044,0.07004380019272469,-0.18147114461749528,0.028123009464261866,-0.14146760908976494,-0.07004226300675497,-0.1594793935417053,-0.2332143615442186,-0.48928254727087045,0.033340602941981795,-0.39326736563793696,0.015468125968547254,-0.3610286848509362,-0.058938592302733406,-0.37707916411669934
3,0.0,0.0,-0.002730354399729851,0.2050619565518528,-0.026436177457343175,0.5115147412595433,0.01585651428694314,0.7687903423763286,0.041418931839171606,1.0,-0.37418603258950084,0.22162048170712925,-0.03647724804765033,0.26088591504845104,-0.014188814672036835,0.2509137184373608,-0.08462296872617624,0.2372001439088376,-0.3869394399140887,-0.06357843235073769,0.05800738956769421,0.017286981306768964,0.020546531977190797,0.05219640185283597,-0.09921708400164987,0.047793213772238496,-0.3201930951268802,-0.3034221358838081,0.08293822013751159,-0.1922702859054778,0.03954083238902038,-0.1428562571961684,-0.0635496622075205,-0.15708905047096822,-0.22855815472757388,-0.48277438531184413,0.04640110694336893,-0.397345804141002,0.03432249025060248,-0.35547027947336496,-0.03944861294005484,-0.3694153228814083
3,0.0,0.0,-0.00797736582056721,0.20003421372521263,-0.04588849493153861,0.507567893045416,-0.009198357072261297,0.769932077197103,0.010827197963781654,1.0,-0.4125986386714844,0.21907477154862162,-0.08048095171998731,0.25454431164355634,-0.04503285668570916,0.24501876983852558,-0.10841245462230084,0.2311418481569692,-0.42015733395005916,-0.07323557074504174,0.03335375860593727,0.007504492395906118,0.005754949259314165,0.04930248956496137,-0.10647511964720711,0.052583682217254006,-0.3453551916868714,-0.3184167524878976,0.05984254013398835,-0.2115264053130236,0.022936180975063624,-0.15686127337819022,-0.08071802784926405,-0.16530374124822647,-0.2451729185084744,-0.5017931218607702,0.025533787725968718,-0.42937718526889596,0.016017492873698136,-0.3836409207564676,-0.05641329786569509,-0.3913653725818604
3,0.0,0.0,-0.008255905247750148,0.2039309795195316,-0.035351592552700414,0.5126516505497887,-0.0001672841186612536,0.7706516978943506,0.013837434556006644,1.0,-0.3862677098251802,0.21173592781532466,-0.06477012242514628,0.24739634499982247,-0.04496332769143971,0.24341535778679954,-0.11232714303186683,0.2355311073498487,-0.39745088988049443,-0.07510839931981646,0.04733647385593839,0.002839687368076351,0.007890957583217931,0.04236578803050568,-0.10667439961177459,0.03995397714046737,-0.3258611778537921,-0.3155307917194361,0.0809185634081772,-0.20558626376444503,0.034204670541029984,-0.14958642552503146,-0.0630978730455573,-0.16082415046101767,-0.23022102019640103,-0.496805524321296,0.04703938673010838,-0.41185764279317133,0.02666149821866086,-0.3703945084253593,-0.05100232382891254,-0.3860315295055255
3,0.0,0.0,-0.006347421326722762,0.19969673541276872,-0.0336309533518408,0.5049162611918897,0.006598708431730226,0.7652559297874963,0.01768717207008083,1.0,-0.3734381423971465,0.21503404683252209,-0.037343122261062,0.24659460005561532,-0.027546681621313893,0.2378185313662555,-0.10866437344941177,0.2252349984217944,-0.3855283934163569,-0.07218533481733098,0.06446156795047489,0.0037494369023714008,0.012876734185000889,0.033244038430912705,-0.10881779500211498,0.025278474451999863,-0.31579730917181126,-0.31305311954356296,0.09267610782569533,-0.2043546414319846,0.04071819871234635,-0.15314861655179327,-0.06133738318782505,-0.16773730592346578,-0.221596278103848,-0.49492058012722323,0.05467639667735576,-0.40746772487996397,0.031115512095342007,-0.3678627221115551,-0.049534402163560226,-0.38602123049818804
3,0.0,0.0,-0.007044801423416613,0.2080753170790889,-0.03377620775832169,0.5105417952357534,-0.003692272422622697,0.7672328203568743,0.0007176956690690302,1.0,-0.3851581559790608,0.20566195706785473,-0.044904823588474405,0.2526351779989644,-0.0243768367071004,0.24427512638947674,-0.10246681297626858,0.23130569207113696,-0.3947625547996292,-0.07961409480239834,0.04686213960362479,0.008959181748156178,0.00176095416496877,0.04032262035336861,-0.12309583659700384,0.033186137444235306,-0.32326182833956457,-0.3184602197874053,0.07835231727663249,-0.20138985587197758,0.030633827297290857,-0.15043868261484658,-0.07457220394610507,-0.16520659058908752,-0.22790441727503716,-0.4985088710454112,0.046038089472070234,-0.40655421192229585,0.027563334574791903,-0.3618606201134802,-0.05307363411819644,-0.3770859507527631
3,0.0,0.0,-0.07908377673573563,0.2418763507480455,-0.1884049243446474,0.5348520256385565,-0.23161252785185144,0.7989064690246847,-0.20955236273716424,1.0,-0.5757542986332344,0.34962773404058733,-0.4740483612337229,0.40562338382527985,-0.3273052385218781,0.3326948135313666,-0.3062071609648769,0.2855086369346311,-0.6208103308100373,0.13498393574044887,-0.44353080030876546,0.20368093622606975,-0.29118028668234786,0.17520045210935453,-0.3079913308013319,0.1451198691991707,-0.5882246406239496,-0.0742316066045516,-0.4123726254857891,-0.009193231247347416,-0.28134778774158653,0.0015078389045412597,-0.30354706066545406,-0.01569198910435841,-0.5243488475635986,-0.2666327393190556,-0.39918933353628117,-0.21812288460773888,-0.28480520015504684,-0.15906690789456562,-0.2781971304841122,-0.14316208384216128
3,0.0,0.0,-0.07825896748821619,0.24773060673472433,-0.22426652730336666,0.5264826040905418,-0.32842753770160016,0.7822042437841857,-0.3605653370992903,1.0,-0.5090711343049417,0.3938199924094219,-0.5425914777338869,0.41594972905356364,-0.3704493643695689,0.32271734468557584,-0.3406892545386971,0.2921701863411804,-0.558260906269238,0.2125795588808154,-0.5441745174778247,0.22728147487579461,-0.34973052016922485,0.1772206822863737,-0.36175704355210436,0.18962423061335235,-0.5528761387208553,0.021389279685616998,-0.5366300838004114,0.029152541645338287,-0.3625958703964235,0.013655439264465113,-0.36871644469054804,0.023234609315950124,-0.5266696857278889,-0.15474727703213403,-0.5226957211961348,-0.14230813669193162,-0.39070783750439536,-0.11952012665748786,-0.3791023372327156,-0.10940573500011268
3,0.0,0.0,-0.0658406946541689,0.2535672847723344,-0.21384421880462068,0.539513286540167,-0.3241867583842954,0.7891540437683365,-0.35473395344803793,1.0,-0.45521200226187564,0.4006891416117285,-0.5443517069046757,0.4241731029309928,-0.3773169067285762,0.32932086698994767,-0.32492836284428517,0.3010849338610084,-0.4945269338973509,0.22369359681581455,-0.5509475247376903,0.24838927721271867,-0.35556245624722593,0.1872397435221606,-0.3433817559185775,0.19557541723346994,-0.4983223942777354,0.042365189280954924,-0.5590754880295289,0.060369247775231595,-0.3808890941504824,0.029294815479562787,-0.36344195865618106,0.03790998519489786,-0.4847344086298147,-0.12949021979882405,-0.5472252892518269,-0.12241799036705822,-0.40921831255659413,-0.10613921473767046,-0.37388972978574614,-0.08244421459463903
3,0.0,0.0,-0.06877785383629746,0.2543736544952263,-0.2225357039623453,0.5371280223075164,-0.3345922536315147,0.786996078352419,-0.3657698552283601,1.0,-0.47391859884867216,0.39855046802354427,-0.552323867403156,0.42859009794771424,-0.3827981753625043,0.33524136755774975,-0.33700499445619675,0.30363611654785716,-0.5141629432346186,0.22094311885310144,-0.5533166827492086,0.24511070349496888,-0.35493157609391246,0.1875943740823244,-0.3553595850272732,0.19607177319732919,-0.5138794614673319,0.035710074190611917,-0.5583497873796865,0.05318788459685549,-0.37845714733573876,0.029092563538025026,-0.3727875119900025,0.03772590458906109,-0.4970184980391762,-0.14011261614303733,-0.5451419098581908,-0.12930219983289495,-0.4083433519660728,-0.10843824735285193,-0.38217818258167224,-0.0904508169020566
3,0.0,0.0,-0.06880009987025652,0.25999425599587633,-0.2239385490403962,0.5429337766479324,-0.33949004665493215,0.7876243252900191,-0.3752242321558796,1.0,-0.4620103135808905,0.38623897326933043,-0.5619038170353471,0.4251885563622625,-0.3914886598934522,0.33769051496150165,-0.33233164100596585,0.3018241697735786,-0.4970987104729047,0.2061148383478355,-0.558969396063179,0.2409129232404823,-0.3587267860228501,0.1857230745688153,-0.3462702779087578,0.18805316700005564,-0.4979667177244811,0.02138479189791561,-0.5654563865711114,0.04667451814797785,-0.3824697680139877,0.02437925217386211,-0.3654003010751429,0.028706658212351695,-0.4834842492011844,-0.15630656141727903,-0.5513242693509605,-0.13936788131547578,-0.41192618533693764,-0.11701934876392253,-0.3759064470497272,-0.10133334846519039
3,0.0,0.0,-0.0716811623795449,0.2553573444266219,-0.22901279126532942,0.5425237135579073,-0.3439898452121009,0.791633983309739,-0.381360492813496,1.0,-0.47468330995469743,0.38740733324657717,-0.5528807128770389,0.42249658667122975,-0.38444237459836317,0.3333155986428648,-0.341447193880669,0.29948239268774746,-0.5131074341186206,0.20980351520737725,-0.5635062489619814,0.2411536547961673,-0.3666617896267878,0.18778448900005823,-0.36148463804335557,0.1889123793651604,-0.5122498779541741,0.02694804191042879,-0.5645868667906657,0.048540446957338244,-0.38724349706047506,0.027042586983264442,-0.3780064793931285,0.029439196733557604,-0.49439955251062107,-0.1476698773646154,-0.5459348854063389,-0.13408046109236585,-0.4121020209638421,-0.11079954575226603,-0.38623136149937703,-0.09640631661742893
3,0.0,0.0,-0.06693943096073125,0.25633071426226856,-0.2232243177916841,0.5409972453042664,-0.339913835050825,0.7888778393258877,-0.37877950061986965,1.0,-0.46337160041076964,0.38770151174614237,-0.5570294518346663,0.4224978961944656,-0.3872780453599591,0.3320053117257265,-0.3350062780514919,0.2999249375170658,-0.5004045294310941,0.2091277385993218,-0.5580271588399329,0.2404722768388054,-0.3595002375235224,0.183904075124524,-0.35009434210673446,0.1872177717371897,-0.5016249710985995,0.026200990709349482,-0.5629125325490187,0.04993684074597896,-0.3807942122893985,0.025407892995021924,-0.3650740146380859,0.028846934215182245,-0.48622345534864375,-0.14843055926779994,-0.5434576066502258,-0.13517865844838886,-0.40431427121398866,-0.11245151688617303,-0.3725914447526058,-0.09407518584367021
3,0.0,0.0,-0.07104730516153117,0.25572045728070353,-0.22382412353634523,0.5408136104164121,-0.3348859084078953,0.7922557641665138,-0.372115954846446,1.0,-0.46836131347796556,0.3917288990939961,-0.5527652112465408,0.4252140953972718,-0.38405468928438496,0.33346604271660457,-0.3297690993607593,0.29854555930161225,-0.5086515537354832,0.2124616392166904,-0.5641792523859629,0.24324315939096522,-0.3658077726331473,0.18646057687245016,-0.3518648010458826,0.1884332411728565,-0.5116887523003238,0.027951005143545593,-0.5629703590261802,0.04579340607437888,-0.38282079314829026,0.02260068476581752,-0.36792735105713836,0.02776211555607954,-0.49710337361365764,-0.14722994332491118,-0.5470587381828803,-0.13548904107326515,-0.40970553025824125,-0.11443159336214614,-0.38106238621569566,-0.09724035962752434
3,0.0,0.0,-0.06958082453517081,0.2522147440998806,-0.22118531848247533,0.5343694069726272,-0.3346937957931231,0.7884373503337906,-0.3735410533397287,1.0,-0.4695943226903628,0.3936007014709741,-0.5610103982713699,0.4221228628071327,-0.39101178056908076,0.3313253925202175,-0.33065680074232634,0.301045403246559,-0.5085484105561349,0.21689487210858868,-0.5560240209416298,0.24378796130576966,-0.3597009328524525,0.18714677872300955,-0.34629715647285264,0.1952245584136275,-0.508567178044637,0.034437078205207326,-0.5648445600810467,0.05461212834507925,-0.38499066497903633,0.02860769777413977,-0.3644402650691203,0.03868331270714164,-0.49074943273461435,-0.13958355664840086,-0.5543809634145858,-0.13140399942398248,-0.4168686878529957,-0.11064589394420064,-0.3789363453708726,-0.08476489570148721
3,0.0,0.0,-0.07201759133137836,0.24838989824709684,-0.2252215084254702,0.5325403053344178,-0.34144291131535737,0.787072976533064,-0.3785708219926669,1.0,-0.47332444475011554,0.3978951443324519,-0.5683579146716078,0.4222199560399145,-0.3964834120775943,0.328869400126442,-0.3483606456442582,0.303016739658311,-0.5091919486110121,0.21922978726781145,-0.5677630114108867,0.24244442301908936,-0.36660215648327343,0.18479837002709174,-0.3645749976261335,0.19852501936719333,-0.510693709924185,0.034782685633396385,-0.5759013828809973,0.05132449893173727,-0.3941172988327144,0.025457061657682155,-0.38371661661859796,0.03808356867525114,-0.4972672486599854,-0.1409873296186389,-0.5639885408606504,-0.1319963729326496,-0.4258598846843606,-0.11402266889729545,-0.39473354636865926,-0.09341595696191424
3,0.0,0.0,-0.07123173685095995,0.249444585996391,-0.2212337169447236,0.5361041843561934,-0.3334114038515626,0.792526602398918,-0.373275515207993,1.0,-0.46803940303894315,0.39236150576436996,-0.5618947448311513,0.42194493354649126,-0.39331332902643795,0.3318815402244333,-0.3393033543155891,0.3022417877333972,-0.5049806938560952,0.21361178015207305,-0.5693566202160866,0.24375579039600312,-0.37064598744335714,0.1851214927646639,-0.35476848385369064,0.18989779132715257,-0.5093277117659745,0.03018664428134679,-0.5735193194210996,0.05010684696209053,-0.3934438038823253,0.022273436155483026,-0.3743450414914636,0.027419842266925277,-0.49727275391900067,-0.14636329363743042,-0.5621488951490275,-0.13381804436016462,-0.42466845833758676,-0.11557839457672991,-0.3898568479498403,-0.09819151742533049
3,0.0,0.0,-0.06702616974746409,0.24761092288414044,-0.21585558455981585,0.5356038035227104,-0.328523695425072,0.7904190569405305,-0.36982107329510366,1.0,-0.461191121382277,0.3994773157348787,-0.5556038550749293,0.4240424083281873,-0.3812397056662885,0.3313907352561575,-0.3332223119476318,0.30361044123912384,-0.49925341340129387,0.2169383652717741,-0.5665321890213658,0.2437840912061857,-0.3618831362749766,0.1881466351314379,-0.35601078619711435,0.19871603675378624,-0.5037071568840807,0.03187713044147479,-0.5704009989347102,0.04727375296103057,-0.3854441573476825,0.02251754892765861,-0.37418441627974885,0.032381973956555475,-0.49376162916795086,-0.14420260316611636,-0.5570112306508873,-0.13907278915547525,-0.41649847755250685,-0.12085211767309487,-0.3864886421256011,-0.10256636151435379
3,0.0,0.0,-0.06421634198537098,0.2496787410815711,-0.21058928586435183,0.5358299149143425,-0.32678617949065525,0.7889028382225219,-0.3664774128581758,1.0,-0.4562980084322017,0.4017548757001106,-0.5595625178807032,0.4285414936447916,-0.3868472561364381,0.33268649185261073,-0.33411091936867005,0.3047764268116098,-0.4917579777623426,0.22210107899881945,-0.5636373999822426,0.24801206771630124,-0.3595732234664979,0.18749819594437334,-0.3536893531305069,0.19893426441481551,-0.4966743262149104,0.03959733113034544,-0.5720071219548911,0.05728328770366646,-0.3865167714145513,0.02829672668493315,-0.3724677909845814,0.03756427461983296,-0.48773022946856814,-0.13310815674292967,-0.5586912731937612,-0.12585247337396585,-0.4190221086788686,-0.11008886366966289,-0.3865280981435491,-0.09170275082401953
3,0.0,0.0,-0.0040686648750845635,0.21074422212848187,-0.046135643577878326,0.5144977924530806,-0.018189925014767953,0.7734231471099726,-0.010318428039625627,1.0,-0.4042747141287812,0.19968205861516514,-0.06672691183681022,0.21941908421570772,-0.03633580103859442,0.21879864744591832,-0.1015150352286133,0.21422563124223734,-0.41704795973345166,-0.08471265342850223,0.02380645989031609,-0.014631285901610712,-0.0070141766579972864,0.025211122581801765,-0.10980605556289705,0.020063161251814617,-0.34889397600234057,-0.32154109145705406,0.05575024953080131,-0.22547485870180123,0.01837381512542325,-0.1663495716379896,-0.07979945975547617,-0.17508348630259118,-0.25295008018262827,-0.5013725877166407,0.031684496890314356,-0.42877345488546587,0.016705147018796992,-0.3751105793173253,-0.0648551182523053,-0.37466417453248924
3,0.0,0.0,-0.007304127090694981,0.21264004533343908,-0.031576726730137075,0.5118186077290896,-0.0019515783743789077,0.7686524042390769,0.009727672145612116,1.0,-0.3892737680072035,0.20215649506610037,-0.047703474036635544,0.2407911639830138,-0.01693363324647247,0.23383629608556378,-0.08576974262417324,0.22662253945021657,-0.39852273659062204,-0.07076449363095208,0.03361164995470891,0.0026985060676205834,0.0039039266780898515,0.03893667369740468,-0.10397241189217447,0.034651247035290864,-0.3325394078704486,-0.3062080171971416,0.06455049023325395,-0.2090881688424228,0.028736264941922305,-0.14739719614835153,-0.06546016173905478,-0.15425206947380335,-0.24253428399074392,-0.4899137813885753,0.02993177271224161,-0.4197341934470545,0.020977494580659915,-0.3670085666187129,-0.05196387799545819,-0.3739225801409818
3,0.0,0.0,-0.0028893428734641713,0.21155485413862882,-0.02873038157295973,0.5139804227220356,0.003106609993900255,0.7688392087758876,0.012012819147391149,1.0,-0.3910151719063157,0.19852763765576134,-0.0640240891531036,0.23808613227733508,-0.024575777233426604,0.22760618882100636,-0.08411703765382493,0.21977498717117047,-0.3998243660621787,-0.0755938537803898,0.03158680518575177,0.001400714541599295,0.0060002130069808195,0.03836410638730478,-0.10315560159948878,0.035190786479865996,-0.331284141630278,-0.31176844204757803,0.06955123301995488,-0.21240610749106822,0.0336161807848339,-0.15256721822565186,-0.06306904330819206,-0.15934974778037045,-0.2381735619608261,-0.49299555589980926,0.03860402970479169,-0.4222127552452969,0.02966160936456145,-0.3723169350231887,-0.04541579930869553,-0.38048851214623897
3,0.0,0.0,-0.007887310846046708,0.2127325955498974,-0.036691337369053174,0.5162942492817534,-0.009415163903165012,0.7708954367878658,0.0013618489020189295,1.0,-0.3920117032929345,0.20895388754256017,-0.06147514289518548,0.24261689795490182,-0.025900298749838846,0.22679145670375309,-0.08710818264069188,0.21985194504417074,-0.40415748183993316,-0.06582055142968196,0.012206108760773219,0.008983822088120923,-0.005390523814199081,0.03958968537793517,-0.10462565582688994,0.03447400987840003,-0.3403999739465701,-0.30349267746833675,0.04564749209799087,-0.20512157402680545,0.018587662010160454,-0.14929182127885066,-0.06944814570092468,-0.15736828847986883,-0.2518044786153409,-0.48893027037734627,0.018570177776232162,-0.4122844803983485,0.016782751092332317,-0.3627252752277802,-0.05185535581472783,-0.3708478546941037
3,0.0,0.0,-0.0034540781599999223,0.2110242321438801,-0.029738240026099292,0.5145791926114147,0.002338255755583239,0.770184471892286,0.007906687263875686,1.0,-0.3904191907471796,0.2060862422359947,-0.049128615718026666,0.24422703665261047,-0.02146006507345766,0.22967260341407478,-0.09539912594558958,0.2205958173166083,-0.4024019504560094,-0.06904427849730997,0.02970891716096408,0.005261318189012081,-0.0031047282634552626,0.0363416133207368,-0.11848049301251659,0.033017546142246966,-0.33538444509390597,-0.3054014271108336,0.06278064263680525,-0.2062560624052711,0.026539329050123652,-0.151855933462341,-0.07180062782001975,-0.15964940728003238,-0.24271292817937049,-0.487730080113563,0.03417143001399147,-0.411480969751814,0.025000364108424693,-0.3653964946553738,-0.051857001513720094,-0.37564507875907965
3,0.0,0.0,-0.0052216216216216214,0.21339449806949806,-0.023745752895752897,0.5149918918918919,0.005814864864864865,0.766565444015444,0.009311776061776062,1.0,-0.38535250965250967,0.2094442084942085,-0.050241698841698844,0.25217403474903477,-0.016521428571428572,0.23387094594594596,-0.08291447876447876,0.2245784749034749,-0.3940293436293436,-0.061948938223938224,0.020661196911196913,0.012560328185328186,0.0021859073359073358,0.04400801158301158,-0.10440926640926641,0.040597683397683396,-0.3287720077220077,-0.2990760617760618,0.05430984555984556,-0.20163455598455599,0.027837258687258688,-0.1426227799227799,-0.06295366795366795,-0.14759169884169884,-0.24121138996138997,-0.48358021235521237,0.02597992277992278,-0.4105138996138996,0.02456061776061776,-0.36157041505791504,-0.04433069498069498,-0.3709530888030888
3,0.0,0.0,-0.007779940637256634,0.21310354633333067,-0.03976974579411219,0.5151921973023288,-0.013261074295651029,0.7707858406197076,-0.003221602778668496,1.0,-0.40895756900969454,0.20217160247543392,-0.08502235801569831,0.24512300109443622,-0.03749019180502266,0.21654992776759563,-0.09202659569501223,0.19409227784721156,-0.41767378253959836,-0.06871526820810595,0.005202350366485474,0.007878227150046347,-0.011492687185027104,0.03751300659790333,-0.11724627952819008,0.034609270680382366,-0.3477956337492204,-0.30198478108917437,0.04164922265572468,-0.2019319027527636,0.015551987548706455,-0.14899484472319352,-0.075802678803238,-0.156717026391132,-0.2533926415265619,-0.48219907071594265,0.014562768934184329,-0.4125895973978429,0.014836931508547799,-0.3675701870148788,-0.04950944826033354,-0.37621737857644744
3,0.0,0.0,0.0009414395226731767,0.21317145077490798,-0.026074038788911433,0.5145628270133027,-0.0011626291449675639,0.7695284290689348,0.00753857745491854,1.0,-0.3908262224400402,0.21041974881714126,-0.06067561501784021,0.2555558863539553,-0.022195872857380596,0.22808161610794817,-0.08870314558742926,0.20569489801994256,-0.4019353233147221,-0.056965774579720636,0.017392680093010333,0.017926855893529735,-0.004797849097912764,0.043844306170713346,-0.11470962516469943,0.038668965206624314,-0.33516258486887407,-0.2899986793510041,0.049136348993329575,-0.19179554445090774,0.021901780356987456,-0.1422367595395897,-0.07132535142240767,-0.1512858769949052,-0.24311086886489838,-0.4719398348959741,0.023275675172256906,-0.39960577100709793,0.02027100786129674,-0.35660409424090167,-0.04932528577164834,-0.36698788781659314
3,0.0,0.0,-0.002416752106675644,0.21713139454965022,-0.03525469065411003,0.519529551123276,-0.00979148698212608,0.7753333637698969,-0.0005183111672228329,1.0,-0.40066768543373105,0.21470330021625528,-0.0626626573007197,0.26109167311855097,-0.029740080960623697,0.2349293498416425,-0.09881347917848347,0.21062190954107157,-0.4085092625484344,-0.05474835649705145,0.013684634818901335,0.02451665196148561,-0.01569878553345685,0.04227352742393155,-0.12553099968765985,0.03083007847963074,-0.3397970999546597,-0.2862310037956428,0.04262999740653791,-0.17926417923691976,0.010554370870035523,-0.14096853275525467,-0.08502819401155211,-0.1569561161623204,-0.24543320491200385,-0.4658421693886263,0.019114034842748606,-0.3836112639558236,0.010249941692376509,-0.34985813161882073,-0.06260947274181747,-0.36787092202867255
3,0.0,0.0,-0.0016586520892245336,0.2178737002223093,-0.03348902125024335,0.5188326162648365,-0.009386414938279799,0.7741248161148375,0.0005528200014809736,1.0,-0.4036957496151822,0.20440413908129115,-0.06279712514390752,0.250370987745087,-0.021012346345380538,0.22398948758407192,-0.08534038719874024,0.19920632489085502,-0.41292696004991897,-0.0653061365613309,0.013044861688872788,0.014102480496431593,-0.013050816317102778,0.039195379899998745,-0.12582705704312946,0.032962612906234104,-0.3452520339617419,-0.2977451455613673,0.043005669670456464,-0.19100564930946962,0.015664129770941778,-0.1447885141752326,-0.07873228654170464,-0.15555870788024936,-0.2520542266863579,-0.4776202020943196,0.0174616591572722,-0.3958822689323323,0.014238284437031679,-0.35618578785830174,-0.05598003624447744,-0.36930392989135974
3,0.0,0.0,-0.002867733121465329,0.21465183848886774,-0.041034382775936996,0.5160833033279534,-0.014910817683566587,0.7756615726279658,-0.0050203729912455305,1.0,-0.4139012811054427,0.20492050785566351,-0.07182464797830238,0.25677406558985605,-0.03099983478479315,0.2264337358218527,-0.10201738807735015,0.1999799340030134,-0.42451127385572973,-0.059176678198158694,-0.0015396197880945496,0.015733310504065203,-0.024968801829492095,0.03203877308437035,-0.13417721568022084,0.021305595256057422,-0.3578900333006454,-0.2882189936282712,0.024919798960403163,-0.19372848498042694,0.0017786298294215938,-0.15395558713087815,-0.09370297637228855,-0.16816990553680125,-0.2644270354058319,-0.4685804934104699,-1.820659958244907e-05,-0.40332920263035005,0.0024367790356041676,-0.36096462438332405,-0.06497044429719911,-0.36935563938769267
3,0.0,0.0,-0.03662754489587947,0.2302799371474479,-0.16629750183120934,0.5167414324963814,-0.22581544320489805,0.7840298023487988,-0.178467627614674,1.0,-0.4912531068989669,0.5070399410729338,-0.4890241249468735,0.4714916249459406,-0.32747470729569467,0.36194398122632626,-0.3063694367338166,0.34937850826311057,-0.5621562634448826,0.3223943374492476,-0.49867085733433386,0.26733613241872994,-0.3071185254203199,0.20117686217104,-0.3440744379595981,0.24112483828826425,-0.5719914340822478,0.11213866965580728,-0.5103420881868621,0.0698743956449495,-0.34224919895086536,0.043200215080806424,-0.36648888792700385,0.07885049309252543,-0.5558654110584521,-0.08672935752258554,-0.5279564002398577,-0.10909800393518769,-0.3948337321632002,-0.09454655973324606,-0.3820189983070409,-0.056242194271999606
3,0.0,0.0,-0.040341084922692075,0.22838392549568143,-0.15384265187186977,0.5145823130761323,-0.21601412290934438,0.7854399336762934,-0.17882499915676145,1.0,-0.46424069548472024,0.47767463746732797,-0.49339481571413274,0.46874183832638067,-0.3312513789023744,0.36296885215051633,-0.29079896806033567,0.33513718799943454,-0.527713057811513,0.29114206938295767,-0.5025604039877534,0.267409650445829,-0.3048206887793611,0.19869999341997463,-0.32338170542829975,0.22341923184747023,-0.5417909944335197,0.08862584556551448,-0.5069690209825397,0.06602438000770804,-0.33418326863589437,0.03806535458134727,-0.3463227703344441,0.06442287187326687,-0.5323701306660331,-0.10356701884854717,-0.5203498804075782,-0.11135282925423984,-0.3841326651074894,-0.10121387644408057,-0.36729056488872663,-0.07296851854138717
3,0.0,0.0,-0.04425800772885318,0.23158316169502435,-0.16989392281165083,0.5159681389515236,-0.23531727687220072,0.7843660312706731,-0.19351171148424332,1.0,-0.49069715128157115,0.486421273329209,-0.500425221857494,0.46351539162646577,-0.33658846934363895,0.36240075769156194,-0.3043564492228172,0.340418515902706,-0.5588644386064109,0.3026871692423657,-0.50702489428602,0.25904171758207817,-0.30816061833782893,0.19791623730133748,-0.33897011839115493,0.22949864115692878,-0.5683483370137836,0.09833040579344217,-0.5110085419594438,0.06047299901277551,-0.34049744210707455,0.037916924901993804,-0.3604898008675228,0.06937641089832253,-0.5512612758651985,-0.09588480249133244,-0.5205894807820237,-0.12021708587817971,-0.38651548570945876,-0.10264556200910258,-0.37375679675689083,-0.06424371228940151
3,0.0,0.0,-0.0570086917736354,0.2226261582632226,-0.16989759944634683,0.5050319156222306,-0.22528348215843982,0.7822230238889343,-0.19593178881256074,1.0,-0.5230750769471114,0.4510129962458979,-0.5008206496934285,0.46339349544317254,-0.3323028436044889,0.3631674417823617,-0.29192223723879823,0.3121422570158992,-0.5909990983136257,0.25629628595401305,-0.5055283242538918,0.2548567763929111,-0.31520287754744325,0.20251547668530354,-0.33399206689573285,0.19439095981580617,-0.5880902682587718,0.04656788430490245,-0.5018506362841691,0.03739706030242248,-0.33819616310655576,0.03002140160816774,-0.3605137970845285,0.03046960332025866,-0.5572021798206778,-0.1509242615520666,-0.5034196724608679,-0.15230348887910705,-0.3721670415988924,-0.12217171134941827,-0.36395658245203977,-0.10697681483014655
3,0.0,0.0,-0.07317665321141804,0.22515675414836708,-0.18755711956300805,0.5058839736997819,-0.24286673582493823,0.7855786183502289,-0.21328538928628965,1.0,-0.5721496302943342,0.4282120014694878,-0.5056878663368349,0.46230014740046704,-0.33555023736142625,0.3654766538136671,-0.30503182886489594,0.3130787237438213,-0.6401881576748367,0.2283684356730209,-0.5033076649748486,0.2519589092967688,-0.32555798379046547,0.2035539848564464,-0.34993928576268074,0.18420955558533342,-0.6272038552976089,0.015969011272597516,-0.4859886747056884,0.029848970982132773,-0.3368437555049332,0.027483637644784446,-0.36817369466271793,0.018576091162446157,-0.5842185140406849,-0.18189221397308247,-0.4875850112244176,-0.16555695996699674,-0.36593276340493575,-0.12978496319505192,-0.3662376520114367,-0.12193492849044758
3,0.0,0.0,-0.07647547860845291,0.22255808892304685,-0.190204618045326,0.501071255305172,-0.2505922614741894,0.7829539186439594,-0.22576701966021814,1.0,-0.5854562239708228,0.4132805976548523,-0.5197349479701299,0.4616576580751452,-0.3422622640947603,0.36496385728123765,-0.3068383113489104,0.30693070634104436,-0.6512912463452515,0.20880913961687578,-0.5139683515076996,0.24512602054577387,-0.33233186098163314,0.19784295513078967,-0.3554271621553176,0.1746702911035878,-0.633233147799721,-0.0064761708527981176,-0.4912648433991055,0.015022085275503196,-0.3397401201747673,0.01639470144880135,-0.3685962730445318,0.0039057708954625824,-0.5847626391801299,-0.20480312254860047,-0.49143661191297944,-0.18474297292999073,-0.3687293601316471,-0.1445165870075024,-0.36506841202881307,-0.1396453123807662
3,0.0,0.0,-0.20697493932854216,0.21645221616627736,-0.35239379427389433,0.4616600385439023,-0.3671168860539807,0.7632106700902929,-0.33747308580726254,1.0,-0.5800808650075874,-0.03510852864106853,-0.43001585582024926,0.4100517057357811,-0.3501142836324844,0.3973967785236931,-0.372214272270606,0.2767143869163916,-0.41594031543644694,-0.17430462006840694,-0.24293317647959278,0.3925856554284969,-0.21152098796235466,0.3469262551389257,-0.26739807903175605,0.2040782549106071,-0.21461345127489248,-0.22500702955418087,-0.07254218840588954,0.335490324511896,-0.07112881829653768,0.2969326928159956,-0.12155869404774865,0.1632010054667824,-0.02744039581281808,-0.21417054341669953,0.06180926724965031,0.2377906022022585,0.04727449509098746,0.22721497441523353,0.0035709378500926084,0.12047072121766472
3,0.0,0.0,-0.19879533756902043,0.2169587300982506,-0.34208645162246293,0.4591963201806888,-0.3570574146221168,0.7619101445870099,-0.3281749395922437,1.0,-0.5785906232768045,-0.0268139525776622,-0.42824384094899715,0.3785649043371869,-0.35080294952843316,0.3877540803679819,-0.37126675832346384,0.2840324545499768,-0.42223174775541394,-0.17253132577429356,-0.24401621880784777,0.36034880385762924,-0.21405481838512577,0.35380423335862893,-0.2687440796165232,0.22610017262382928,-0.2234082569438491,-0.22857427111149214,-0.0748967273443131,0.30851603835191344,-0.06967334829900437,0.30970641248310543,-0.11581270261602893,0.192137624903554,-0.03878056240864749,-0.22048444745027937,0.061692433233950274,0.22090494682106498,0.04972709347405721,0.23951244087554469,0.010962195275547216,0.14873633218286061
3,0.0,0.0,-0.2003996230196577,0.2199194001628867,-0.3414196234478024,0.4711345802568421,-0.3511668380843017,0.7689839838736423,-0.31027838032221405,1.0,-0.5545357830452357,-0.007884572189190113,-0.39678107608951374,0.4035698321576927,-0.3238360827784759,0.3935533762777377,-0.3457602864692749,0.2817044078348776,-0.3971404194263095,-0.14799705496089238,-0.21045079909160902,0.3923947229994327,-0.19009432922346373,0.35801406465986085,-0.24833329765460843,0.22445634942316023,-0.20030653882393765,-0.2037739783663383,-0.04532540008897316,0.3405618429989129,-0.04926475733301638,0.3165519782042397,-0.09940518772920252,0.19218020333465077,-0.01689382299028399,-0.20153292842773232,0.08427932543566119,0.2414731841366212,0.0659494071420713,0.23850758982332002,0.022722768106713257,0.13743199874666498
3,0.0,0.0,-0.21314839548083173,0.22153196853197413,-0.36821308853865703,0.46998174805385845,-0.38171617407022124,0.76890815123868,-0.3362804596960216,1.0,-0.5688610551003989,-0.021026737473123353,-0.4100006062421897,0.41520277814594475,-0.3307214490350389,0.39211108987984455,-0.35867524351367447,0.26459972064623005,-0.40922531785782296,-0.16220958066567584,-0.22229136087339219,0.39689053666904667,-0.1984762382113027,0.35424485190204924,-0.26615369587931814,0.21180139768972392,-0.21037502931175506,-0.21638230838389097,-0.05787891753867425,0.3380516077641536,-0.06295863509778314,0.313151826833551,-0.1176984678516783,0.1838892618064022,-0.02490482381319321,-0.21310520209516423,0.07288193175730097,0.23444602345137736,0.05258871444534814,0.23420571913314603,0.006787500711210887,0.13421336019654964
3,0.0,0.0,-0.20847842070484873,0.23049746520894576,-0.3585052998162116,0.4786306632825134,-0.3747623979624171,0.7703890136451931,-0.34094524062455267,1.0,-0.5791174344608379,-0.039090160915689114,-0.4271505172622395,0.37435045840740044,-0.3464411657689974,0.38346132488092755,-0.36784074979646775,0.27811337888378784,-0.41501613854641844,-0.18738230694128122,-0.22919395018345604,0.36767056712930646,-0.19961562649159126,0.3544266771967192,-0.2574885913351318,0.22023166115567328,-0.21077433556742403,-0.2434618168151998,-0.05925835811840016,0.31338883326929323,-0.056806664069608256,0.3049528252760261,-0.10588796573655634,0.1797035896576802,-0.021844540792652363,-0.23593854632979364,0.0776371998037581,0.21401556196399663,0.06308968404967384,0.22269521037724269,0.02305687070416181,0.12380489886762049
3,0.0,0.0,-0.21368801086329958,0.23026912315573564,-0.37242318637451155,0.4770445672889015,-0.39170045333760967,0.7706240385065253,-0.3515878596248143,1.0,-0.5933438396794264,-0.041000421076214794,-0.4328094496214926,0.38357753864560595,-0.348802688842236,0.3753428259403841,-0.37492852873036686,0.25653009861451587,-0.4261386866578406,-0.1847070986515226,-0.24192867797960318,0.36402344379888313,-0.21676456772009067,0.3467290912988584,-0.2824168952358155,0.21539020784984306,-0.22048057365049742,-0.23872554265655416,-0.07059277729268998,0.3099865520103583,-0.07103707993369023,0.30099081267042666,-0.12207987423501432,0.1773724377445651,-0.030923819433539692,-0.23158047162091894,0.06823457267987729,0.21277617915509373,0.053326540992808584,0.21882194010449224,0.011550312828844243,0.11953619160623628
3,0.0,0.0,-0.20011297730996425,0.2238854437193295,-0.3509860287542034,0.4630186012484404,-0.37234391911242465,0.7599162149778397,-0.3391537503832682,1.0,-0.5868098823917983,-0.051748297755556706,-0.42727627442039673,0.34964799333027125,-0.3440478038715677,0.34881883367097244,-0.3708460751386906,0.23517728469270804,-0.42312547516093935,-0.20375779025005591,-0.23102670769827124,0.34267587303199604,-0.2072723558880838,0.3306936769046751,-0.2751896559637539,0.19691269441104603,-0.21448329995097945,-0.2600166232008897,-0.05822810103323229,0.2892081330771803,-0.058673742399508705,0.289471294861555,-0.10953420253033168,0.1675637097676697,-0.021276319095665866,-0.2504282213452879,0.08319135229039103,0.19988015470089962,0.06562752583358551,0.21237011526775101,0.022442099128643325,0.11528275389027687
3,0.0,0.0,-0.18665348428971,0.21443502324675856,-0.3309050549524506,0.45689789659212743,-0.355565012234865,0.7589481507035033,-0.334619866481506,1.0,-0.5633083157365464,-0.06414035980884332,-0.40577471435290047,0.36315968207091814,-0.3286900859879978,0.3482685024934997,-0.35987957765880113,0.22261628443992315,-0.3971238367034962,-0.22781823382321248,-0.2048356416800114,0.35071684897544525,-0.1948618717563644,0.3103927850064273,-0.2684104701921742,0.16078085667976472,-0.18647859422265314,-0.2837453989776943,-0.02996365880550313,0.29620597288494327,-0.045409152908285615,0.26832531429564915,-0.10300315317176528,0.12874289637866537,0.006622015523324761,-0.26716895673840096,0.11225218232014794,0.21278592894953677,0.09006930018907128,0.20107733654789212,0.04236895005412092,0.08518977575270545
3,0.0,0.0,-0.1971889323910023,0.21988095060440016,-0.35633778605671007,0.4610895435862659,-0.38391692856979304,0.7604480921464604,-0.36099536895960105,1.0,-0.5947544038058078,-0.06496021529274275,-0.4282269618755093,0.35232599480564336,-0.34568934357198083,0.34979204005115755,-0.3744504818831462,0.2302254643314883,-0.42712493533824547,-0.22529721623813434,-0.2224881535564734,0.34446986930266005,-0.21014691446809106,0.3169300279220307,-0.28580375885144094,0.1742163382667836,-0.21362045107903252,-0.2828186954461835,-0.047247479686725546,0.29405950282586535,-0.057411777786156956,0.2791961562808962,-0.11563555114370283,0.14689088741159667,-0.01807214161439711,-0.26950164910969265,0.09048282637340656,0.20632023724669707,0.06914652635516855,0.2038989457385782,0.021614028020910024,0.09289295408158209
3,0.0,0.0,-0.20942971092624532,0.21595003910915767,-0.36500797625494186,0.44898662784805377,-0.39717929060860896,0.7463363332653871,-0.3754396777560975,1.0,-0.6071532582538167,-0.08319898496922627,-0.44726783813407106,0.33374615857476575,-0.3598831781206511,0.33349496316601385,-0.39035880907753406,0.2091238381926376,-0.43811659264638025,-0.2391096609799961,-0.2436339236425439,0.32659784186997365,-0.22193571914065546,0.30898602388095076,-0.30119313243648793,0.1640497046623744,-0.22295926035992322,-0.29379339154752615,-0.06395050764121334,0.27672148354452736,-0.06684383035021628,0.2680116602254948,-0.12379655551155441,0.1346713949970019,-0.02333692281963872,-0.27770727681985696,0.08350828933410111,0.19379920244313845,0.06259249676111202,0.19671242861349056,0.015069665546353446,0.08473235220707653
3,0.0,0.0,-0.1949294652979723,0.2134161774028439,-0.3458212480060423,0.4519896995167239,-0.37542743158383346,0.750504275942627,-0.35999246083349346,1.0,-0.581481848063876,-0.07117148989524509,-0.43588825914092544,0.3244548345818508,-0.35706378461363886,0.3373633169318789,-0.3855274488335012,0.23479297944230032,-0.4168967288305422,-0.23798159936499305,-0.21783761772384527,0.3311786660310204,-0.20525620551375184,0.3208472452303413,-0.28767925070457073,0.1787344132241821,-0.2032131872853852,-0.29352747029569537,-0.039868993853478744,0.28304535749337095,-0.05307075480367857,0.27948206245749657,-0.11232467642032064,0.15046162553973708,-0.00940158265416334,-0.2735489073745355,0.10104583673960045,0.20473300745046372,0.07741093788761094,0.20800747614985132,0.028066841948863126,0.0990318153054898
3,0.0,0.0,-0.19072701903736466,0.2154578214936231,-0.3502339089404699,0.45183281595787544,-0.38569015811010776,0.7522308061753654,-0.376838454696185,1.0,-0.5978834047382796,-0.0717468370711884,-0.43238589179092396,0.3377531581797981,-0.349402888796299,0.33937766409643955,-0.38148287545786497,0.22329747008035675,-0.43435095347031016,-0.23617267504606257,-0.23090573299764483,0.32851867283496766,-0.21425580612673092,0.3092369914507458,-0.2927859509762198,0.1684669623719068,-0.22222430746509447,-0.2939015686277651,-0.05536457146675971,0.2791374006326144,-0.06036236460591141,0.26778233772077337,-0.11904872796815345,0.1369602903512519,-0.026989044197523716,-0.27813953562887295,0.08594066571098968,0.19919639825661997,0.0697349718612368,0.19747050376276354,0.021012839844841147,0.08601905304213221
3,0.0,0.0,-0.208901277893511,0.2128388555316302,-0.37157669551139977,0.45043243738870775,-0.40740840673000944,0.75219062870305,-0.39660497666549277,1.0,-0.6194138661461883,-0.09372967246423025,-0.46301268899607595,0.307134910303334,-0.3847701678063811,0.33066307844961457,-0.40987927728729856,0.23029029867351605,-0.44841803663088375,-0.2577268434727914,-0.24278586742402342,0.30978449088958465,-0.230782627282714,0.30487849178079873,-0.3061989603281256,0.16707915978253443,-0.22904084692201176,-0.3127747885702672,-0.059884679469546585,0.26940782154226756,-0.06843355987457593,0.269900033347525,-0.12568337605437457,0.1415142813257948,-0.029317321849169905,-0.29313163628888184,0.08496482157322059,0.19347439745227246,0.0631818211019167,0.20183627474856491,0.01427274070518043,0.09289756119212438
3,0.0,0.0,-0.19003628186051927,0.207790556868693,-0.3355771839119204,0.4485621969657054,-0.3671280683642378,0.7497918319912181,-0.3580949917963743,1.0,-0.5772577687104443,-0.08168411427877234,-0.4228269020021632,0.3347611929275106,-0.347437526013811,0.3512559910856465,-0.37156821894005615,0.24727103762347716,-0.40824421242317227,-0.2435570304416521,-0.2095885440525842,0.33500531147663193,-0.19330967921994344,0.32361629533880826,-0.2639170006136326,0.1768254649008835,-0.19470766631180128,-0.2956418281603286,-0.034919536363425104,0.288154567306199,-0.04570446838181614,0.279182117729564,-0.10054325005309175,0.1477920386061636,-0.0020194425123825164,-0.2744552831648624,0.1064731910205789,0.20557853450181984,0.08610528296929146,0.20581034358592892,0.039327935422015625,0.09530321433493572
3,0.0,0.0,-0.1903207502173689,0.21389912968920652,-0.34683379096023703,0.45203234133925235,-0.37834578777556205,0.7551150129771793,-0.36190856865006715,1.0,-0.5759605757283598,-0.08547029167799522,-0.40330447144324605,0.33671175351061233,-0.3212095454878668,0.3437751992509704,-0.35545524056266303,0.22304370298266338,-0.4043706694405755,-0.249520025314083,-0.2008579228532906,0.3267493209831292,-0.18861729245096556,0.3142857540543826,-0.27160210864084344,0.16872884886805778,-0.18873885201375942,-0.30536724906997653,-0.029901796576103246,0.2795750472551201,-0.03974904909800021,0.2737636186147592,-0.0990237189617143,0.13982632293457775,0.003238495222523595,-0.289228245245954,0.11031576720322996,0.19242414822472,0.08940334669251276,0.19843531500165637,0.0418561588477267,0.09338140658333187
3,0.0,0.0,-0.20437381617143888,0.20734537252363391,-0.3737877275540416,0.43979389561046855,-0.41313415344954396,0.7444380946105238,-0.4050105799399976,1.0,-0.6292029099042318,-0.10058468775606903,-0.4792479342036056,0.27608653862335863,-0.40342483336031554,0.3069747012977285,-0.42873965383318086,0.21482445500924072,-0.4590942566344769,-0.2776571151311275,-0.23632672826822015,0.2927892618645962,-0.23185037189194263,0.2911785083694946,-0.319354191076063,0.15297856065883622,-0.23455657050184256,-0.33775347353166146,-0.05004748943605969,0.2523639831204506,-0.06332153939252869,0.25577037536209657,-0.12676538748985797,0.12624225704122444,-0.032183544596337425,-0.31522129460919646,0.09217359397729183,0.17872892811827346,0.06885079357253535,0.18359792862149318,0.016695375237654582,0.06991613557588082
3,0.0,0.0,-0.20320274532489063,0.20525022384341474,-0.3673490769180127,0.439427305368903,-0.40269397865048817,0.7448108383040591,-0.39632501556491895,1.0,-0.61541158813378,-0.10875917067799336,-0.4610318966100037,0.30420641566079204,-0.3792377608178399,0.3283603854790662,-0.4087422637014056,0.2193840079350706,-0.44147478388742717,-0.272743747456727,-0.24069682699821174,0.3024092972561499,-0.22726610413116605,0.3039808319955034,-0.30737473352044664,0.16120359739875606,-0.21874253388267834,-0.32402515588220615,-0.05759486046789025,0.2618521386381519,-0.06610309291486777,0.2689252247961282,-0.12271303055962564,0.13669402655162213,-0.017942868105171542,-0.29938550867995684,0.08756870007766827,0.1845668445576348,0.06488621533966564,0.19568604275400373,0.01731165858148225,0.08308723044256282
3,0.0,0.0,-0.2062981882546829,0.2139747498785395,-0.36904793585473444,0.4501446810434745,-0.40272716760746047,0.7496677646584493,-0.3882232668595747,1.0,-0.6221357875219871,-0.09572192979336763,-0.4648099010959586,0.3068035298076862,-0.38388295330665717,0.33586726317913956,-0.41046225163597794,0.23585412213213724,-0.4493508016627428,-0.2610252324587629,-0.24554423128054323,0.30389636753671545,-0.23196420736760573,0.3135011069801332,-0.312747734052527,0.17694690616656583,-0.229389221562527,-0.3159895455670515,-0.06347879310551907,0.25917535926515645,-0.0722171183567945,0.272926475842022,-0.1344983805661342,0.14856483517052863,-0.03012808752785113,-0.2948801491767888,0.08415992795503408,0.18331348438629308,0.06487320420409882,0.20002345606239125,0.014659567989257312,0.09641595605709244
3,0.0,0.0,-0.19983729212945578,0.21065223237817102,-0.34915426553131906,0.4442820558664345,-0.37775038814320566,0.7475131199297906,-0.36609108651245376,1.0,-0.6048955347569944,-0.08449847749603688,-0.43786423730367036,0.328542091362752,-0.3450150755643763,0.3476503590708479,-0.37327354632128074,0.23602803228804553,-0.43267686659542065,-0.24454870118170038,-0.23167992458104344,0.3190259636200404,-0.20132671455359447,0.3287204188180771,-0.27759825941279864,0.18592462206224636,-0.21454357151539288,-0.2976224975785588,-0.05081069468798547,0.27060050003528313,-0.04686663365851347,0.2846215106942593,-0.10001748512866053,0.15504245502793623,-0.017438316255109533,-0.28064767048608774,0.09403013212569687,0.1885530691035691,0.08049485810916583,0.2077146380653684,0.03527430621176287,0.10159520223828186
3,0.0,0.0,-0.19732624081587008,0.2149559657502424,-0.34941324174855,0.4533879106702498,-0.379970555446032,0.7551292205493935,-0.36885794559098356,1.0,-0.5999515790420259,-0.06736438961347394,-0.42643207865408184,0.3419939981069711,-0.3392536024616293,0.34852010564991875,-0.3702137324142574,0.23336711271592,-0.43436297041825334,-0.23101408473437068,-0.23179735137359883,0.3141899923102907,-0.20896225816901912,0.31896660452643727,-0.28779273063075217,0.18490545807955563,-0.22240714416648508,-0.29072888529190344,-0.05266194216462434,0.2606841420209755,-0.053555654703231405,0.2744685511642358,-0.11090290099182262,0.14981640386768166,-0.02822180949119949,-0.28009397124486823,0.09172658760215957,0.17883738974144361,0.07783830397524537,0.19849675983089557,0.03141597868555545,0.09676859278320207
3,0.0,0.0,-0.20088807717673698,0.2163957031729331,-0.36083786061374584,0.45608889176795947,-0.39322438605271415,0.7531707796163197,-0.3760832357874043,1.0,-0.6144684208332797,-0.07079611292968532,-0.4429296818360019,0.33324521984315797,-0.35847237909093577,0.34118530174110634,-0.3915967824529008,0.22834802530006473,-0.44957383370650966,-0.23916717775973714,-0.24019899949976148,0.31189470588843066,-0.22122499576556054,0.3119391689539605,-0.3044447625353049,0.1789189113259037,-0.23574131597439532,-0.3022458143480107,-0.059622997319097724,0.25819295832742717,-0.06446355079255124,0.26749665162932756,-0.12731575080297627,0.1445472202980047,-0.03860276383808432,-0.29280286922599785,0.08269526512466897,0.17434536842873913,0.06808816131989597,0.18882128877646584,0.01881635140263558,0.08566442273300184
3,0.0,0.0,-0.1919682600942092,0.2089538359999217,-0.3398499513852183,0.44670936657223376,-0.3695457524291077,0.7490955226858106,-0.3592056726878148,1.0,-0.6052922526775418,-0.07742696363166869,-0.433051665906915,0.33463400014356043,-0.34410176383563634,0.35840303937937146,-0.37440536617697645,0.2515727557729471,-0.43571359321499853,-0.24287744507182216,-0.23015160540644847,0.3120052874984036,-0.20371015149354119,0.3313894412236569,-0.2822297824500172,0.19730050460558637,-0.21997769220084665,-0.30084148318431947,-0.049435126999708215,0.26345506139072766,-0.04912237035048321,0.2864076006857341,-0.10607251293209126,0.16484547677443953,-0.0243756752700381,-0.2850101005016225,0.09410106467770217,0.18478429579414554,0.0782266837820529,0.21056807514363035,0.030159342754253443,0.11084764509624608
3,0.0,0.0,-0.1940283217602816,0.21192392659597029,-0.3502779872945969,0.4483455019055282,-0.3821921589599696,0.7498444844829681,-0.3689337333944771,1.0,-0.604121652241076,-0.08236918025298132,-0.4259315082494087,0.344569224076072,-0.3387016815435043,0.350535680240573,-0.3713963417481273,0.23037126014438097,-0.43572031176729964,-0.246043836969164,-0.2266660566404626,0.3235851851607911,-0.2035491998875137,0.3121072049700983,-0.2809318863794047,0.1677135320082043,-0.22051247611400449,-0.304630169457517,-0.05185426599439897,0.2715624954792001,-0.05018484852512248,0.26692425768024364,-0.10440245639831826,0.13231797686456018,-0.02424195521082541,-0.29075044631689034,0.08805618482476703,0.18877143270809177,0.07415911357390242,0.19530608358825255,0.029216334698325772,0.08320024294411192
3,0.0,0.0,-0.20129098348428892,0.21641937811299458,-0.35640063799241806,0.45211482693584054,-0.3912033513671993,0.7519459926993319,-0.38089640204426195,1.0,-0.6135263705365713,-0.07870160376730474,-0.4357940280811663,0.3481130074430499,-0.3490307094395665,0.35680426775886154,-0.38189833981812327,0.2382489628177429,-0.44244140085501654,-0.23901234954992942,-0.23661853254958182,0.3318186492629311,-0.21263192697413272,0.32869993660087815,-0.2870203079589823,0.18809673589872614,-0.22539692307764303,-0.2927658899387033,-0.059583241151704304,0.28329076891704497,-0.058654775694749195,0.2866249847761382,-0.10976319568076372,0.1561822567396519,-0.02798335922218555,-0.2742932179552771,0.08212988291109954,0.20011191658973326,0.0673069599694037,0.20877556628963748,0.02359373926944416,0.09802844993183336
3,0.0,0.0,-0.19364945638733455,0.21240732236801854,-0.34639991542422555,0.4510591545188616,-0.37354948913466185,0.7537070466763104,-0.3574362569875225,1.0,-0.5909800217862319,-0.07646723614667333,-0.41744661330047816,0.3336838961677657,-0.3314282687024862,0.3462147301088116,-0.36320044294452153,0.23167069737742432,-0.4204881062973087,-0.24138530805342806,-0.21233277941826964,0.319087659930375,-0.197400982701113,0.31975104530078197,-0.28068983639697825,0.1814157393922218,-0.20439583056434404,-0.29869828787971486,-0.03503401432302929,0.27035485491433775,-0.04180195157193031,0.280891899361392,-0.10131066665072666,0.1540451153622471,-0.009302631952155615,-0.2833171237579398,0.10714822349851628,0.18737179140069718,0.08697451029618633,0.20447635101478037,0.037735610221948115,0.10249421178683435
3,0.0,0.0,-0.20814730253789876,0.21897827160309324,-0.37742222143724635,0.46389641126004144,-0.4133133572064127,0.7616532407484459,-0.39804504772861,1.0,-0.6122064732659666,-0.04501115930032834,-0.44513092095900353,0.3787886455803272,-0.3586514099053919,0.3696030690142126,-0.38640921419799484,0.24830108384414318,-0.45118761380499367,-0.19560561437402568,-0.2523314067081247,0.35965678287668684,-0.22395543389938774,0.3375056311642072,-0.2926294273348004,0.20320727563964308,-0.2454369030527222,-0.25340957864569696,-0.07991786736843512,0.30599884993483756,-0.07904971422160073,0.29693600133053416,-0.1345213943481509,0.17457248722140384,-0.05334069701104201,-0.2456725090384502,0.05695551100062576,0.21316103414384735,0.044000012227509114,0.2203023523349957,0.0014097865133518173,0.12032004825790263
3,0.0,0.0,-0.20464511178519038,0.21865840528182287,-0.3620563478993219,0.4564205256343543,-0.39105718476952944,0.7546669098888065,-0.37191569312580947,1.0,-0.5981429127462128,-0.06195233186390405,-0.43937807282075403,0.34306312646859266,-0.35403137860554984,0.35622809199832056,-0.38202279821853397,0.2493180080696659,-0.4343169195825246,-0.2164588558099972,-0.23618979812448956,0.3312026438609609,-0.21014869335598566,0.335670943133552,-0.28399973817318164,0.20316626672279833,-0.2231510948342862,-0.27264027729139023,-0.06050899451127948,0.2817902057030827,-0.061653636017840976,0.29492476846534205,-0.1168997753485059,0.17366038089449254,-0.02975977162530132,-0.2603188183941735,0.07982564239743065,0.194045890254858,0.060854088610680875,0.2186762158582877,0.01590155493139128,0.12303387401478867
3,0.0,0.0,0.04104943848425901,0.22019069638990632,0.06576737127318867,0.5153566512788934,0.10336115782771133,0.7727709937149638,0.07715722420604106,1.0,-0.19151382129837838,0.28214909521544795,0.1686227207653962,0.18665032609630583,0.17730687176177415,0.19881138062711773,0.10520188923744206,0.22419737926419492,-0.24675127424017457,0.017713464311706853,0.2255739997997716,-0.043733888816035835,0.17368120699445705,0.014659074908582849,0.059314739488563514,0.03973727779231481,-0.23486266326721567,-0.22193735671533588,0.2002684752487294,-0.2516667401911758,0.15162143700732283,-0.17617902593521664,0.04342780527728711,-0.1575195126996971,-0.19553309398587645,-0.41615501665783367,0.11312420545688835,-0.4306130574290876,0.09881814891069915,-0.3726342985590606,0.014344732452368707,-0.349779053814099
3,0.0,0.0,0.026544811951666934,0.22030875741760567,0.05074052725735274,0.5138628564701552,0.0854157586407916,0.7641844849839362,0.0542597055082872,1.0,-0.21724945260370454,0.2845733157668893,0.14838258650965788,0.20231691642403288,0.13808531252782394,0.21723754135560525,0.049667323803606944,0.26071071836638027,-0.2580778362344336,0.027439048902720937,0.1892731071513049,-0.03027313186714472,0.14010327647664486,0.02740966782407603,0.014959733529498354,0.06562373101781317,-0.2442179079461028,-0.21168739604334147,0.16627784713322563,-0.23815210485154067,0.12230012950504496,-0.15991585100259456,0.007295639460813532,-0.12966475494443352,-0.2079729725839795,-0.41210431950493676,0.07838315924217067,-0.426411415898995,0.06720584254660102,-0.3723592638888379,-0.023210655087874735,-0.3516268432284207
3,0.0,0.0,0.04026464221862847,0.2215034279683904,0.08181884774861727,0.5145639352127256,0.12288141732828563,0.7607699063255415,0.10128264056199845,1.0,-0.20722646486583954,0.3006370941840051,0.1771356480538622,0.20020772272939857,0.16376005106735111,0.20834004142380025,0.07491863757072675,0.24523608185265652,-0.2524587834797441,0.043510284710142066,0.2174910507365081,-0.0440021219031765,0.15769560188073392,0.013189346854697125,0.03150575433416433,0.056995760218501286,-0.2391606649381259,-0.20179029543235388,0.18999666742065605,-0.2480944327410626,0.14060103953936348,-0.17987033529451066,0.027245446078624724,-0.15430385717885084,-0.20187260370238297,-0.410566882613515,0.09641940913529226,-0.4331329827953579,0.07479306211718605,-0.38245745125297737,-0.020827010958068264,-0.36391711094349827
3,0.0,0.0,0.040414488404747845,0.21099975417797862,0.08071152964514514,0.5068704037945851,0.1343564921779678,0.7588311331394332,0.1317450800106254,1.0,-0.21176887991252127,0.30634438347745124,0.17755069964297082,0.19899440716603362,0.16388699867039597,0.21150967912719804,0.0697513602679511,0.2533420101255796,-0.264166247176034,0.047213657940955125,0.22214365177140452,-0.044988187368465556,0.1565401168364391,0.015473919223108454,0.0261637558663582,0.06376972512359272,-0.25149808964527587,-0.19820495796565987,0.19139618840036657,-0.24439662132082715,0.13641232819394755,-0.17457765233739772,0.01925827111442142,-0.14781093294206066,-0.21191921228288998,-0.4080974407037352,0.09482970007977215,-0.42785966228118955,0.06889471086397504,-0.3785417596669484,-0.028187115188195805,-0.36171571719825807
3,0.0,0.0,0.03442708982811334,0.2196818084148384,0.06969255209262065,0.5114679113356159,0.12055564108073681,0.7567125645788458,0.13120325535467744,1.0,-0.22650901961198466,0.3187355727030159,0.14855459961420245,0.2151680420875961,0.13940906928880104,0.22217885034930154,0.05128877421744798,0.2581369650349139,-0.27321700644986235,0.05810339358052052,0.20036065449916385,-0.030252896832666305,0.1502922727163795,0.03095357147064092,0.03026041131429096,0.07980917684743531,-0.25697780547078636,-0.18901175630495473,0.1789843914061951,-0.22452732895110428,0.13284831754818305,-0.15821893381285204,0.02461825417876261,-0.13697640818339235,-0.21447772524861763,-0.3957243818120299,0.09090146564886736,-0.3934203300441567,0.06861859050258884,-0.3429559655438677,-0.02465765443376756,-0.330414194165269
3,0.0,0.0,0.034765465901861956,0.2151223180572023,0.0697620525996356,0.509576694956154,0.12071935164339646,0.7539417620871751,0.1160541279553054,1.0,-0.22671447690860397,0.3054030814596873,0.1464723413442175,0.21184525979068236,0.1322844469287586,0.21990907053423892,0.03934672050292544,0.2567259135805798,-0.27113947491742524,0.04229788404074888,0.20168736703608262,-0.033290655907647175,0.1448923641846324,0.026240236792825417,0.018995124647787753,0.06898276596230735,-0.2523234019993287,-0.2049375675431489,0.18269841658587044,-0.23448419004097815,0.1302877114328234,-0.16402074859675925,0.016257691249371518,-0.14277471731950916,-0.20776442390311778,-0.4119661299985532,0.09355720424924742,-0.4117584197017821,0.07167934675343197,-0.3607661849900729,-0.023681546414221565,-0.3504670060142859
3,0.0,0.0,0.026013108277075855,0.22436554117261218,0.06888912372072514,0.5147205957640907,0.12522660962617124,0.7544288738328585,0.11710316174950078,1.0,-0.22197039153300419,0.2990100149473954,0.13605078122506636,0.19337388539168449,0.1308280581445878,0.19478584839412005,0.05286695055201411,0.23589944302639113,-0.25979065541081425,0.040298595321737796,0.18230067496816346,-0.03622704356973751,0.1457201340594838,0.021425950919493286,0.022251791220358124,0.06080752004038117,-0.242167055203032,-0.2107077170728475,0.16848094523709195,-0.2430597651638859,0.12750970192646424,-0.15944259883057124,0.011280506369487091,-0.12788224698673661,-0.2045575320718541,-0.4220945158064172,0.0873263047917076,-0.42698993216478265,0.07221416690484761,-0.37637046075323405,-0.024745826902616598,-0.36653783449900995
3,0.0,0.0,0.027955852864697744,0.21636370504180583,0.05775753253072793,0.5142651627763514,0.11405848188522383,0.7612861966777138,0.1171948522884071,1.0,-0.2320354573269204,0.2919838234631694,0.11851892699651984,0.19493641916468357,0.12292725749687868,0.19581994361522287,0.04455577041049548,0.23686474460709725,-0.2743951422718779,0.034098711132953465,0.1663926609700145,-0.03403821374545083,0.13551636994667543,0.022357168092041673,0.02116358190588788,0.06461565373436537,-0.25924150617689434,-0.2124061255271302,0.1473312370332081,-0.24092342242709863,0.11736452776587693,-0.161252301981143,0.015027793449193406,-0.1321264963003676,-0.22262897204737905,-0.4191703899324267,0.05373985961778175,-0.4302445932606112,0.05078649633672664,-0.37762539977259446,-0.028540425283504492,-0.3623743012753738
3,0.0,0.0,0.02510123249807746,0.2078433216642799,0.040803911042092134,0.5103026769323327,0.09039883314226062,0.7664995175664663,0.08521084931253094,1.0,-0.2656272202066564,0.2852126242027912,0.09772566174080216,0.18888922777278916,0.09998120044396738,0.19927998618441742,0.016371832573173675,0.23105001181730095,-0.3154028954988477,0.017031806135469212,0.15685949693285703,-0.04616979191859823,0.10486214865970794,0.014687828934852654,-0.014108745486142953,0.05405713902174781,-0.2950077743253555,-0.2279117202226202,0.13784287386150734,-0.24920142688936303,0.09187546023465477,-0.17646193579528294,-0.01714176772745601,-0.15566277207461107,-0.24535164911276397,-0.43024110048092384,0.05246004380306756,-0.43729042396722045,0.035195053809266415,-0.39027684513868266,-0.05258040992416629,-0.3781800499682611
3,0.0,0.0,0.026443232255127506,0.21015377159063348,0.027476867215949,0.5196968620624863,0.06462004982801474,0.7681946445182668,0.0470753679198212,1.0,-0.28907751757788935,0.290279291613265,0.07992385822008817,0.19168695194543214,0.10068693218909089,0.197336109589686,0.025109469046226896,0.24009839498642907,-0.3373084212875838,0.009088337327336934,0.12720918980925883,-0.060365605807187354,0.09617954394798113,-0.0005302686063750771,-0.013805058716266572,0.04448224304251018,-0.3152740057411087,-0.24908437765213118,0.11818201307029096,-0.27932524107990686,0.08939744420199724,-0.19554952683562682,-0.012074487291418223,-0.1645581326138102,-0.26571165073478875,-0.4597659483064822,0.030993916307934945,-0.47723722699994076,0.035384027544543194,-0.41552177968484855,-0.04237735200293571,-0.39220183582648555
3,0.0,0.0,0.01831631940397937,0.22986998415559748,0.03450372802178048,0.5293615292617269,0.07611822056697669,0.7592423615019865,0.06159087884776397,1.0,-0.27189825364433656,0.28224557005548434,0.06723725525687851,0.20604335431869483,0.07623703292280049,0.202478157123245,0.008642100817346355,0.24127318080719667,-0.3079045963644659,0.015165932302992584,0.1114077631786665,-0.03736235330290084,0.09914508827654722,0.013926771089296474,-0.01851985013526012,0.058354120329847894,-0.2868161264113875,-0.2402584199733695,0.11286078663284543,-0.25473141795417936,0.09074701770655373,-0.17381286826664552,-0.012229407442488622,-0.1403173922278949,-0.24701873970465107,-0.44841275990977697,0.026888372588935696,-0.45168898479284497,0.03516143189758416,-0.38982809195208495,-0.0371554131735834,-0.37051085593660915
3,0.0,0.0,0.010687643386976937,0.23821111274208823,0.038050479210682046,0.5362815662221917,0.09071988530173357,0.7609142286273105,0.08401516349265603,1.0,-0.2647647118908622,0.2818412824266855,0.08678572159645619,0.21825196443308637,0.08750310008520285,0.21513043193817585,0.012473786214421283,0.2536418479151432,-0.29596460713344136,0.016952927154195333,0.1283994343675317,-0.030848406527917944,0.10672995452248299,0.0174471920865767,-0.02085047102265112,0.056834501070667336,-0.27211768710345013,-0.23738942943722613,0.12870309099196245,-0.24517340778543903,0.09747439363053485,-0.16669699461204934,-0.015404607536671012,-0.13604732270418568,-0.23346256912637103,-0.44754985003868225,0.043433389494036266,-0.44519522539046674,0.04102841257019102,-0.39088733876342424,-0.04177089004821989,-0.3819333772017034
3,0.0,0.0,0.02223349352101348,0.22065890632947618,0.027111905356178752,0.5270720194873308,0.06706500450874796,0.7697773258293074,0.052436348115639415,1.0,-0.28016430510798174,0.28542379146845376,0.07470170921227876,0.2089881777462346,0.07728894515857511,0.2141251281384936,-0.007993210356016332,0.2520514494812576,-0.32694426134866045,0.014436834147567024,0.11985970865223182,-0.038937345879152395,0.08329752514351717,0.01651737564141206,-0.03618491253275678,0.05880492890652274,-0.30743040841073727,-0.23790060112527495,0.11376888976244881,-0.25319251428592576,0.07893824639516041,-0.17480650213677235,-0.026730316837716737,-0.1471252979618321,-0.263655667350209,-0.4413902856938435,0.023365512046149183,-0.44588068409610604,0.022291883143450555,-0.38757345476181765,-0.0582401532275275,-0.36813197206015447
3,0.0,0.0,0.010104534903126943,0.23313573545325453,0.027794031837362995,0.5295886303684698,0.07180136851208448,0.7611814375404672,0.05532152899056754,1.0,-0.277190125751064,0.2914449132265582,0.07507092897998817,0.23009898278062924,0.07425389765970246,0.2271269160255824,-0.006289398439418921,0.26383130486770245,-0.310082761069698,0.02999653094857234,0.12234782612261333,-0.015762143627750278,0.09898278062924329,0.03522194343149874,-0.025820034961149495,0.07915383028793536,-0.28719932324793424,-0.22268624316082253,0.12257356049742753,-0.2299983146806894,0.09272188089836131,-0.15309977787409476,-0.014652231694910459,-0.12244306101552994,-0.24533082490024427,-0.43072558532041777,0.0359598344532574,-0.4280922226409323,0.032739275361902846,-0.37514674784629726,-0.05007817667313048,-0.3636443410380993
3,0.0,0.0,0.010166233391044477,0.23093706275444148,0.027969026131600176,0.5247607735061376,0.07185833009277716,0.7599767985698844,0.05272939159288876,1.0,-0.2774309169869479,0.29846542493178513,0.08209658339967463,0.2375929883205323,0.09068674356135832,0.22190274577459357,0.017161142215463186,0.24738147419259146,-0.3069990708818788,0.036925304534071945,0.12568699450894047,-0.00861403078535168,0.10556548691379766,0.0372940750663787,-0.014874458881524586,0.07841357059237095,-0.28169722990593343,-0.21537076383139422,0.12448122198007028,-0.22232201185696723,0.09584891894637923,-0.14821209028726764,-0.007606568053107853,-0.11960263776512205,-0.23576851778932725,-0.42275078538432315,0.03701946088298457,-0.4190308445181827,0.032822719610757854,-0.36812265909770675,-0.04592626384751201,-0.3592842036453911
3,0.0,0.0,0.009284299137081594,0.24339132063165456,0.03297762782005925,0.5407087067884137,0.08082286574116898,0.7658212866666159,0.06501893550392049,1.0,-0.2665970212040974,0.2959907781222053,0.07821888630848628,0.23083556632123423,0.07773764453991454,0.2248920450694453,-0.002134892314943896,0.2638419326801273,-0.2961575440518538,0.03190369231510871,0.13087324573881634,-0.012842315654634043,0.11655918727824201,0.03786091330046359,-0.008750318544556787,0.08229975882288593,-0.2726572477049856,-0.2230714225823936,0.13135098531985995,-0.23289505859880774,0.10633630188362066,-0.14889179456003152,-0.003107264381578576,-0.1131894648430845,-0.23263424863347734,-0.4360552060120611,0.040337783926978156,-0.4396924852738165,0.04503895565591955,-0.37581685948955823,-0.03152380797382177,-0.3590169689226179
3,0.0,0.0,0.022500594967655396,0.23526999922429936,0.04064185796657733,0.535768400067333,0.07598193409077597,0.7639468069893265,0.05538418024538524,1.0,-0.26640915516703684,0.2830645557055947,0.09254520039196627,0.2025666719963104,0.09716499891032532,0.2024756986714412,0.01894208154777076,0.24343912940005624,-0.3004585076680909,0.012421130507144626,0.13191765331036837,-0.042434729014000076,0.10763389674527628,0.008427063825386097,-0.01983619524648547,0.05126125227631195,-0.2795998651230752,-0.2453895679347525,0.1283612506404807,-0.2628525414221495,0.099072694757583,-0.17664286268357587,-0.010054557610546574,-0.14209495103323852,-0.24241604887652693,-0.4556057034575668,0.03126569540505556,-0.46564791318063115,0.03832552091990706,-0.3998082383627757,-0.03512140242451298,-0.38092272491492357
3,0.0,0.0,0.02221460678409392,0.2294232847393628,0.037339427552655145,0.5371575680869225,0.06290592504446621,0.7689672064283641,0.031628199360022875,1.0,-0.2667083646944551,0.2963182393480811,0.08681550409761964,0.21634906084828506,0.08509740519129934,0.21283002762581943,-0.0026938327565690164,0.25263538543694625,-0.3063152539094529,0.02849128125775268,0.12195327578304692,-0.024584351255776404,0.10038873774813831,0.021002350507314325,-0.021414004650556512,0.0616741162470934,-0.2893270569041422,-0.22671799378524185,0.11875927693517394,-0.24906274046446697,0.09505888882815226,-0.1686749698302505,-0.009154994722921861,-0.13528231316830724,-0.25590633291425063,-0.43937719965856675,0.026839093267625652,-0.45273472485608923,0.040526067925036054,-0.38997365665773837,-0.03199170804933122,-0.37051879354640677
3,0.0,0.0,0.025068295900134468,0.2283732163291355,0.04273527477047428,0.5399468801286563,0.07402588252480338,0.7688897765901541,0.05093703116930295,1.0,-0.26415124016391445,0.28757782737700865,0.09237630518480022,0.2053446941858368,0.08412176072529502,0.20887244486933446,-0.008574720207118804,0.25869489384321,-0.30822539252232345,0.007585752049954312,0.13018160601103032,-0.03639251995334828,0.09870440862182009,0.019500232806120656,-0.027769751837940223,0.06993954797475913,-0.29045240660768623,-0.2519141058532048,0.12665126978986688,-0.2599916487133395,0.10009887526956923,-0.17435336241632285,-0.0009572953207585709,-0.13873758107007217,-0.25672105129685185,-0.4652177313587582,0.032583592048696014,-0.4630131295757284,0.04390953979368702,-0.3944056721525312,-0.025177534866514077,-0.3696525963861509
3,0.0,0.0,0.021355130503166002,0.2169029103764207,0.024477191138963798,0.5294451343415408,0.05795409253167186,0.7764579746368357,0.04088211263646254,1.0,-0.2841134117153262,0.28459954973031915,0.0794799344139932,0.19521688186088454,0.08148574049533874,0.20596285796108096,-0.010096599275665934,0.25499912276242587,-0.32821357067056417,0.006413464433778667,0.11955606200633022,-0.046903635531416,0.08333851677070904,0.010945841025607023,-0.030991587886312115,0.05319006628169251,-0.30560431144112504,-0.2455417965551875,0.11117310186470081,-0.2619556640867357,0.08073216868599704,-0.1792455798961355,-0.01869573769891375,-0.15112808963126237,-0.2608901388077168,-0.4520864624718608,0.021963881808366056,-0.4626464663112881,0.03229728786769384,-0.3930886308852669,-0.03568204616216718,-0.36766537033370916
3,0.0,0.0,0.01765486285014064,0.21996923066402185,0.02910820215013504,0.5259430081289346,0.06793552244828004,0.7669443984977349,0.053175088591667106,1.0,-0.27569970427415524,0.26759737603684625,0.08262329639217889,0.18475086411869723,0.07649913427851057,0.2008890581437444,-0.013930401206667444,0.25191576408095684,-0.3159208126626567,-0.00887070681426032,0.14015391933980348,-0.05961617614814416,0.10155013512606709,0.007623093371834539,-0.026053921348636367,0.06239958506915728,-0.2911762656822531,-0.26522556415079585,0.13519936811520614,-0.2759757050896559,0.100877389816585,-0.18796403505285153,-0.0011042169676282992,-0.15355625394554012,-0.24747303782974245,-0.47296089571721106,0.038000920643835215,-0.4768460639911577,0.03962038187485655,-0.40927832892458627,-0.03158633258493623,-0.38399780823510354
3,0.0,0.0,0.01063358468159167,0.23638769209184163,0.03606662385200044,0.5424948785252157,0.08409344676714472,0.7735909367642969,0.05617545884488925,1.0,-0.25567015948602356,0.2900940697789978,0.09660755013533387,0.22583542883008229,0.09057201841643081,0.22333711789371885,0.002561363744551778,0.2572314472331509,-0.283892763458434,0.029943507189272838,0.14011482292182537,-0.016910053290062125,0.11427924794284994,0.034799930516640515,-0.012389041672477825,0.07573466960746078,-0.2611202604957871,-0.21784599080180622,0.1318586631635473,-0.23273229948998211,0.10140895884363656,-0.14935644378821272,-0.005822780687300663,-0.11747312321854939,-0.22653600398861207,-0.42605095669065457,0.03153830478975855,-0.440418123631942,0.03599167034822688,-0.3715003603614137,-0.03094911596622374,-0.3510635254954656
3,0.0,0.0,0.015373127272051883,0.23180269007566048,0.03410188416735472,0.5392304107548995,0.0792588362028937,0.7730757314044214,0.056372213807996945,1.0,-0.27497885187192594,0.2837176509621765,0.08997177716880174,0.21298623809837383,0.09202939294319469,0.2129847606842369,0.01325641493218247,0.2481811976678807,-0.30661345443063837,0.013162599134488587,0.1393085448568259,-0.03669284644517274,0.1099048376448499,0.016844315163672158,-0.015039653795434706,0.054314175915279164,-0.27799256565206304,-0.24359783689685624,0.1386608042873714,-0.25234402305779136,0.10317036189048225,-0.167629940683933,-0.007757690573760112,-0.13457100536765662,-0.23237803735240634,-0.45505157441692795,0.055416748979740006,-0.4524772858129408,0.053124435416740536,-0.3845299543605667,-0.0273652978213629,-0.3623383497875056
3,0.0,0.0,0.025202798609236705,0.21986074695357663,0.028896816378979,0.53286506116409,0.0718605214289426,0.7821221657686004,0.06583951860588749,1.0,-0.29280460709800915,0.2799965119417608,0.07255371515018531,0.2047288224058724,0.08936140133265703,0.20386616964291163,0.00927932887908156,0.23257995763418768,-0.33167604985188376,0.010582512037272153,0.14000493545514425,-0.041622653949489635,0.09869458684076383,0.012942000407711512,-0.02420224342312734,0.04941619203759193,-0.3020643708735777,-0.23803599179612067,0.12812975913253802,-0.2514856330078864,0.08883188127306131,-0.17016896044714466,-0.020162575491320774,-0.14198395619436438,-0.24749666604324813,-0.4396688995428708,0.035413889245946184,-0.4503642790858931,0.0287436615901885,-0.394502332139301,-0.053468272239369154,-0.3779747635409976
3,0.0,0.0,0.01390329236719731,0.21328620662897732,-0.007414974939734037,0.5400752043769617,0.03160688800412591,0.7941120486054694,0.019156280800162222,1.0,-0.34755980188435365,0.2870412209328995,0.028073242598207905,0.19569321827318026,0.06109766151342485,0.19508177007661484,-0.011374115409694942,0.22449033836825108,-0.3905084376635798,0.009064974060877733,0.10212953313009603,-0.050712045090044185,0.052897503490774364,0.011337139138386429,-0.0636049742409361,0.06529119939020234,-0.3550973879961948,-0.24554966459842484,0.09515698731488821,-0.2681930757269749,0.05613984018534008,-0.18568690336910637,-0.0516100861836501,-0.14981702640470176,-0.2907428136348768,-0.4530311325199554,0.00441743187899049,-0.4682305235797146,0.0009894635846962394,-0.40485951803520315,-0.07806216043457515,-0.37192191297436267
3,0.0,0.0,0.011216409077433919,0.2192987975621293,0.0008863352749439362,0.5293371862935042,0.03890755159949917,0.7774444890012095,0.029465273949496003,1.0,-0.30589127043232894,0.2874605263061784,0.057282469333832534,0.2191705533835437,0.08389402335171013,0.19903329559051852,0.010099463847506924,0.21853350642645247,-0.3410873582857479,0.019518680502011786,0.10413990782488795,-0.02518208534217039,0.07498204424977208,0.020007657085292604,-0.036855853438921386,0.05573581740950725,-0.3132952065164321,-0.22925686933316472,0.10014252947398704,-0.2398691011982222,0.07321918244910068,-0.1638156076191442,-0.025229355165522122,-0.1403643491200978,-0.2620063003474489,-0.4338470300516076,0.009091875736504022,-0.44084223346889234,0.012930435828814786,-0.3838656092835011,-0.06054815673254285,-0.370298335194387
3,0.0,0.0,0.015073691278960988,0.21617414659087555,0.009985114984616506,0.5296223782218431,0.0551139519416441,0.7808489553858197,0.05203777846109174,1.0,-0.3094179632268999,0.28207834272808324,0.05324841377254196,0.20801475453906826,0.07999458764914562,0.19806819415001772,0.008748846645051581,0.217840713631907,-0.34620619102762074,0.011270023045563023,0.12424013567015503,-0.04004614365274223,0.0866652680558157,0.013269399238509968,-0.031466222865102304,0.049869791570914875,-0.3151559796024128,-0.23907053379415355,0.11665465030929295,-0.25421818266242907,0.07914260462451343,-0.17512537334663028,-0.02910945502606427,-0.14791528368250806,-0.25887152274579317,-0.4416342778298784,0.026541319758473843,-0.4518297097091082,0.01781621518044654,-0.39761406933881177,-0.06680996649952321,-0.38086435621336723
3,0.0,0.0,0.015531195370547304,0.21554720582196696,0.013366506199079706,0.5352935808135996,0.06115125297644761,0.7901344951943795,0.057141449165812125,1.0,-0.31284929670866785,0.2906728122548267,0.05194365716991689,0.22829359783924472,0.08494845195114423,0.21212177291321374,0.020855463587696823,0.22391388280624508,-0.35021836711795906,0.014583258207233404,0.12029030734250512,-0.02486177766981944,0.0786430412751341,0.02716658472854618,-0.035839511827165806,0.06622383774327506,-0.31881038750474155,-0.2399969840285701,0.11680163632312475,-0.24131462091555037,0.07976017739664773,-0.1672124566811011,-0.021684749981573177,-0.1408048350294295,-0.26051013697395914,-0.4453804084314802,0.029461345599129808,-0.43874622302981825,0.022004747511268387,-0.385059182094351,-0.05778990417311253,-0.3668169964160488
3,0.0,0.0,-0.04097186518955982,0.24487334547530334,-0.20015332522875934,0.545950079372124,-0.3240404596804565,0.782529703121258,-0.3944309961692,1.0,-0.5214858290701448,0.47558799759077003,-0.4788035737558641,0.4534096411540919,-0.31773924727684566,0.3534376685552953,-0.27904434136869666,0.3264493011892902,-0.5971017375240676,0.28267382184400874,-0.4727781680723422,0.22909448186502834,-0.2939340196518115,0.17507783285063921,-0.3162127930422122,0.19857705097743378,-0.6005273735256237,0.06882280836113899,-0.4646601274576661,0.0059150829954862875,-0.3053407640584221,-0.0004913049989191096,-0.33025465700618023,0.03845969327573505,-0.5749229926272202,-0.1311684318620469,-0.4679263005597905,-0.18430104264651698,-0.3375928638313088,-0.15999644947405406,-0.3463483675835427,-0.11601411508870585
3,0.0,0.0,-0.06398369842078451,0.26480423372805867,-0.23835365161029187,0.560985733638029,-0.38649405431842543,0.7982993063991536,-0.45303271178932947,1.0,-0.48186603082042123,0.45382388203180457,-0.5665465443717538,0.43064631416353466,-0.38912262444314266,0.3321488431801373,-0.3246395215081739,0.3200439880734186,-0.5258560883650355,0.25487854420707134,-0.5796005061505426,0.2364954184050504,-0.36350735937134954,0.17536657967927596,-0.34630657425269135,0.20844563073133396,-0.5354425915463336,0.054150270758794264,-0.5717455497293901,0.01806249104043103,-0.3746591395539982,0.0006243052458803343,-0.3550647048290155,0.0495620785902388,-0.5239332718584961,-0.13490281006805055,-0.5706138042590256,-0.1669779925704402,-0.42182657647491245,-0.1564406962099721,-0.38940496557293375,-0.11018923105692904
3,0.0,0.0,-0.06412683876364515,0.26083485469282414,-0.2500750273051817,0.5613207977275746,-0.397605469361703,0.7961810407882922,-0.463294501499555,1.0,-0.4832158863628705,0.4545650695860911,-0.5866853788928468,0.42832067681170627,-0.40463246531597696,0.331480644541045,-0.33753882687820996,0.32394699127621746,-0.5188543518810347,0.2517209697849085,-0.5965275341289994,0.23120491671671792,-0.376500892993421,0.16850488519930304,-0.35277184761429026,0.20613360608781664,-0.5282348463674693,0.05115861188583164,-0.5837441499515346,0.014637262306162944,-0.3851923652531403,-0.005572140191047072,-0.36295058505440225,0.047214871462467514,-0.5226578497194158,-0.13754031354872215,-0.5791122793037624,-0.17201213916028885,-0.42969733370599206,-0.16549071029152618,-0.39500339951990454,-0.11752903467510302
3,0.0,0.0,-0.07090918072687771,0.26058464593373953,-0.2554513254238902,0.5636922090602765,-0.40397419767179515,0.802602626068691,-0.46764309280655014,1.0,-0.4855430397339579,0.4509071591966902,-0.5959587809796779,0.4296186247674671,-0.41252956685894304,0.33674901316756656,-0.33943511397935644,0.3307450091122305,-0.5150411448711493,0.2516820923015636,-0.6004829694991486,0.23883003098920638,-0.3831045219214753,0.17858971837074963,-0.35232558634522687,0.21433437158674973,-0.5215939914024579,0.05602697643927356,-0.5931494282049397,0.02756359380548504,-0.39724315553140455,0.004062463896827118,-0.3668134833489568,0.05055359930875943,-0.5149474931788206,-0.12974778688478336,-0.5899106240123138,-0.15793189740011615,-0.44405336008115426,-0.1545446958641492,-0.4034558464444878,-0.11247083160623839
3,0.0,0.0,-0.06559526318549588,0.2583338033339369,-0.24660901985579392,0.5595445248887583,-0.39239449970662066,0.7979292268143755,-0.4565370157633255,1.0,-0.4821982571388144,0.45147842400387084,-0.5816238669274922,0.4164822780088202,-0.3977343002482593,0.32652139195378754,-0.3315530699944688,0.32899745408094105,-0.5097644356974859,0.2524069473015534,-0.5959387989950893,0.22997584691635078,-0.3752894461611835,0.17078753301135818,-0.35126519215108887,0.21218934196947073,-0.5164113326545535,0.05778147841410912,-0.5869947369827149,0.022132575791307858,-0.38795947506374695,0.0015061787763559023,-0.36311474842104535,0.05477812508348695,-0.5108409844484222,-0.12440045238794938,-0.5800217090805107,-0.15912874751270734,-0.43084193434437884,-0.15320634411762088,-0.3937498824998491,-0.1047169260575261
3,0.0,0.0,-0.06710963217304132,0.25924151238542137,-0.24638517834127766,0.554466481576237,-0.3898170699088581,0.7926128753654396,-0.44496456521216027,1.0,-0.47776160562136116,0.4425055975569813,-0.5903407614109324,0.4259522608283569,-0.41050004046905925,0.33010760792461735,-0.33324530235756633,0.3189631051441842,-0.5097224180491606,0.24474056350032902,-0.5981947418859536,0.23445704741323165,-0.3814307274109566,0.1703668843378377,-0.35002673742023765,0.20483011645742408,-0.5171130427104684,0.04937861598999151,-0.5886205778106657,0.02434069737635211,-0.3943863946005724,0.00034801402317534755,-0.36284916495526626,0.047901843340791436,-0.5104488724643946,-0.13414747402473048,-0.5890552970419007,-0.1583438947303319,-0.44408339370548033,-0.15294739042181885,-0.4009920984907527,-0.10719687033971936
3,0.0,0.0,-0.06965936756535551,0.2563662108320262,-0.24632569403226878,0.555139410886326,-0.385510661298777,0.7933183447267221,-0.44071279445031813,1.0,-0.480226434313538,0.4496508658744306,-0.5863974926947884,0.42036561234469305,-0.40323856953600384,0.3268329417733259,-0.33156237892769697,0.32362429660398073,-0.5122577934643994,0.24950986463683017,-0.5979284807636857,0.22979168875487882,-0.37691463925779645,0.16977381340472905,-0.3525607628137228,0.21058549698725043,-0.522177027400613,0.05351328909415375,-0.5879890330168815,0.01828705790959472,-0.390519921007599,-0.0010744036678157491,-0.36515654308167467,0.05128531100037554,-0.5195757874220555,-0.1293163669440781,-0.5877252626061349,-0.16455488495468243,-0.44098726629020096,-0.15594964779416792,-0.4030124523018477,-0.10558020077070107
3,0.0,0.0,-0.0679510648585543,0.25468612219580905,-0.2385358107817131,0.5488728988463096,-0.3791905479928699,0.7930518424447048,-0.43319377715265955,1.0,-0.4841452060494902,0.44882221208334366,-0.5794690848513284,0.4186010512279646,-0.39746760417395244,0.32505577064431046,-0.329099430517002,0.32113208350455363,-0.5193816783881237,0.2540883185698858,-0.5921640246015714,0.23507161038035868,-0.3722295789584895,0.17633902273527433,-0.35030370366519153,0.2141649637830473,-0.5279123969502402,0.06034177220032641,-0.5832475883077302,0.024905279908746168,-0.38768830593498144,0.00750295541987857,-0.3636011557013583,0.05606483746343308,-0.5202996708940951,-0.12062733477189436,-0.5815085232141353,-0.15224431902623342,-0.4384792480034546,-0.14312217314861128,-0.40422590463413566,-0.09994631146628359
3,0.0,0.0,-0.06815629106493065,0.2534008115700921,-0.2349227324592731,0.5497396092994961,-0.36848902005956996,0.7950283087349509,-0.42190781435925806,1.0,-0.4740967218667276,0.4517447903430996,-0.5694335110396889,0.42022176371973635,-0.39108498905711137,0.32214285076895083,-0.322571371261697,0.3194677500016489,-0.5089093076823695,0.258246546132588,-0.5839748854789167,0.23831588148547045,-0.371202142563666,0.17285467199850396,-0.3465995570079687,0.21173189787051117,-0.5195449186082648,0.06563298626212573,-0.5770820877658078,0.02999003287328325,-0.385378624722742,0.005428960846534571,-0.36059776377870884,0.05519359465647167,-0.5149526299596543,-0.11235394124400139,-0.5768805337631083,-0.1446253753191595,-0.43443830449436327,-0.14147888261099145,-0.39880747538383526,-0.09826417192343043
3,0.0,0.0,-0.060941360285237244,0.25276653825962003,-0.23128976228965858,0.5484291820930248,-0.36574361404906774,0.7922247558456538,-0.4172208070154941,1.0,-0.46131026121377855,0.4468087960398361,-0.5589270923964048,0.414063006513407,-0.37859313168913605,0.3178319838621396,-0.3161072320503677,0.3167116339194839,-0.49796687492837427,0.2532895820772003,-0.576173055282553,0.22528686003314394,-0.3613380318175107,0.16414759653055053,-0.34081422399242134,0.2082041964619065,-0.5106457059035716,0.061924752647708844,-0.5697456720092435,0.01746437571984136,-0.3747935065582657,-0.004495299652784832,-0.35012345136601336,0.049844199817318614,-0.5072533570402465,-0.116744138259309,-0.5726246000503312,-0.15658917109753762,-0.4280100316324381,-0.15412578149171396,-0.39086546401257327,-0.10732682229156179
3,0.0,0.0,-0.0642121269455283,0.2508170016997202,-0.23391934393280522,0.545032505598531,-0.3712386323455519,0.7891468753683244,-0.42369306867738193,1.0,-0.46977665583146716,0.4490463887148502,-0.5691160756933804,0.4146642742380725,-0.3871200055209891,0.3187499806145047,-0.32345532496293494,0.322112491703008,-0.5045269008641279,0.25477115810499806,-0.5840558953617488,0.22872916834674292,-0.36737549084074117,0.1653677738627693,-0.35309051320384854,0.21229618090234054,-0.5168772060693659,0.06215707058801635,-0.5780314649851429,0.021356903252420862,-0.38299283357009484,-0.0005535528184959337,-0.3625814578512807,0.05531030750048076,-0.5149865387120587,-0.11611775990521268,-0.5797166460921943,-0.1525287603208377,-0.43404046450748435,-0.14830611480555572,-0.3978597637761084,-0.10106191804743088
3,0.0,0.0,-0.06372240158338299,0.2518663055326395,-0.23254630871557275,0.5453170122827606,-0.3681517019414241,0.7907740211630084,-0.4236571611674758,1.0,-0.475619615380019,0.448145149529366,-0.5727507684558878,0.42391890787691455,-0.3922290957991985,0.3256592514491042,-0.3256154326792613,0.3166554172581634,-0.5126786355709503,0.2556638674796036,-0.5890906031279606,0.23780426961931983,-0.3726087800961351,0.1736491212490623,-0.34740414595517294,0.20850437794203933,-0.5228634390466823,0.06372852260888211,-0.5800270160690522,0.029004819384568777,-0.38627304651114663,0.006149007329976614,-0.3622049799303233,0.052970480237200426,-0.517371421786945,-0.11584137916226091,-0.5781209481604521,-0.14634196342871866,-0.4346134081743672,-0.1404422664389127,-0.3994276161044375,-0.09712192295805261
3,0.0,0.0,-0.061985273775829415,0.24801459223476205,-0.22421038859292994,0.5454330498275083,-0.3545958761212746,0.7906508102024264,-0.4108044330001726,1.0,-0.4759605267202467,0.45761412547871655,-0.5636469394848659,0.42773251694374886,-0.3866812163400872,0.32192117954817195,-0.3169296799938838,0.3094623320304834,-0.5194140800799523,0.2617563883391382,-0.5799597558870612,0.2341214669160446,-0.3641047891755474,0.16737089923444756,-0.3428024436515424,0.20619403479153217,-0.531261108313097,0.06516377840673983,-0.5732118128215253,0.020461266420599058,-0.38074154467719196,-0.002859885699152793,-0.3594066870172933,0.04978061204785471,-0.5241389801199127,-0.11800762478551842,-0.5712049273422728,-0.16141467593873374,-0.4261284863847057,-0.1537256543215131,-0.39252788359000185,-0.10051314002602547
3,0.0,0.0,-0.004764085981345898,0.24377617953225303,-0.007966883737192735,0.5271744940145258,0.008731634949925068,0.7685649411328875,-0.0320257071441802,1.0,-0.2542795890323097,0.2621365468777168,0.12227864832398963,0.3958707596938649,0.11340095005485888,0.3663209393309354,0.018288943895981725,0.3204767340241826,-0.22762757410584936,0.004057135732366591,0.20747159286022818,0.1677180576832806,0.15905633257331214,0.1786044103932755,0.03673473557903795,0.16213444674450025,-0.15357498487809484,-0.21527935839605825,0.23654197740597221,-0.01859999065346118,0.18453189449611845,0.003193905299884833,0.0787434543483069,-0.024870307313817987,-0.06696076099746111,-0.3858041211424952,0.2107599095542628,-0.2184980490519223,0.19290272277541498,-0.19197156911547875,0.11814706192309009,-0.22003038949524717
3,0.0,0.0,0.025419146283729512,0.2771492355686439,0.06646256549072346,0.5533720748085692,0.0981179916325998,0.7761636511165855,0.0719057853802987,1.0,-0.12290081122954824,0.313804992659542,0.21734505127709358,0.41678832631034285,0.17739545990128586,0.3973500942269705,0.07865349237325588,0.3712827923295323,-0.1075952235140976,0.0938216557905772,0.2827889374135825,0.21999925373387472,0.2137546240449555,0.22536184557005381,0.10505530936601387,0.20011995923543036,-0.0533077550184005,-0.09735841796452174,0.2946549167152218,0.0262672629489567,0.22260057392909724,0.05838653958572141,0.12101340156536713,0.04246663046667117,0.016256946559082577,-0.2677044462587931,0.2580536074791522,-0.1712935601321326,0.2171557884462522,-0.13420500347953104,0.1412290376846128,-0.13892161413709847
3,0.0,0.0,0.022987513428876123,0.31340525133088715,0.06357451159011863,0.5741694873724682,0.09407879253134181,0.7697619860443573,0.059565282338650195,1.0,-0.13185123438193497,0.32798205232273436,0.2092425773555207,0.4328226628919539,0.17630847135955213,0.4155628629020558,0.08341575442252877,0.39283273253404283,-0.11578261466084006,0.10582160362722048,0.27165859650467716,0.22417258599943615,0.21733393419232766,0.22690358684878234,0.10956440469286159,0.20302230760660978,-0.06417471384269506,-0.0823459221173545,0.2822166753416281,0.02243996992361616,0.22333559849532109,0.0597964255815478,0.11712362160355558,0.05130511302107532,-0.0027500762118945004,-0.2530757902662992,0.24139307104023236,-0.17380127018630093,0.20626001456533785,-0.137985978444303,0.1290205580465969,-0.14840748484986346
3,0.0,0.0,0.00534700797828871,0.3090618918488956,0.046779918219453424,0.5680235738345836,0.08206711990533273,0.7666671993758586,0.05128936206379289,1.0,-0.1613536794344953,0.3039306310933154,0.1740333689037789,0.3972173330011165,0.15330728869666158,0.4074076663632646,0.07670776275941424,0.3937676475053592,-0.14112646927853983,0.07364108306558644,0.2488531618590873,0.18875866166985444,0.20178794154630467,0.21473177607908117,0.0996056620207161,0.19660092793098413,-0.08284584388763419,-0.12118447041321041,0.2676489582024261,-0.013636931565997948,0.2100466290041268,0.05262606865701349,0.1123165876198868,0.04786337607356036,-0.015296078558140245,-0.290003130877205,0.23036791076055618,-0.20482138745077585,0.20116394537018809,-0.14218123347844816,0.13291045909120297,-0.14316480835907894
3,0.0,0.0,-0.010300021769289524,0.26301103786415203,0.007781193609386129,0.5436533039637552,0.033114540595932405,0.754574395219555,-0.0001257233358440075,1.0,-0.2382119676479534,0.2942401076783394,0.10539389140082724,0.3798274537288821,0.08992081895005276,0.344582727472009,-0.004034714052417719,0.32118102567486695,-0.220076708301381,0.04738101035292797,0.17580275203262208,0.15421872902240719,0.14798224475508032,0.1631533346834844,0.025298455442360306,0.16169329422446338,-0.16458019024993722,-0.17416986569031023,0.20356163022396578,-0.04351004004183951,0.16539407344366647,-0.013054462666426977,0.062385132864724725,-0.026594941788009595,-0.09813512281444298,-0.3618785038505853,0.15382051031158908,-0.24432083229986096,0.13885317562355362,-0.20805657132931474,0.0708417812588414,-0.22688700676820106
3,0.0,0.0,-0.0072776279819552064,0.25787178969003016,0.009091566801573265,0.5366993118324035,0.03669716195129192,0.7554663531454536,0.000748719465378782,1.0,-0.23711356588067636,0.29883506355142037,0.10176845481314449,0.38856605360158364,0.09283766172948027,0.3412728754360753,0.00391334446161649,0.3105402314730256,-0.2168323352588167,0.05813502861117867,0.16580593527960513,0.16613505403585965,0.14679444313685974,0.16942437213656866,0.02769065566326356,0.16472061921062722,-0.1584580155326106,-0.158556442698284,0.19685059242310857,-0.03032379265948332,0.1670461362617082,-0.007449805417064784,0.0704362744392409,-0.026038612238656247,-0.08919034168714818,-0.3396810286825921,0.15186404974413611,-0.23070785489910234,0.1425823586738262,-0.2035412093885121,0.07771521104448141,-0.2283571935863251
3,0.0,0.0,0.00021069251936888385,0.23906797537669283,-0.0035833234641881834,0.5246206904705925,0.013053244732638558,0.7587355502631524,-0.019861888824516002,1.0,-0.2700684624698862,0.26280141193062384,0.08578635701004249,0.36319106710236926,0.08777853521986162,0.32265514441547555,2.325952375737448e-06,0.29001360100651713,-0.25902929866527163,0.007691536847834451,0.1659778294096132,0.12507634454099947,0.12757461122190614,0.14342655815065078,0.007459329268989996,0.1448129226812726,-0.1954022899388798,-0.21570417142113946,0.19165285470919102,-0.06534763199634361,0.1461928908428612,-0.03533519008942705,0.04814159312619048,-0.055312891959318315,-0.1137727974830094,-0.392442438009008,0.14238511297441434,-0.27027043266784606,0.12247961254285325,-0.24521120325974471,0.04785239971414045,-0.2738591833542443
3,0.0,0.0,-0.008130516955473326,0.22187665191857897,-0.020201121571897185,0.5210803172511247,-0.0013381898230953606,0.7715388458836905,-0.034306941601089914,1.0,-0.2842753385560253,0.25141634399836965,0.064792138858918,0.33174497428825905,0.07078213140039248,0.30943870716132243,-0.009414707467525414,0.2897369240461415,-0.2717611533921809,-0.021345555246364098,0.1685788146840885,0.08473422925293712,0.12815257184649714,0.10777993522151615,0.0156533864912758,0.09659121590517639,-0.2043211862469341,-0.25764478177347394,0.19333429194179247,-0.13398501467395071,0.14359099556316005,-0.08860014544642017,0.03970190725152817,-0.10648312418082942,-0.11722443541237577,-0.44805266277637146,0.14894582379466192,-0.3534546628198192,0.13217500328444085,-0.3133878981544029,0.05360000579302954,-0.33603667815272703
3,0.0,0.0,-0.01764514661484821,0.22551421359844445,-0.03328445099896918,0.5221365611578579,-0.017078805805055535,0.7636390114635263,-0.05395485330217145,1.0,-0.29084089993006834,0.24301787873626754,0.05760474348806608,0.33391443772833856,0.06446991433732213,0.30007598924491835,-0.015326053606543332,0.2804008323757748,-0.2699833769637038,-0.025984048274641687,0.1530487287515878,0.08901134942833808,0.12124796620376777,0.11290740493720566,0.0007441261848814387,0.10282487891612742,-0.1986597015736599,-0.26118466050357864,0.18411179609075476,-0.12853986344340607,0.13969221347770805,-0.07826052050661986,0.03957664261135806,-0.09387762765021049,-0.10943364051963118,-0.4516939295111068,0.13860786790525886,-0.35278717472485277,0.12143653902285258,-0.3139950074879383,0.043741010895525886,-0.341233303577967
4,0.0,0.0,-0.09207167781556214,-0.08238499100921585,-0.129503222231079,-0.23344902559140004,-0.05500375821152227,-0.3314596628025252,0.02753190897283472,-0.3907968888846976,-0.11153682691674978,-0.5283830976524388,-0.15130048027240567,-0.714952761175154,-0.17241432175991037,-0.8326606730915479,-0.18805724830638135,-0.9360807957261493,-0.014270508937230886,-0.5303411503535912,0.020739679880563317,-0.7522111860411905,0.04694637608783852,-0.8882095524164217,0.07317435662195185,-1.0,0.06430184800114093,-0.462728325113667,0.08640488384684494,-0.5952733094594134,0.04132531181143688,-0.4752367657453837,0.015636920573056264,-0.38113580649132983,0.12662204087928927,-0.3590875619820408,0.11665360016222451,-0.4128975012674448,0.06607234574302663,-0.33854597385620844,0.033767584528675704,-0.27718115222281864
4,0.0,0.0,-0.09101696450638153,-0.08426664602846684,-0.1266729314867916,-0.23046854363375596,-0.04334167987888687,-0.31766538986927584,0.04494127943661887,-0.36974426694120754,-0.1051903594921647,-0.528520585795971,-0.14148309977069382,-0.718011177066315,-0.15977481693549955,-0.8392606357959737,-0.1729472105548538,-0.9464195687266396,-0.006947556529797261,-0.5285899476703771,0.034464924508465514,-0.7497172721341173,0.06731408240576603,-0.882899267940175,0.09830048283687355,-1.0,0.0701447770065282,-0.4590586842657386,0.10187934694908667,-0.567605011139882,0.05573742911203398,-0.43773350635904973,0.02672382641403438,-0.3485546836762148,0.13076423904104548,-0.35429523928777557,0.13370048885518956,-0.3965005317656785,0.08392369588854622,-0.3131485237472372,0.04954190132579747,-0.25511996240482104
4,0.0,0.0,-0.0894093883382664,-0.07859356036954916,-0.1281758276250257,-0.22802588183667313,-0.046531280149033766,-0.31196891827589623,0.04288804625798326,-0.3627538988932977,-0.10305052643554756,-0.5276346376686243,-0.14054499644377597,-0.719256027891604,-0.15848973239627698,-0.8412503767537391,-0.1712336492241655,-0.9489047135380151,-0.005053300916595328,-0.5284241965265518,0.03825752734948756,-0.7499253221422397,0.07072788951807561,-0.882528197070247,0.1013814484931895,-1.0,0.07145430023081682,-0.4601076344606468,0.09982241395793474,-0.563967802934722,0.05088477539110571,-0.4306041999003191,0.02123144162712273,-0.3428528126986158,0.1313367546170223,-0.3557651590875176,0.12954562476782058,-0.39077169569695597,0.0787851787576472,-0.3028395598698506,0.04611263900291356,-0.2463719708365302
4,0.0,0.0,-0.08713513722529206,-0.07966318199614206,-0.1251617290188318,-0.22807738146719395,-0.04604719931771719,-0.313000015323185,0.04507237736747065,-0.36145943361600325,-0.09980689701698724,-0.5278253099319846,-0.1347195913707638,-0.7185705792585574,-0.15103929759342696,-0.8404298019699445,-0.16264398780439018,-0.947786092862409,-0.0022052017173896654,-0.52710717704048,0.04196053673106278,-0.7483509321998427,0.07493448824212937,-0.8827082690796535,0.1053976998973758,-1.0,0.07472726530408244,-0.4577414838828375,0.10328135208493529,-0.5644024724010412,0.05590792596371778,-0.43286814954646974,0.026920265035566757,-0.3420782784391372,0.13463485107252526,-0.3529647329184281,0.13400197268009809,-0.38969523007762275,0.08378172503480369,-0.30377916020101964,0.05061607945102273,-0.2435989451478312
4,0.0,0.0,-0.08888390273437152,-0.081712286164566,-0.1259034543111793,-0.2294851159471722,-0.04778048709132931,-0.3140757361255799,0.03964308291898644,-0.36623060710247185,-0.10300255540419015,-0.5278230220421101,-0.13793850494227128,-0.7186631000398129,-0.15407624491685715,-0.8403740124679302,-0.1655536603080477,-0.9471531728860041,-0.005991627839532319,-0.5275738160744973,0.037994802697102564,-0.7482400528125346,0.0707072325952044,-0.8828439397234974,0.10138378507638865,-1.0,0.07013942152975729,-0.4582273966295122,0.09878314934168769,-0.5649325279167414,0.050520836910772,-0.43583712064840363,0.020676870475732564,-0.34672070030031404,0.1295996194241246,-0.3528672042046511,0.12897889406584012,-0.39171433404945705,0.07716175873880818,-0.3091996840406168,0.04213524435337081,-0.2517366954260936
4,0.0,0.0,-0.08845649195988729,-0.08021159390109783,-0.12562625270877936,-0.22543785832351773,-0.047735423838560005,-0.3100375934650901,0.04045995155108124,-0.36110855779054707,-0.10397747239160002,-0.5278671778911542,-0.1395708740328112,-0.719607983496782,-0.15627236979963166,-0.841363091538847,-0.1682945102071362,-0.94883960731647,-0.006854208288051436,-0.5297223460469717,0.03616027270005922,-0.7506717040743947,0.06869521432708389,-0.8834730700150325,0.09863058187509355,-1.0,0.06973154613547476,-0.46196056244997297,0.09854954219188244,-0.5662142001861167,0.05254035511853553,-0.43419343857171677,0.023718393506738596,-0.34526006315604524,0.13022680536484738,-0.3570449820065466,0.1326624698211067,-0.3937745661072319,0.08173924785412613,-0.3071139623341381,0.04670722650276247,-0.2484388930284316
4,0.0,0.0,-0.08630122388067564,-0.08252487865835659,-0.12176669623937647,-0.22620995705507677,-0.04242940992820497,-0.3069496340757036,0.05016140054300601,-0.35259955869872245,-0.10223361414238702,-0.5269808262273401,-0.1369655765959184,-0.7175269664416939,-0.1549471550735769,-0.8398885948276055,-0.1675582376069647,-0.9475769354744272,-0.0052736535924764434,-0.5281945972097652,0.03959758153447314,-0.7478387238528182,0.0729092232615329,-0.8813769321112828,0.10484541995442737,-1.0,0.07170791212144112,-0.4602865318018735,0.10632368401272566,-0.5532481998566814,0.05808768365858249,-0.4216778362906381,0.027034717577920107,-0.3357482803898087,0.13203228942815806,-0.35655955997104455,0.1366017086799719,-0.389505611690128,0.08729395928609764,-0.30237261735905235,0.053434287095432464,-0.24562401220294672
4,0.0,0.0,-0.0830213669935854,-0.08242489306165002,-0.11141058685990733,-0.22525470627814406,-0.020033010296498222,-0.30045957885697044,0.07779570803305448,-0.34323248633190373,-0.09109733010261024,-0.528201434466595,-0.12072145878570374,-0.7258019470388921,-0.13489767279386108,-0.8536459228371523,-0.14428253383950676,-0.965427772910769,0.007218702868360534,-0.5285373247997188,0.05855640841811718,-0.7487111069983521,0.09925366769388227,-0.8802626471857706,0.13758945778695197,-1.0,0.0830719431179755,-0.4590948870426858,0.12846011259218296,-0.5364992635802088,0.07823710887818254,-0.4015027697016176,0.043782301508602676,-0.32040086291584735,0.14095393564091885,-0.3543576120183872,0.15507197190278377,-0.3766011739640801,0.10592728359436712,-0.28753672026806765,0.07040703289895808,-0.23778015207399358
4,0.0,0.0,-0.08434435204557324,-0.08008517748379593,-0.11340874539029133,-0.22506822448920744,-0.022328051058430762,-0.29671204820049146,0.07726688731324872,-0.33771692864443326,-0.09174321479720486,-0.5268618657345256,-0.11907205883766456,-0.723978675191357,-0.1321977136485824,-0.8508174523329691,-0.14075230765780342,-0.9624191098256081,0.006435269437671613,-0.5274484922127562,0.057728991583176605,-0.7458765935734814,0.09892791232662529,-0.877504301326763,0.13805706987533362,-1.0,0.08243088240477006,-0.4583963780746076,0.12931564449414154,-0.5333102514153528,0.07857801100883334,-0.39625241899568425,0.04366657668857113,-0.31524660139116284,0.14050309903784847,-0.3540766885711265,0.15150522406948766,-0.3657878917251124,0.10069059523313671,-0.2749859425913051,0.06384076039767649,-0.2267071541396866
4,0.0,0.0,-0.08381160522516742,-0.07813924111155832,-0.11397750080193814,-0.2233592773282473,-0.023487269337792445,-0.2963519990998015,0.0760909315832212,-0.33943727452168754,-0.09430464384553365,-0.5247949727251573,-0.12226527169027683,-0.722966285397728,-0.13585254398035468,-0.8500097862793878,-0.14507818735242922,-0.9614362441044998,0.0030878718425829494,-0.5252901018021565,0.053393324037776135,-0.7446102153249855,0.09365832197067933,-0.8771487940908169,0.1314283902301023,-1.0,0.07908963844245374,-0.45649270681132004,0.12150751843712174,-0.5357987467796977,0.06972910445454142,-0.3951611147630871,0.034079015682202084,-0.31261392267974475,0.13708286170491202,-0.3531998946719996,0.14683902181738911,-0.3747519757200868,0.09759997089464088,-0.28188301733110815,0.06210395762307427,-0.23143313177938415
4,0.0,0.0,-0.08386997995207432,-0.07816666575858583,-0.11653659699920436,-0.22134765428472614,-0.03210397349017106,-0.2961680504735658,0.06616160376607284,-0.3378900496716888,-0.0975902650268093,-0.5208487779972779,-0.12874370281343273,-0.7166984220037619,-0.14384510386886926,-0.8428631419033937,-0.15434438454387758,-0.9536049001575112,-0.000730796801949218,-0.5211235016103772,0.047649051181319034,-0.743585845955532,0.08696931818107975,-0.8779517355199387,0.123296517403336,-1.0,0.07550100694501893,-0.4535259970965073,0.11693208703320042,-0.5355060025559893,0.06959884804030239,-0.40458710455557834,0.03661851822100865,-0.32148731045332846,0.1337699052778375,-0.3517436976648643,0.1431540960036062,-0.37414276960291193,0.09506326765842757,-0.28446570431091633,0.059905043402681886,-0.22899412818265882
4,0.0,0.0,-0.08576654054228287,-0.0798700192646531,-0.1251408829577044,-0.22103928890219177,-0.0460869050128402,-0.29787899502169957,0.050170001135383495,-0.3380781469664511,-0.10324008757647835,-0.5165834492173451,-0.13834221953175468,-0.7123976952960499,-0.15481290259968944,-0.8372118628096044,-0.16632576100461363,-0.946188352200843,-0.006757300393827121,-0.5181114093686227,0.038891791974427915,-0.7432164572517651,0.07563636899873973,-0.8787479674318806,0.11004053154679735,-1.0,0.07029124853474998,-0.4512186391409984,0.10477233219378161,-0.5399830105976268,0.060421433031329956,-0.40839012036011635,0.03143004565497105,-0.32285952436548426,0.13036583909548347,-0.3476785393039726,0.13617238658657238,-0.37901821261742363,0.08965613822245376,-0.2922144327419292,0.057163445354351,-0.23577207298358704
4,0.0,0.0,-0.086601932440475,-0.07974791997028244,-0.12610522174335048,-0.2219586430577136,-0.04896897230754483,-0.29842425017075613,0.04470176587832575,-0.33874177674281125,-0.10539849095491638,-0.5179884125468831,-0.14168177842041565,-0.7110272530825981,-0.1585801475492996,-0.8361454842484931,-0.1702081427721214,-0.9452616663404658,-0.00876638160706511,-0.5180405381115767,0.03498743793862365,-0.7402841741992435,0.07005476180014938,-0.8784619563263659,0.10360934585412032,-1.0,0.06883440447041625,-0.4500205706251473,0.10149406647307645,-0.5469132079390631,0.056954768590452835,-0.41809296324848116,0.02853664966427941,-0.329335608750704,0.12935617937585128,-0.3462067168083976,0.134742787299736,-0.38735485726382723,0.0897921767715702,-0.30382483813114874,0.059192972435362305,-0.24416912648737601
4,0.0,0.0,-0.08668274196831105,-0.07765669557011302,-0.12659642508768948,-0.21672300321471036,-0.05246115747871238,-0.2942964075845387,0.038523829957365,-0.3392242609568299,-0.10765572617252987,-0.5159721875383866,-0.145458632295498,-0.7089511993057933,-0.16321285656170426,-0.8326376318341967,-0.17536957220469657,-0.9415168787417609,-0.011698264078400118,-0.5174782284251669,0.030554271941169414,-0.7409470189474482,0.06554887476138146,-0.8788599484464467,0.09882715891066109,-1.0,0.06597432981205535,-0.450287127165015,0.09596566122789127,-0.5451000101839241,0.052098295815047144,-0.4137277896590225,0.024602700724668438,-0.32447961872828135,0.12678550511138498,-0.34717312115974946,0.1308064802953568,-0.38522720074624117,0.08571494421614356,-0.30023538013208906,0.05548003853392889,-0.2409867397509453
4,0.0,0.0,-0.08600046969323487,-0.07770027906367517,-0.12736340776303676,-0.2157619647722038,-0.055585522439302995,-0.2919949044913562,0.03325460246132916,-0.33994650559684286,-0.10933365637299187,-0.5140234971172527,-0.14815115041694818,-0.7069767124165556,-0.16748782624644992,-0.8302552153929201,-0.18109978932108836,-0.9388984950329639,-0.013736819509827497,-0.5165428247527933,0.026979235661649708,-0.7406390319096083,0.05983486003724197,-0.8779376167829549,0.09153834980976219,-1.0,0.06402885097726528,-0.4502795156896224,0.0895631471214615,-0.5390111571228337,0.04519702506189082,-0.40617365350420687,0.018316730340435183,-0.3195285107610577,0.12514743204565468,-0.34802410422287966,0.12554520475953132,-0.38118589305097095,0.0786707038588172,-0.29435673020382636,0.04780484708150343,-0.236709318749941
4,0.0,0.0,-0.08577058317071866,-0.07796057054157449,-0.12830172574259588,-0.21781466715903564,-0.05716706436215008,-0.29407452096712433,0.03311689001263716,-0.3364869459771978,-0.10836448876210543,-0.5139304289040095,-0.1474089416264246,-0.7066018184925695,-0.16682562463971473,-0.8293643931869544,-0.1807602612547755,-0.9377829309993494,-0.013006135043079948,-0.516882538940863,0.02805551453593856,-0.7407976858390687,0.06076876483844293,-0.878142383732428,0.09238911228717749,-1.0,0.06483191096002534,-0.4508248816781634,0.09118971427037188,-0.5432627833768163,0.047569676188583196,-0.41119054779789443,0.021244632914278708,-0.32206832240764427,0.1264475277393351,-0.34816614928518,0.12809404514713665,-0.3828020229873266,0.08112627200607835,-0.2978922172773825,0.0499392186120284,-0.23875414083850063
4,0.0,0.0,-0.08429338926078088,-0.07864689511262077,-0.12721117710620786,-0.2188153864258012,-0.05552873935459914,-0.29594616757546766,0.036013999109825806,-0.3398929153636074,-0.1082200923356423,-0.5136620981186157,-0.14754338947387316,-0.7070151131562622,-0.1670900183515071,-0.829996533866054,-0.18086731164936382,-0.938320013561694,-0.012757458718635512,-0.5160000964681284,0.028514153664402523,-0.7401293525288865,0.061722655033532955,-0.8776237613635218,0.0938623858082347,-1.0,0.06494059914830275,-0.4497801414140533,0.09186483371206099,-0.5406683606750784,0.047336469349734116,-0.4092384578316201,0.020475410379378965,-0.3216068902711642,0.12648666335646613,-0.34756022627090866,0.12750589626336922,-0.3803161697780897,0.07968798878041573,-0.29472808196742434,0.048192448500986064,-0.23640587831849233
4,0.0,0.0,-0.08476399896197781,-0.07835645083161236,-0.12667717544763957,-0.21879979209503322,-0.054875731603042564,-0.2965640032795571,0.036316351539309684,-0.3409703564121637,-0.10833036854546313,-0.512751609813447,-0.14718006724905236,-0.7061853731132316,-0.1669753168199115,-0.8293537891090915,-0.18079557759669213,-0.9378932747491584,-0.013284319959472856,-0.515129984932049,0.02793794366320357,-0.738654571166955,0.06102121970012258,-0.8769524962595588,0.09339575157209724,-1.0,0.0643908348911096,-0.4488997210152562,0.09075171008947658,-0.5397939813445513,0.04414599608883414,-0.40639520646518934,0.016017718303596048,-0.31811102800410984,0.12621927162036597,-0.3468581922135212,0.12561681403619984,-0.3791296431320361,0.07697672879856945,-0.2930740768882735,0.045346703871310894,-0.2355930718579931
4,0.0,0.0,-0.08514113307029866,-0.07755688561318475,-0.12711680067714778,-0.2189843244257635,-0.054955235045443265,-0.2964375097626045,0.0346689561550222,-0.34152669049735757,-0.10789086963652902,-0.5141538853988709,-0.14668839930557886,-0.707182581720076,-0.16592565221211727,-0.8306318993872867,-0.17959495173027668,-0.9394835245309265,-0.01237510003068927,-0.5166321717132297,0.02850915974020626,-0.7399460578214706,0.06167821914463403,-0.8773750243845939,0.09384594467294687,-1.0,0.0652140478906913,-0.45064052204021626,0.09299450027838765,-0.5428221524229745,0.04686130323493763,-0.410857589262142,0.018371180260436982,-0.3238121784602603,0.12687042485151573,-0.3488219798897611,0.126873130076116,-0.37732152105361083,0.07779594731304569,-0.291576020768911,0.04498077136373478,-0.23561103559304084
4,0.0,0.0,-0.08574522265982527,-0.07840522788406008,-0.12631018791455334,-0.21867036857823768,-0.05325280800114971,-0.29632288959234876,0.036652152731121386,-0.3414759781692952,-0.10734343849992378,-0.5146610164861151,-0.14548135519117356,-0.7073596896698251,-0.16450204124619103,-0.8311266346599157,-0.17790790298602965,-0.9399337812447163,-0.01189834266639391,-0.5169527221787314,0.028896204198907302,-0.7401418383261235,0.06224017615025024,-0.8778825838437806,0.09446511319451131,-1.0,0.06582355410078121,-0.4502329977648877,0.0942968870187289,-0.5438120662981565,0.049020486048330536,-0.4098215213511148,0.020923606819335763,-0.32129044113905963,0.12765569655887743,-0.3474409896310819,0.12992404307452285,-0.3814749094618853,0.08210660476718695,-0.2947603310847536,0.04988868550141501,-0.23734938907481268
4,0.0,0.0,-0.0855782343116829,-0.07814951444670783,-0.12721091597984588,-0.21724559900335885,-0.054545056552075095,-0.2933417049475899,0.036019998291001824,-0.33952251072918493,-0.10687594631255529,-0.5137367004145275,-0.1448855920107247,-0.7056203447497156,-0.16407898704404666,-0.8290523866179619,-0.17777145633655256,-0.9383264027867716,-0.011241231719769283,-0.5167497385042008,0.030402294355154923,-0.7404138205537857,0.06347974320043144,-0.8774560447576782,0.0950999246815786,-1.0,0.06646486698381202,-0.45068069236717434,0.0940699068616076,-0.5430598758857647,0.0488397940727485,-0.4088801232165595,0.021068272468933034,-0.32036054439323586,0.12836484118818148,-0.34820837848907493,0.12949627429360488,-0.37907196177627767,0.08125232012568266,-0.2919806314878797,0.048868009612562484,-0.23461894110191825
4,0.0,0.0,-0.08524939457778348,-0.07856943468848065,-0.1266437103941771,-0.21911879614872218,-0.05393197232992706,-0.29450113199314265,0.034995809832384255,-0.3403335198643477,-0.1087925818313167,-0.5127265480441917,-0.1473377042060082,-0.7060892984334509,-0.16624081947484237,-0.8293294456131511,-0.17997460486212125,-0.9379523716107631,-0.013649811274207722,-0.5155619801778906,0.027888747157461206,-0.739999371198627,0.06143379369428742,-0.8776392707149623,0.09314818447666198,-1.0,0.06378356214772432,-0.4501456438579516,0.0919313634171598,-0.5423508271701256,0.04744688059775104,-0.41026396699937895,0.019778314368342403,-0.3231998878202279,0.12566203694077485,-0.3492213158843966,0.1261091287796261,-0.37811835508373354,0.07855567338047736,-0.29059191604517287,0.046948359637018884,-0.23382481292405796
4,0.0,0.0,-0.08689360128130692,-0.07742277107237161,-0.12770004014236275,-0.21806943761437153,-0.05440811722993733,-0.29382174093722363,0.03366804687476891,-0.33960489025924284,-0.10874735022554573,-0.5144979504934923,-0.14703074106852482,-0.7070260765931522,-0.16609071792963873,-0.8298461650607633,-0.17982214331339885,-0.9386852105298226,-0.013530688502935526,-0.5180415279686285,0.02722852404899524,-0.7406935218588877,0.06039212174922439,-0.8774337404104147,0.09241406604032816,-1.0,0.0639489346230962,-0.4532592645660451,0.0909130515018944,-0.5409055790163582,0.04720154288652716,-0.4077195663662248,0.020537227842726765,-0.3210149705895904,0.12529340347225673,-0.35247400936173845,0.12585279960518406,-0.3781875815963585,0.07914387424887231,-0.29002268015921984,0.04826649114388889,-0.2335250744879718
4,0.0,0.0,-0.0860935550938691,-0.07810862920656154,-0.12875594820441116,-0.21753712330514027,-0.055220663097639136,-0.2916050590127024,0.03548721696454908,-0.33589289232145897,-0.1084701162119762,-0.5117915400887291,-0.14792552980736423,-0.7044398844138128,-0.16739043545797655,-0.826955564001217,-0.18100967697258313,-0.9355220406337897,-0.012805967619978667,-0.5157407062916759,0.027527060840529697,-0.7395370279516206,0.06073344578067472,-0.8771469582504129,0.09292688836846653,-1.0,0.06502898590927712,-0.4507253135451789,0.09098165642958865,-0.5353504042984198,0.046209604455576966,-0.4033767027387253,0.018915641184202105,-0.31704380728983195,0.1266744825674484,-0.349946007453987,0.12589514123472337,-0.37204738254336833,0.07867289649707719,-0.28532008399366315,0.047599530522364604,-0.2298241341772036
4,0.0,0.0,-0.08601190401591347,-0.07766224898974278,-0.1270577489649281,-0.2208031024835208,-0.05331320756230358,-0.2964144077393649,0.03643262520497156,-0.3423537025720515,-0.10862141309181071,-0.5109339383764399,-0.14752397371351056,-0.7039738037456593,-0.16690858030598724,-0.8267775689559146,-0.18060647015799666,-0.9358426379932915,-0.01353225829899804,-0.5163014233585608,0.027277571713098477,-0.7397855111492995,0.06044097897070818,-0.8775320096511461,0.09272740124394109,-1.0,0.06389668280705378,-0.4530520270564957,0.0912440363366752,-0.540221346718876,0.04500796826130483,-0.40840820758486235,0.01648976408031125,-0.3211800345800985,0.12565449278094074,-0.35408105819713265,0.12480036735714906,-0.3754932476567697,0.07620715774951636,-0.2886897812249817,0.0440854646782191,-0.23318606629573355
4,0.0,0.0,-0.08594360177380903,-0.07880309864297304,-0.12665782480051074,-0.2191098179457884,-0.05394559239867284,-0.2937000097000788,0.03481394425487228,-0.3400237099648327,-0.10901312041091381,-0.5118916338527528,-0.14844604938685663,-0.7048396564926965,-0.16775523106370904,-0.8274794797142835,-0.1811810036709677,-0.9363526217625987,-0.013969519259677134,-0.5155222347696211,0.026759464756480826,-0.7391745212870539,0.06004117813983818,-0.8770399536806176,0.09223017664385709,-1.0,0.06348922477894163,-0.45066264792871186,0.09044419733454688,-0.5415560010852841,0.04619135343411909,-0.4076180964509159,0.01926369372975259,-0.3188724170527787,0.12528937062153406,-0.35015115454032975,0.12593222677458724,-0.37943836343002013,0.079103439591705,-0.29218274064780864,0.048115403223036944,-0.23498029156870356
4,0.0,0.0,-0.08569047469767506,-0.07834317592466701,-0.1281512738239738,-0.21816235107924992,-0.057097529662377695,-0.29274900199535514,0.031568315728847066,-0.33588850566950773,-0.11037392454162032,-0.5115323918890781,-0.15014788291782974,-0.703789343151067,-0.169502535933652,-0.8267006837465256,-0.18277048524859216,-0.9349909933772969,-0.014951828984971384,-0.5146553989366761,0.026115129988928783,-0.7391498098389415,0.059101740971765224,-0.8772287982068674,0.09142645399919912,-1.0,0.06311871784418316,-0.4491633285788456,0.08904676127402827,-0.5402017213774924,0.044262626858323544,-0.40728421870026266,0.01766272228353889,-0.3191419942702603,0.12522873822645364,-0.347913874164111,0.12415784630864331,-0.37743218816701163,0.07717305466459928,-0.2918714362098739,0.04699475483358102,-0.235906892282926
4,0.0,0.0,-0.0857833693588391,-0.07801371709970288,-0.12861713024771773,-0.21924119431092592,-0.05624021968895681,-0.29422321348586833,0.033528951737181865,-0.3372538850151759,-0.11125935142797268,-0.510685679046041,-0.15146108350558812,-0.7036056778220292,-0.17115839867992236,-0.8270768161717174,-0.18500878863709655,-0.936111773053278,-0.015653236430041344,-0.5139906119096456,0.02447801918179848,-0.7379651226187159,0.05768715496842196,-0.8764556125052675,0.09003595358413914,-1.0,0.06254811543762785,-0.448441146782162,0.08935720169915835,-0.5402791402415629,0.04480266564376647,-0.4087677361361121,0.01801888638210676,-0.3211692196909229,0.12495739526241871,-0.3477174724517931,0.12339622559708262,-0.3748921490779909,0.07642996270141435,-0.2900773017938882,0.046284788743769095,-0.2349520016450558
4,0.0,0.0,-0.08623821155194383,-0.07799237485335532,-0.1270782697397511,-0.21935717404534213,-0.05334204089184101,-0.2942854133563993,0.03478609294313215,-0.3385325803205658,-0.10991472675887529,-0.5106568802155171,-0.14992203668385806,-0.7035801790428875,-0.16935447178627872,-0.8271287705626204,-0.18303207543802363,-0.9360846101193192,-0.014754887506840486,-0.5147275129940955,0.025735460652217247,-0.7377663956112296,0.058668834506867884,-0.8764203890599481,0.09046791312450778,-1.0,0.06312175524671877,-0.449962482589282,0.08911291244957145,-0.5411665162199644,0.044471793819895813,-0.4068199488556624,0.01747514487250742,-0.31816664668251826,0.12530418010569228,-0.34917028078105594,0.12422780119316677,-0.3783099342835733,0.07734332993225751,-0.29213878903099,0.046838721386532896,-0.23633992961055042
4,0.0,0.0,-0.08587547054082546,-0.07754707617484326,-0.12842533536609246,-0.2193770132861067,-0.056162636261774444,-0.29384412197277787,0.033608610051071366,-0.3362070056281131,-0.11023032023186469,-0.5114512409946274,-0.1497685028512118,-0.7051582099696111,-0.1692919679838429,-0.8284779150334266,-0.18308278325186966,-0.9375645572070999,-0.014915212775935303,-0.5152673840771977,0.02514786274095918,-0.738538265164203,0.057787625140311195,-0.8767954761402186,0.0892525794263273,-1.0,0.06340559589854494,-0.4502270586054418,0.08799874114073777,-0.5407334763173587,0.043228600446947256,-0.4055222910274545,0.016348802025100466,-0.31563646602777085,0.12610433870624696,-0.34908751783199854,0.12419817513608353,-0.37679477320348953,0.07661558458929717,-0.2899836938762763,0.04566056069045257,-0.23307403671056942
4,0.0,0.0,-0.08593852657710559,-0.07772756353170138,-0.1278399868016795,-0.22100541574158314,-0.05603753502922263,-0.2969342470457382,0.03257914406766665,-0.34120655381608167,-0.11101603714212661,-0.5117123567972703,-0.15106774793733643,-0.7049369516590464,-0.17091694750349978,-0.8281196392472427,-0.18478350314176759,-0.9369184327154773,-0.015761007763134247,-0.5156119152529105,0.024015470740933145,-0.738481212890373,0.05649248017470535,-0.8770115085385657,0.08816193441192452,-1.0,0.06242510920337291,-0.45129465922062756,0.08744047700783009,-0.5434707152741994,0.04305300566992552,-0.40901312585402444,0.016805006140606815,-0.31941569367307515,0.1251057053368704,-0.3517578934085274,0.12113839122616386,-0.3788458225080477,0.07379021826842806,-0.2923436009544727,0.044070443028769994,-0.23611392451879704
4,0.0,0.0,-0.08661280754307858,-0.07952660504953478,-0.1294250594799858,-0.22105750698870089,-0.05658773090441619,-0.2964829777353886,0.0322235132736303,-0.34004134629323196,-0.11112464394617871,-0.513458103621258,-0.15043967479143208,-0.7056246512920178,-0.1699763975433709,-0.8290229136525954,-0.18389327764468633,-0.9375175466522203,-0.015242340232889673,-0.5161667877518338,0.02468673255725505,-0.7388972406371014,0.056844860342061376,-0.876877419708099,0.08837029326645293,-1.0,0.06337498532712525,-0.4503221965232069,0.087940173080002,-0.5403338460712271,0.04346480312675012,-0.40800775680489193,0.01724923348802049,-0.32066608157351184,0.12622036825167476,-0.34865959497199633,0.12348390531679795,-0.3791124852537922,0.0764977125358072,-0.2951597238626397,0.0466761131315372,-0.24054398721011702
4,0.0,0.0,-0.08595077955433793,-0.07881120107510735,-0.12887746265625705,-0.22144614919474714,-0.05647924047990777,-0.2986998368126352,0.033447083922851624,-0.34061048066637534,-0.1107648803268488,-0.5144499053595295,-0.14963740780673992,-0.7064269158088116,-0.16917568552770157,-0.8295973463163127,-0.18315670162595785,-0.9376833094975666,-0.015173779566489588,-0.5171076696061195,0.024490656444465714,-0.7398743997864907,0.05604118044377982,-0.8773940468541214,0.08719595020497559,-1.0,0.06349940259312539,-0.451317853111769,0.08790944798984701,-0.5419028677880303,0.04349796139560927,-0.40913517197531923,0.01751300015667147,-0.3211118083733376,0.12619229465398232,-0.3492028582517234,0.1235696352185067,-0.38169411117793695,0.076997652528279,-0.29766739531652814,0.04779785069543781,-0.2420203688915566
4,0.0,0.0,-0.08527752086005112,-0.0788093398547105,-0.1282561938101945,-0.22074467673160147,-0.05594771213091973,-0.2983138830056381,0.033303532487027936,-0.3408725493933663,-0.11052957850997401,-0.5141579835248103,-0.14945698187960982,-0.7065280841540058,-0.1686740558708658,-0.8294564002859403,-0.1826568867660609,-0.9375598238290818,-0.014919676368105423,-0.5166757245050745,0.024478298236936764,-0.7401496944159963,0.05715416923966071,-0.8775856747683232,0.08883783344766179,-1.0,0.06335723546744067,-0.45050025799475196,0.09014621934385542,-0.5436775596729345,0.04775503594413763,-0.4124172646780327,0.02200282772441034,-0.3241905043041679,0.12532604096148225,-0.34761004224398623,0.12748882992897012,-0.3846135897155452,0.0825637168592163,-0.30063526117478023,0.05318354331746126,-0.24261289849846404
4,0.0,0.0,-0.08612733683208788,-0.07949179539110807,-0.1296927673317236,-0.22035922870031188,-0.05759160290918161,-0.29862972020198497,0.0319194576496076,-0.34348904783180617,-0.11034172594074525,-0.5131597216553475,-0.14967717725926366,-0.7050040857413046,-0.1690206298107688,-0.8278265568741331,-0.18314395933620223,-0.9361009731039047,-0.014745414655936248,-0.516674352862962,0.02497746688832069,-0.7406856107066143,0.05728784962395054,-0.8779853408584665,0.0883867140789398,-1.0,0.06359617228922286,-0.45116219831305093,0.0885811281638658,-0.5426531471491451,0.04566983565619222,-0.4101856604584468,0.019793490702897782,-0.3220819302093376,0.1258636985517249,-0.3486079197628008,0.12739494662175072,-0.38506021120039813,0.08238663809069192,-0.3007294322604462,0.053117582627109444,-0.24328571186784156
4,0.0,0.0,-0.08618135654950831,-0.07864945570852816,-0.12949375822157652,-0.21934369274872564,-0.05954737051938131,-0.298290611527918,0.029155877343695746,-0.3442376147398597,-0.11088458043168616,-0.5135957210082169,-0.15063441968472113,-0.705234280895267,-0.16988208891617826,-0.8278186424512876,-0.18395757778929084,-0.9360982977058773,-0.015826194436131622,-0.5173855024473007,0.023725102955495948,-0.7414785123649014,0.056339325727058395,-0.8785561300424212,0.08730286326940592,-1.0,0.0618445408232343,-0.45217204496618446,0.0881549845548021,-0.5449990082898971,0.04602873811009531,-0.4125535011363449,0.02001695649415241,-0.3240240148721543,0.12344357719076755,-0.3499462677976991,0.1272476472489662,-0.3849964503273143,0.08257582835271707,-0.2990044429611814,0.052709716710639974,-0.2403402689757608
4,0.0,0.0,-0.08630428991472949,-0.07859550811696668,-0.12881769324308318,-0.2189810221765296,-0.05902612393286916,-0.29712031483265017,0.027512971003229195,-0.3450268366445773,-0.11054228564545641,-0.5130412748043417,-0.14985328434648185,-0.7049630424493293,-0.1692222496000368,-0.8284274011162485,-0.1834648884526209,-0.9372781210000555,-0.015057309318380716,-0.5158047569758033,0.024795170353591973,-0.7407869516780462,0.057325111992199154,-0.8784045353654447,0.08808426991282027,-1.0,0.06295323541627412,-0.45059713345951563,0.08973310295985273,-0.5455131399348964,0.04738713190514437,-0.4138743878101308,0.021124055319623213,-0.325494937297863,0.12453832424784175,-0.3493102040224729,0.12651732374254615,-0.3836638079896682,0.08251382315853237,-0.2966086218124769,0.05367558822456316,-0.23753051890510288
4,0.0,0.0,-0.08648556692866172,-0.07735989782087907,-0.12997701550865817,-0.2167385987119608,-0.059286191857559976,-0.29551133918437744,0.029496672050236365,-0.34254030451257556,-0.11082409092086293,-0.5129050632756038,-0.14954040785587402,-0.7034970560685234,-0.16886926151019174,-0.8262965463751675,-0.18254834755668742,-0.9346212122464463,-0.014865104434589679,-0.5160100710373718,0.02511317293431499,-0.7400548355671867,0.05699220106247731,-0.8781889084437987,0.08768350761682188,-1.0,0.0636699915356679,-0.4503104832433826,0.08883987053584377,-0.5434242478844554,0.045159268153117,-0.411112765872927,0.0187515738813664,-0.3218232543060167,0.12576764208614002,-0.3482800404015691,0.12484651917178487,-0.38012730912535353,0.0792058505832234,-0.29401363780883955,0.049795439880524525,-0.23544819407460685
4,0.0,0.0,-0.08585275345405714,-0.07935878631406042,-0.12674341461075164,-0.22013144800629864,-0.053618816768113566,-0.2961453841327189,0.03399933256865151,-0.3434519789139653,-0.10811198858572496,-0.5129105002537838,-0.14671210128970116,-0.7035335893818466,-0.16633728063689737,-0.8269148185745745,-0.18016120265533767,-0.935951968922478,-0.012443198394967488,-0.5161299572764005,0.027077729774232354,-0.7386662563495902,0.05843861030402098,-0.8765051176397709,0.08946217822415302,-1.0,0.06583211104139274,-0.45029325015087146,0.0924596244000112,-0.5437918893103076,0.046476601935151254,-0.4103118143341873,0.018552793020346663,-0.32253759796653253,0.1281606071626974,-0.34813388992578326,0.12729684308968758,-0.38145809770075895,0.07944801029522847,-0.2958078716933173,0.04815806932493515,-0.23977910819981377
4,0.0,0.0,-0.08586420285586688,-0.07823286482616945,-0.12818666138864968,-0.22001577517723125,-0.05690848536195969,-0.29973295755235985,0.030931880501610522,-0.3457740431627569,-0.10793558071816123,-0.5152251315566859,-0.14678049527909684,-0.7064476409354523,-0.16599090719542764,-0.8294178865802776,-0.18016651398568898,-0.9373637951549979,-0.012066528759014235,-0.51772127969028,0.028149146821756812,-0.7416575491317839,0.05944804042891838,-0.8788503010121149,0.08970416977479435,-1.0,0.06610247299277983,-0.45159116596062215,0.09222935565001858,-0.5457304266786795,0.047289209570220966,-0.41269027142355436,0.019934559308115433,-0.3234973056019242,0.12826708894794117,-0.34891620620807956,0.12831628347242097,-0.3834565499840068,0.08040261277807317,-0.2984458172455347,0.04870687003530081,-0.24086846596554656
4,0.0,0.0,-0.08938891304184668,-0.07757315512832776,-0.13920646628325167,-0.21956987989658402,-0.07219543233567766,-0.29912916875895756,0.011091723262411283,-0.34721234318396227,-0.12024929076186891,-0.5090290002221871,-0.16492364920113148,-0.6995272820376895,-0.18713822508551886,-0.8194784764404897,-0.20372876334186468,-0.9255074425614204,-0.024190232422980903,-0.5143063837199292,0.010261909234141693,-0.7406395955077211,0.03679460077880822,-0.8789836072691789,0.06261313041423557,-1.0,0.054869878521452135,-0.45250382556154617,0.07211937192638501,-0.5535797479035661,0.03315709985386831,-0.4352254191268557,0.012413562507879934,-0.3532518419085904,0.11836218667329954,-0.35544056833546733,0.10404499834556016,-0.3756486605484882,0.05835324378252747,-0.2920074966348306,0.03264956032801883,-0.2358672581647953
4,0.0,0.0,-0.09000950773872446,-0.07997083107565785,-0.13170326106745056,-0.22351693270429465,-0.0590430524539649,-0.3101161968180808,0.021959102703828837,-0.368253850845232,-0.11488228689834006,-0.5133172912959393,-0.15608962348982805,-0.701891010390575,-0.17779245291267398,-0.8219970512492795,-0.1943017786722441,-0.9283894565956226,-0.018324343584884318,-0.5161163985202278,0.01614561869922617,-0.7436448623161748,0.041674557957483864,-0.880962769471983,0.06682431325921273,-1.0,0.060509639116468214,-0.45071143724035684,0.0756619224787395,-0.5621587576795932,0.03154523090247741,-0.43889030453355976,0.007359264135895992,-0.3540643510248494,0.12345055792452009,-0.3504756205971559,0.11012625680060095,-0.39075956938249845,0.0597809185045439,-0.3053249919562852,0.029271132156563278,-0.24632314422592932
4,0.0,0.0,-0.08829858915238714,-0.07826722439440668,-0.12962995507357325,-0.22042898319762014,-0.06078791925821922,-0.3070735039727502,0.018230000806187127,-0.3658983752031141,-0.11302884503295825,-0.5134087651222401,-0.1549096871515576,-0.7017031596845205,-0.1760939282024147,-0.8221190656306314,-0.19162881674339377,-0.9282986435360284,-0.01539812375430619,-0.5159953115258624,0.0202154065532187,-0.7431901232459198,0.04564852064158799,-0.881532941908754,0.06985165804392214,-1.0,0.06411700378565534,-0.45106144530669934,0.079688450218801,-0.5642558583140981,0.03636513237154521,-0.4460014503311435,0.01214719053354028,-0.3620417693556541,0.12699214705256023,-0.3518594396380104,0.11181387420348737,-0.3898981782134803,0.060464336592843726,-0.30687842783741487,0.028791807487146954,-0.24813060009880702
4,0.0,0.0,-0.0887659122992843,-0.07898044462415364,-0.1306663974385733,-0.22317605729724369,-0.061275139110273324,-0.30901144529915414,0.018753683737725176,-0.3652938467701063,-0.11338547865238582,-0.5121257127347993,-0.15553129033858035,-0.7029368941266397,-0.17621787736643563,-0.8241361642902336,-0.191052479588222,-0.9305119605503633,-0.016373331413152916,-0.5152738686692269,0.01972099140727656,-0.7431710520717177,0.04588845144918651,-0.8817584958541979,0.07098839860226308,-1.0,0.06251848949947493,-0.45104544508111966,0.07861658386308241,-0.5666716937124247,0.0359610851268515,-0.4450866082774043,0.012855675026920711,-0.3578063516513342,0.12561988131975813,-0.3523623380445732,0.11035746827233361,-0.38830871969201247,0.060004496646272304,-0.30309238845686226,0.03020799632614432,-0.24267891352365106
4,0.0,0.0,-0.08909977634492693,-0.08085859889082385,-0.13056738602647594,-0.22059121507985385,-0.06597877646236387,-0.3044321171248668,0.010844876380067169,-0.3634934683200565,-0.11357218438843482,-0.510510809372771,-0.15673528695873967,-0.7013604468196059,-0.17769296388114653,-0.8228335089672729,-0.1922652397664443,-0.9294763578515487,-0.0166309300678828,-0.5132159471815307,0.018827056646853448,-0.7420655994656946,0.044938939091603194,-0.8810671491591145,0.07027958322447159,-1.0,0.06244385849891549,-0.44871030553946634,0.07791253111864832,-0.5659672951957788,0.03493857926113836,-0.44530660205127587,0.01135661283357306,-0.3586541775383327,0.12554843234786048,-0.34942061491443277,0.11123676859726729,-0.3891007806403337,0.060287903736216106,-0.30659957838770413,0.0290716772697215,-0.2477156695367478
4,0.0,0.0,-0.08874662467821501,-0.07965157721790155,-0.13119145504395388,-0.2234703823868435,-0.06287311438534968,-0.3079176619110939,0.016584612656382336,-0.36411346851387255,-0.11266451397304798,-0.5111759661631244,-0.15496373012853173,-0.7018163862208475,-0.17597759273225982,-0.8225549362587893,-0.19119780225257932,-0.9285567441508479,-0.015954926863349574,-0.5136677213626771,0.019744420878640777,-0.742311536970577,0.045318445236997955,-0.8812845912422317,0.07026419362178542,-1.0,0.06298146908122418,-0.44921500497036887,0.07833883389502051,-0.5642962516072572,0.03574758370790474,-0.44507003504760834,0.013157643645875707,-0.3597484660534858,0.12605941009427715,-0.35068866407974864,0.10922787762908043,-0.38659837702590427,0.058628651489053836,-0.30287111244171216,0.029180846051793042,-0.2438684559893889
4,0.0,0.0,-0.08919599253781794,-0.08150202570235615,-0.13139752135156277,-0.22273712065363307,-0.06370087450464053,-0.30769418815772953,0.0169093230596878,-0.36552308109569814,-0.11382292367520515,-0.5101683497889793,-0.15679646479929693,-0.7005979524068595,-0.17827991552732647,-0.821603336976432,-0.19353958288398207,-0.9278932051649375,-0.01700227841214552,-0.5134917048414045,0.0178345507399407,-0.7404770058235924,0.04315643379808327,-0.8801630964031509,0.068254177759607,-1.0,0.062013191611966535,-0.4496931467358587,0.07777898275456889,-0.563294949345369,0.03425505339097906,-0.44274905998396824,0.010615923775001368,-0.3557301743536585,0.12539335003042176,-0.351619012629051,0.10947514832615982,-0.38805298374609265,0.05925541555468994,-0.3064831529489784,0.029488978955873973,-0.2478464337336986
4,0.0,0.0,-0.08968505312509685,-0.0804695182253879,-0.1319654615425176,-0.22289839193791386,-0.06320260390859996,-0.3072224330920026,0.01740728918914241,-0.36420758736750924,-0.113783343308838,-0.5109150268131101,-0.15686414006655078,-0.7017440496148194,-0.17840358248749508,-0.822612751713781,-0.19395641395432897,-0.9286607351658477,-0.016926693927232082,-0.5136503745946235,0.017877117346148132,-0.7410182219665845,0.042985200966503635,-0.880179883103454,0.06760685295032762,-1.0,0.062119553907774815,-0.449024097787048,0.07729483231290696,-0.5620935921034254,0.033804483060224544,-0.4396181763221099,0.010244950630308334,-0.352461380306623,0.12536733940611466,-0.3497290513395687,0.11063844303235484,-0.3868266584662249,0.060617894968602315,-0.30340302903817756,0.031008155226634478,-0.24445645038135677
4,0.0,0.0,-0.08913289745259871,-0.07965070216272188,-0.1322761008382687,-0.22129675734912665,-0.06391019355623244,-0.3063281795279267,0.016897949277462777,-0.36432866100633415,-0.11465517896566499,-0.5087921148272146,-0.15755084829237487,-0.6989725625256286,-0.1793814597996484,-0.8197761291501654,-0.19510576141813762,-0.9263246935155388,-0.01824574655904757,-0.5127968514956206,0.01624846178319248,-0.741261124121721,0.041833356628781404,-0.8804292717732202,0.06677037461244788,-1.0,0.060592693577749476,-0.4485660414376444,0.07616197183275818,-0.5631895110789611,0.03364631107561904,-0.43943597064481615,0.010523368438239774,-0.3507482117073543,0.12385199033640724,-0.34947551015898803,0.1101866808456001,-0.38775842910597874,0.06121510231567156,-0.30304591213205295,0.03207785716237887,-0.24227554567343132
4,0.0,0.0,-0.09034545700814624,-0.07881080649634613,-0.13555779197115603,-0.22126113012041976,-0.06761951274179089,-0.30676734299314373,0.01330263043324024,-0.36323526921910976,-0.11614740213878909,-0.5096413005269573,-0.15973607384498295,-0.7003068946278727,-0.18116508294580144,-0.8210532818738269,-0.1963840411568553,-0.9276624812146465,-0.01901583693990622,-0.5129161399242781,0.01581728784644062,-0.7417978349275353,0.04137715991253926,-0.8802264904928374,0.06609431134345109,-1.0,0.06049236572906522,-0.44892752159106303,0.07462975519378745,-0.5628791335840198,0.0315304701659561,-0.4362832855502738,0.008252655749124425,-0.3464299362749208,0.12430048745170633,-0.3499459417186422,0.10914723766616573,-0.3884054258228469,0.06042121519469044,-0.3017488116046723,0.03196180768312898,-0.239773471210841
4,0.0,0.0,-0.09033622823233345,-0.07709220495967455,-0.1355933175778064,-0.21888470053318204,-0.06684978721684627,-0.3040714370440617,0.014405029234250894,-0.36032522056722815,-0.11573714643858277,-0.5083963075481139,-0.15878797217953933,-0.6994446445995685,-0.1803537963108394,-0.8204254415005733,-0.19616572119581702,-0.9269560673230469,-0.018692045005563217,-0.511483264881623,0.016275723365343112,-0.7410761946522364,0.04217788211677908,-0.8799094586456169,0.0668389169399627,-1.0,0.060507584559556765,-0.44723237969635593,0.07650420350084312,-0.56231972513901,0.035496385909725675,-0.4395106583819724,0.012819377919216631,-0.35209883658345387,0.12369831579654042,-0.3482531741837567,0.11175077434367055,-0.38833037529278663,0.06336254200217113,-0.30537828588717486,0.033654477882232525,-0.2457515963580345
4,0.0,0.0,-0.08842385490100976,-0.07760801477067178,-0.1332220977087437,-0.22117534810521464,-0.06400503483319998,-0.30777443882756284,0.018108950032868738,-0.36456246279462673,-0.1157374621545885,-0.5091044685555758,-0.15871648442207367,-0.6996147272096489,-0.18038374476201766,-0.8203774471887807,-0.19649285243580417,-0.926867616503593,-0.018629144902846225,-0.5130089034864648,0.016267857319245637,-0.7421761623145073,0.04227629050358613,-0.8807557833755758,0.06677161278149336,-1.0,0.060829739543740415,-0.44971305119640786,0.07560101607836568,-0.5596426953694089,0.033974641583617925,-0.43720327675395176,0.011663109666674125,-0.3514042842447176,0.12407670702233844,-0.3525354888612177,0.1076075652319932,-0.3854055352927172,0.05896949607923654,-0.29865273459619435,0.031348670464159775,-0.23865947969224138
4,0.0,0.0,-0.08942621671789874,-0.07807825631609631,-0.13390478396849298,-0.22070343488602234,-0.06547369972903574,-0.30738610006103106,0.015943051504270084,-0.36500239554393055,-0.11689286993519057,-0.5086143094663865,-0.16020654128349257,-0.7000808725957081,-0.18194777144883476,-0.8209863856822202,-0.19805225575894153,-0.9271151035555676,-0.020308791129781244,-0.5124653182727879,0.014623373585894724,-0.7426009838029589,0.04046038177447807,-0.8807538085722332,0.06507505542198833,-1.0,0.058804569918870946,-0.4491497998187861,0.0742465952617053,-0.5595309419679798,0.032259151851990506,-0.4346443265967047,0.00959729115348728,-0.3480730117652975,0.1220022887786011,-0.351513989306437,0.10711399206752245,-0.38650611189943684,0.058915416414763805,-0.29868475090298324,0.03128471038355054,-0.23808527390698175
4,0.0,0.0,-0.0891742672082203,-0.08015098297125366,-0.1331884492646787,-0.22483389624718744,-0.06298592474460092,-0.3093544879732371,0.019485873351609964,-0.36382885009788757,-0.11342352803246752,-0.5091384165819486,-0.15717331724090303,-0.6988511257474067,-0.17962914335914226,-0.8195073640534937,-0.19624072316362404,-0.9257871659656342,-0.016789849241873083,-0.512362322995312,0.018303031544054233,-0.7414956645194033,0.04276529222536469,-0.880445599314546,0.06667909333127761,-1.0,0.06249016306032413,-0.4484009351918324,0.0758255400680636,-0.5596845273370561,0.03210265187833352,-0.43529773003583055,0.009262181343380664,-0.3477882143023482,0.12540552281929102,-0.3500698824224729,0.10962345800951734,-0.387514795560288,0.05972789017317832,-0.3026184929647813,0.030984352440283754,-0.24220583133783985
4,0.0,0.0,-0.08864217978387087,-0.07914763757659349,-0.13335759320727553,-0.2212255088551306,-0.06610654721394407,-0.3069864765786859,0.014719769036344399,-0.36493026015445956,-0.11590838719261712,-0.5105111284879666,-0.15867144401116295,-0.7008246094092404,-0.18030809335847228,-0.8217835161297736,-0.19631287130644803,-0.927861373930603,-0.01934483555109517,-0.5131314362655042,0.015892933089668448,-0.7422387890742258,0.041259688925453036,-0.8810705443842289,0.06561933813692919,-1.0,0.059691158327008116,-0.44862260089887257,0.07462647010737458,-0.562237967336373,0.032892949232743766,-0.438997204230572,0.01084915241562515,-0.35135971715320435,0.12291538710164258,-0.35005529631922294,0.1077636273580771,-0.3885812233302943,0.059191276181515956,-0.3021059370962188,0.031548195855433885,-0.24001433867176286
4,0.0,0.0,0.03543766387665968,-0.22611889323116904,-0.008171166369560227,-0.38928777048619756,-0.08572589284695926,-0.4624424601349974,-0.15361140395039072,-0.47895846693848054,0.0031946771103258434,-0.5019597013357089,-0.022618512299809924,-0.7469859257337302,-0.0317800395934991,-0.892317617024334,-0.038657135824854555,-1.0,-0.085551006590523,-0.48285919083203704,-0.1753245189705029,-0.7298547865525362,-0.23175723936258752,-0.877761669704218,-0.2790516845089402,-0.9789070314248122,-0.16943557967768805,-0.42431516244558426,-0.25279538379626487,-0.5282723138801668,-0.2171123061243415,-0.4753220009169682,-0.18568281043867083,-0.41981517487055303,-0.23832445522021975,-0.3383715158224952,-0.26845999096696505,-0.38063668625477226,-0.23778183396836586,-0.3400532670256922,-0.20548429855872016,-0.2997120658127729
4,0.0,0.0,0.03806590096969327,-0.22409996414652994,-0.008356842164522203,-0.38516325064155127,-0.08884575130844131,-0.45303331040342376,-0.15670418650845602,-0.4678856256037507,-0.008348096065600613,-0.5017860585743958,-0.03638687139697397,-0.7489547996625777,-0.048832459452282755,-0.8932906184194946,-0.056837797008247405,-1.0,-0.10273577420716752,-0.47714641584035866,-0.1904291439501047,-0.7238153007686547,-0.2422796717910134,-0.8700887125670426,-0.2849177897146652,-0.9706670788035138,-0.18796041914184494,-0.414082392790956,-0.25454734869484125,-0.5277533369827077,-0.2158037911238942,-0.4747916117383054,-0.1862376590745177,-0.4145277795752795,-0.2526415848108382,-0.3262414464674811,-0.26660168721105004,-0.3802617818117345,-0.232663944932347,-0.3396972643032899,-0.20319401997110798,-0.2945093817687125
4,0.0,0.0,0.032952528302403465,-0.22511371860434531,-0.015808927253432234,-0.3846867164948594,-0.09665977010995253,-0.452815969689213,-0.16470709503795777,-0.4670514512295557,-0.010086193322768371,-0.5021748559590319,-0.04102324174677075,-0.7490951852282891,-0.05563697362549888,-0.893721283711297,-0.06555675015724717,-1.0,-0.10275040203012901,-0.4767865552152824,-0.19397507766627112,-0.7206511605177889,-0.24923680647402505,-0.865471393371057,-0.2941001017591368,-0.9641777560638187,-0.1881450355171836,-0.41309857100294833,-0.2583475413755834,-0.5202928022734203,-0.22152746458675734,-0.46702339970357776,-0.19184561063468972,-0.4075010670989718,-0.2554772691639092,-0.3242161977859665,-0.2723837680290191,-0.3745411919683361,-0.2397565038492649,-0.33404057686627386,-0.20924123015514554,-0.28911026960243696
4,0.0,0.0,0.0329067775837998,-0.22727301282102244,-0.011383208424990757,-0.3810378890090758,-0.0901460401630601,-0.4553961610371696,-0.15524933311459155,-0.47524614427295775,-0.010292686850914928,-0.49986093292630757,-0.043188012179195774,-0.7467025148208031,-0.058495563890993876,-0.8936403456957838,-0.06796602327042728,-1.0,-0.10370717850169252,-0.47522057127519696,-0.19737951268206655,-0.7232242791374984,-0.25328397596516244,-0.8679142991027825,-0.29747166998291,-0.9628370972801839,-0.1905379574724383,-0.412520139430655,-0.2606245381919657,-0.5182643739844115,-0.22372848414443564,-0.4679116973282277,-0.19444851357784418,-0.41023925040428966,-0.2582305720407191,-0.3226865345880632,-0.2731753207451549,-0.37228213932358195,-0.23983524762973057,-0.3320037783548257,-0.20812028292852852,-0.28661971278966214
4,0.0,0.0,0.03292699173846474,-0.226467459384498,-0.01147646042126315,-0.38211966934351727,-0.09148028206573627,-0.458747963655363,-0.15728117483203274,-0.47771597777682706,-0.01037241748052103,-0.5031517483247608,-0.044890467989626585,-0.7484136517830166,-0.06058392688156693,-0.8942358783697362,-0.06926752774848614,-1.0,-0.1024762660139428,-0.47852885308326243,-0.19758500443457064,-0.7249026688777821,-0.25261291640463057,-0.8683690644530094,-0.2952151636823185,-0.9630759649375203,-0.18791085726091392,-0.417039945716688,-0.25803060729344446,-0.5142471526642781,-0.22148059019136374,-0.4654541295151765,-0.19101394833730756,-0.41049183278665047,-0.25601770458821227,-0.32681023251957875,-0.27459590653995536,-0.3732487546958678,-0.24270800752003868,-0.331883000044113,-0.21001355087741544,-0.28649321336680006
4,0.0,0.0,0.03367564541378415,-0.22729806402168057,-0.010348327691506027,-0.38284061251804546,-0.08933974284785562,-0.45843895723747785,-0.15477183409317571,-0.47745009710071173,-0.008679646284284968,-0.5025542997036864,-0.04331306410197485,-0.7489763585931777,-0.05846974594333881,-0.894154742042144,-0.0671977903012254,-1.0,-0.10096868135184568,-0.4773750080986479,-0.19498963649945705,-0.7247717842553425,-0.24955807685769138,-0.8683652138569111,-0.29181956267855097,-0.9629901481678782,-0.1865054652721672,-0.4154104117878658,-0.2548006846610778,-0.5159622273524427,-0.21842737271002077,-0.46749615279615164,-0.18904774852050854,-0.4116932846842247,-0.2539101379566599,-0.32559311174694344,-0.2712076316120269,-0.3769660609893253,-0.24019111147781913,-0.33582526191165746,-0.20956819947537375,-0.28878000860533254
4,0.0,0.0,0.03572236088651799,-0.22608721395112427,-0.006785896011481217,-0.3844577669042519,-0.08652039425329473,-0.4619424423733974,-0.15193110521677036,-0.4816173587754176,-0.007952242523477291,-0.5040583587056987,-0.041787626877188656,-0.7496073155172565,-0.05701154136081207,-0.894450427989631,-0.0653478704408912,-1.0,-0.10112933003253675,-0.478446058427269,-0.19377023711071822,-0.7245820403657363,-0.24746685836511081,-0.8686449838983542,-0.28944729889478266,-0.9636376782749033,-0.1862688835907933,-0.4166762459027787,-0.25138938359445256,-0.5207042738763858,-0.2149896436947872,-0.4746653921009243,-0.18667773217468323,-0.4182213964055551,-0.2522958939001057,-0.32785661487569434,-0.2670124619579599,-0.38081488750308357,-0.23574110298983872,-0.3418799562229368,-0.20591419561352242,-0.29473569754933515
4,0.0,0.0,0.03640709620135729,-0.22682057600101818,-0.006538899080158886,-0.3844503146599262,-0.08433612517528352,-0.46095721441624243,-0.14970412344444373,-0.47866820736467497,-0.006471635049549796,-0.503664268517131,-0.04057372920853152,-0.7501894685960233,-0.056992087738673966,-0.8945770408629535,-0.06615988934847147,-1.0,-0.10199029540504789,-0.4800831699954943,-0.19359434305106235,-0.7273600346255885,-0.2473533609786301,-0.8706287378866356,-0.2889348416522838,-0.9649966008034205,-0.18825597502701963,-0.42000913669749107,-0.25296144457638964,-0.5239230514877029,-0.21624154865099074,-0.4763578198035088,-0.18696960539589416,-0.41878464557818407,-0.25487121548466346,-0.3327920886948783,-0.2674899256452195,-0.38179800160983046,-0.2354732362522131,-0.34116140471255973,-0.20430328230334463,-0.29372751374172823
4,0.0,0.0,0.03426394961488135,-0.2299473632660967,-0.010212054615426095,-0.3856332420288308,-0.08902651205428527,-0.46149969021031584,-0.1547032456934832,-0.48077367084818545,-0.01030218525533163,-0.5039800546066221,-0.04393081840601928,-0.749765209132798,-0.05976783931874882,-0.8938452548254008,-0.06982098228091047,-1.0,-0.10497941521832194,-0.48002104148760677,-0.1963715539336687,-0.7274354806582288,-0.25008743442418185,-0.8701009485176866,-0.29241736098806953,-0.9639101070672766,-0.19073162088785833,-0.41860047695505903,-0.2572929333836627,-0.5235880358453626,-0.21998237005065585,-0.4752611752639265,-0.19055246010426102,-0.4177280035568038,-0.2569763206229689,-0.32991115694066453,-0.2711838367920095,-0.38083056650243596,-0.23893423544676295,-0.34049572952444257,-0.20782287733539054,-0.2936428735716935
4,0.0,0.0,0.031546201006933026,-0.2296231532208399,-0.013970438164704582,-0.3847425761193418,-0.09234965299223455,-0.4539441552341712,-0.15812137205988122,-0.4684261702766704,-0.012081101868859852,-0.5022734645786487,-0.045927616328036644,-0.7487319756047347,-0.06199248944538471,-0.8937209062931977,-0.07159346839319407,-1.0,-0.10739983921869554,-0.477050229006409,-0.19987192753076813,-0.7227164197461545,-0.2547736406003096,-0.8667640801731875,-0.2977850904751337,-0.9624517388711976,-0.1934462456585037,-0.41502966522016965,-0.2587715604253396,-0.517742426389524,-0.2215175785479951,-0.4683243450880153,-0.19180255984513658,-0.41047304373091054,-0.25984852333423347,-0.32749219934386253,-0.2714250669105124,-0.3712556404915773,-0.23823629415135725,-0.3322062376729134,-0.20607501998625694,-0.28711873485433875
4,0.0,0.0,0.030978821638902084,-0.22780579881249602,-0.013773553793609178,-0.38370513400866835,-0.09298427967073063,-0.4560658377882235,-0.15859751729709898,-0.4741051826277827,-0.012717160536472602,-0.50289938390466,-0.04561203555451485,-0.7486334811419951,-0.06118311129263836,-0.8938277855557437,-0.07118209243619747,-1.0,-0.10671828574722618,-0.47721358850622686,-0.1996126334623736,-0.7235928497727458,-0.25412770918619737,-0.8674745945018395,-0.29766594735997765,-0.9640714575858554,-0.1920662810801487,-0.414394832789124,-0.25859380830216067,-0.5176157150562404,-0.22204088116782397,-0.468387856303705,-0.19336118952383208,-0.41163487134479665,-0.2584861133888908,-0.32463190459571284,-0.27282897556219204,-0.37516908324816794,-0.24028031064396643,-0.33541145042704834,-0.2089760582142396,-0.2897113821011054
4,0.0,0.0,0.03392340973759414,-0.2267376895595937,-0.00936620822927344,-0.38153323463641836,-0.08795273504136548,-0.45999556324081253,-0.15207504987195664,-0.4806293211897057,-0.0103465978312886,-0.5033339733607043,-0.04578467124651254,-0.7490226460461418,-0.06233419331351226,-0.8947522764173053,-0.07161568062253465,-1.0,-0.10423811413449346,-0.47973842083198714,-0.19919584987253328,-0.7273446251312744,-0.2539146970115416,-0.8706232260517717,-0.2957474256456103,-0.9643507341860612,-0.1896108531934492,-0.41894384172890115,-0.25714839695321834,-0.5160590777606642,-0.22035223831506945,-0.4677325571241062,-0.19029605026966814,-0.4132601103578699,-0.25660159216557704,-0.32891189562116485,-0.27178914781566127,-0.3744944121063977,-0.2399276501083657,-0.3334674193447691,-0.20743739897459965,-0.2887060526166816
4,0.0,0.0,0.03136537008888391,-0.2300449490734642,-0.01119771469137836,-0.38253249771546305,-0.08862276991524744,-0.45939919383782063,-0.1533300280339792,-0.4796551163830099,-0.01148294526043444,-0.5016401867999312,-0.04641797203508014,-0.7487357951651475,-0.06287674181198687,-0.8944579722637975,-0.0721444592352057,-1.0,-0.10603782263932428,-0.47559671506315515,-0.20156374967059423,-0.7252405238138936,-0.25624963326110417,-0.8688859248151539,-0.29759363215260204,-0.9624135169312211,-0.19226283491761761,-0.4137153380046084,-0.2577724913713312,-0.5168386793524877,-0.2211741562451755,-0.4705106398829722,-0.1919606170861771,-0.41518712329982344,-0.25904542577157563,-0.32422155453768914,-0.27294711293426255,-0.37481461817214057,-0.24073659878478898,-0.33584528312298273,-0.20868707503046188,-0.2896068431354556
4,0.0,0.0,0.035086857854879853,-0.22842421401152813,-0.00784745605416259,-0.3822366908765362,-0.08572187771763956,-0.4564286648374122,-0.15023892263603042,-0.4749417801265959,-0.007169933777068671,-0.49898953425715753,-0.04178993034881708,-0.7473604049412028,-0.05773269201980637,-0.8941182993979293,-0.06671818508205062,-1.0,-0.10226455558073763,-0.47400360383953044,-0.19640017995258902,-0.7245718290245533,-0.25134918512775695,-0.8697507681137417,-0.2936452808457883,-0.9649991546281201,-0.18807929337711118,-0.4129101341020901,-0.2540019325807993,-0.5170649601344668,-0.21702636307656129,-0.46876803235004644,-0.18721972526221142,-0.4122709138238984,-0.2541660521923747,-0.3247212290888762,-0.265980994080504,-0.37252256909098835,-0.23293483109737065,-0.3329648436084291,-0.200780859734016,-0.2872133286057087
4,0.0,0.0,0.036940673384451256,-0.22930262557546519,-0.0035503162213738337,-0.3841629541970242,-0.07952515172742239,-0.46404490265799136,-0.14399512429603695,-0.48415662643914864,-0.005229947390798996,-0.5020758376230721,-0.04016716382121087,-0.7481526832468725,-0.05586966150935897,-0.8940783842680838,-0.06610064687447616,-1.0,-0.0991880487525991,-0.47876948422112514,-0.19405057543742013,-0.727093460983822,-0.24952769393190222,-0.872602806638151,-0.29344410980103086,-0.9681975770238002,-0.18505283677826093,-0.4178285133210405,-0.253840227444041,-0.5219424440465235,-0.21636635719860167,-0.47549004044214377,-0.18650600082371865,-0.42022251505062763,-0.25136984856676287,-0.3289915663198981,-0.26533099169287505,-0.37765613187491465,-0.23262747379253612,-0.3395482646956626,-0.2005510700016541,-0.2950202765785258
4,0.0,0.0,0.032888544623233915,-0.22830429812932096,-0.011736742895385904,-0.38657776886772083,-0.09039937295104304,-0.46277840366487516,-0.1557119033735407,-0.47971143404147193,-0.012723583503532811,-0.5038021114836833,-0.04842678847099316,-0.7486457027975766,-0.06403618696777627,-0.8934631744719764,-0.07361053896926996,-1.0,-0.10760636537723564,-0.47858317218081897,-0.20116440531419774,-0.7248894855074853,-0.25672441959841025,-0.8702740297630683,-0.300495740323051,-0.9675374397225213,-0.19338823452883133,-0.41616644726391505,-0.25978662263736874,-0.5208195061867358,-0.22252856093219028,-0.4716457604095311,-0.19273507703295548,-0.41391602885570783,-0.25920239967666264,-0.32852845192460006,-0.27308610367465475,-0.37703760661958025,-0.23983845563552036,-0.33800856009298724,-0.20803188349908147,-0.29388512931108646
4,0.0,0.0,0.03294911354561985,-0.23073934630201562,-0.015572775734378016,-0.38768198840630874,-0.0972280882381192,-0.455265284826664,-0.16492130227316198,-0.46731691046865054,-0.011961196966073376,-0.5024831970546089,-0.04744487484064312,-0.7499995127765307,-0.06415947965647126,-0.8939902516328251,-0.07474152794950471,-1.0,-0.10590523197266204,-0.4776460480190747,-0.20056055756183352,-0.7252071326174954,-0.2569496302809108,-0.868421877614476,-0.30049526961693934,-0.9639609987357247,-0.1913310416197424,-0.41559560563408515,-0.259415370814646,-0.514633492409476,-0.22327675323189247,-0.4636644606116019,-0.19317837028482526,-0.4059467990949337,-0.25857556460151665,-0.32806855429103277,-0.27233876452935185,-0.37082405636646554,-0.23924988745137857,-0.3296878066897731,-0.20723479521719168,-0.28521003925350685
4,0.0,0.0,0.030751973587913792,-0.23113331302400622,-0.015748859398860518,-0.3857510425131769,-0.0942622830616615,-0.4582174885441837,-0.15916591198424615,-0.473463097205586,-0.015648364199913504,-0.5045402413821631,-0.05420487462587536,-0.7502109375410717,-0.07249068441048857,-0.8944380389822869,-0.08353973309559799,-1.0,-0.11027455498639635,-0.4775843964602005,-0.20586961688695646,-0.7263318173278404,-0.2634359895110903,-0.8712167860185501,-0.30755271778363813,-0.9649488130249747,-0.19590421191648383,-0.4132018373577067,-0.26300855288296987,-0.517492168872885,-0.2252670718017721,-0.4694566812290629,-0.1944367385212873,-0.4127705270159705,-0.26084181884135565,-0.3220391892538757,-0.27419749796837556,-0.3693002662071336,-0.2403860653667037,-0.3303944574905585,-0.20792910440017898,-0.28544399537035886
4,0.0,0.0,0.030126144932642547,-0.23042429474478257,-0.013273080822706276,-0.3845455941772758,-0.09130563424332992,-0.46390746461230176,-0.1562498844450096,-0.48127026765543657,-0.015500898252057955,-0.5067516952710455,-0.056179124777810174,-0.7509691855750504,-0.07428997908778917,-0.8954785174235401,-0.08422745990566077,-1.0,-0.10965193098390928,-0.4798666643045157,-0.20932785822060823,-0.7274701986784207,-0.26503179328264975,-0.8725446806650603,-0.3068830374877222,-0.9659094151529446,-0.1953527549606688,-0.4158713585828507,-0.26456675860842593,-0.516438059572454,-0.22693383035638842,-0.46988558303653294,-0.19724987125449367,-0.4159532612005279,-0.2614228902031941,-0.32220920279667636,-0.2788834907116416,-0.37384306343606094,-0.2467476409810896,-0.3334598850195421,-0.21477405115348303,-0.2863472254853572
4,0.0,0.0,0.03050562377469348,-0.23249851827910448,-0.015249873120110799,-0.386056203757042,-0.09491863302077604,-0.4594116044598953,-0.16091003751474997,-0.47480187302607024,-0.016820838277254724,-0.5049480800229645,-0.05732636612614975,-0.7505978589250888,-0.07585146760649551,-0.8949369088260772,-0.08661267874012055,-1.0,-0.11303031094430742,-0.4780789866332113,-0.21155908089333866,-0.7276571765000868,-0.26735285218172694,-0.8726536230869111,-0.3098902326078626,-0.9665129136917886,-0.19913630185420134,-0.41408871628159666,-0.2671892792884058,-0.5163506077952853,-0.22864263387179867,-0.47100132616030155,-0.19852769979416984,-0.41596642220004654,-0.2646306665462327,-0.3216886622304589,-0.27927814783141436,-0.3731509124068265,-0.2458503913523059,-0.3347775988087014,-0.21352239920069968,-0.28799952181266714
4,0.0,0.0,0.030495055680526555,-0.23327834160565075,-0.015602865044332172,-0.38887105191479354,-0.09546572900274039,-0.45850188712942286,-0.1629989809366498,-0.4704232680298153,-0.01565783433556935,-0.5023599775097072,-0.05580886302415463,-0.7500437510685357,-0.07383609817650033,-0.8946676197668674,-0.08444943430990205,-1.0,-0.11209416396644047,-0.4739921212178323,-0.21125584862040542,-0.7243858808346537,-0.26797866024804834,-0.870324525233597,-0.31189430011079117,-0.9669574542173114,-0.19892062748455588,-0.40929472380062615,-0.26563943645033894,-0.512277896017845,-0.2275144187816382,-0.4656817740228143,-0.1975797133250498,-0.40841869278986875,-0.2659065423328608,-0.31812792991931405,-0.27965245497341956,-0.3693754635930531,-0.24609426358425804,-0.3311117886917623,-0.21441243212414354,-0.28359375315512514
4,0.0,0.0,0.03310590677781992,-0.2296087133968471,-0.010105749489674087,-0.3856665361391584,-0.08871884224820668,-0.46383202669801105,-0.15414438163467412,-0.4817383354850107,-0.01410829696912461,-0.5033561559376775,-0.054704295232237084,-0.7505486069505815,-0.07313560109194506,-0.8956296270016832,-0.08379566221168674,-1.0,-0.10915597448722981,-0.47575272482419456,-0.20686372600571556,-0.7250862489242307,-0.2638311272740921,-0.8707354050841547,-0.30757655277350415,-0.9660835568151932,-0.19500809731367058,-0.41251511740063823,-0.2611216404781626,-0.514654141799955,-0.22397121310467313,-0.4708070036697051,-0.19383851309902675,-0.41578180286637517,-0.26038322454467916,-0.32204262059040073,-0.27387014172977764,-0.3708310382755401,-0.24013730316843174,-0.33314473191032257,-0.20721705525388767,-0.28709122917882207
4,0.0,0.0,0.03229156995248843,-0.2318568654653736,-0.010859262752411482,-0.38653275524137964,-0.08855044400018079,-0.4647100957022279,-0.15393279091012524,-0.4828665336547528,-0.01355902164326935,-0.5042399495739233,-0.054320694084398664,-0.7512408916117664,-0.07328123737149399,-0.8956684739276387,-0.08414918352638319,-1.0,-0.10835628312077923,-0.47903893437284795,-0.20725789950275275,-0.7280430705668948,-0.26490455938745944,-0.8723553194857555,-0.30885994272962086,-0.9664621948034512,-0.19417212329451852,-0.4165594043809324,-0.26049628539627595,-0.5124742642875925,-0.22295648925139497,-0.4661932876408242,-0.19287083750526293,-0.412502362887405,-0.2608287038552303,-0.32419138040939793,-0.2758382990149682,-0.371766629328036,-0.24372095374039787,-0.3324981681360542,-0.21178540328949552,-0.28612501383221484
4,0.0,0.0,0.032094292527828125,-0.23008134107972167,-0.010602339558693333,-0.385707614474711,-0.08867056520852397,-0.4624650975888952,-0.15383425821839183,-0.4800124826269637,-0.012467062590957777,-0.5030150691477834,-0.052671616248382486,-0.7497546248838856,-0.07011938930070552,-0.8949657203027738,-0.08061133298680369,-1.0,-0.10619438133925091,-0.4778115691428083,-0.20567129056388223,-0.7256182849806637,-0.26262811215887133,-0.8705922460629503,-0.30714744347117084,-0.9661880677626098,-0.19200610479169783,-0.41491527172365367,-0.2601066837696889,-0.5124213978329835,-0.22184700966430818,-0.4664512446300829,-0.19171760802494614,-0.41315994399716327,-0.2590341873115564,-0.3239003784532827,-0.27576566569406014,-0.3722027417420858,-0.2439378574629194,-0.33318497150858184,-0.21296353273018054,-0.2880668565408971
4,0.0,0.0,-0.09212816906872964,-0.08659051508078001,-0.14993345673090802,-0.24811967010661382,-0.08284643086965109,-0.3521834219611433,0.01092332868908908,-0.39383158815969393,-0.1134485945153197,-0.518339815657206,-0.15855051678068927,-0.7047974681282836,-0.1808844620067117,-0.8194673491098088,-0.1980347549660157,-0.9178332894319923,-0.018147261503145246,-0.5232451150853656,0.005773655135437057,-0.7505862666706844,0.015778292889009896,-0.8890102375720544,0.02921711730732037,-1.0,0.0622698374225676,-0.4621540177175135,0.05773090446222772,-0.5875498782437562,0.005736755616089806,-0.4739420024259243,-0.01945091470646895,-0.38129178791460905,0.13016300581732118,-0.3656673241563872,0.09640861067322004,-0.4022033978420986,0.04152490817350154,-0.3263452880798537,0.013825928610723848,-0.26154710338042925
4,0.0,0.0,-0.08797816099843696,-0.08411494377435917,-0.14022262558089624,-0.23863494052233694,-0.07435349169824956,-0.32581124467466005,0.010626705404342244,-0.3669919366004945,-0.10525639507289343,-0.5154951253443405,-0.14722099253097795,-0.7052527008814615,-0.16675939150147953,-0.8224898028270201,-0.18143657467767826,-0.9243056868770274,-0.010851852672433352,-0.5166784003697593,0.01675112681105727,-0.7443534968946826,0.03290230181666824,-0.8843760125662976,0.051563920825824686,-1.0,0.06794052654132461,-0.4542247401511888,0.059303771519078445,-0.560984038116875,0.014774687154658647,-0.44399324709364685,-0.004317007542433481,-0.3563369814969667,0.13341813282054302,-0.3581943755982689,0.0981455962096651,-0.38855524377482686,0.04932964361398307,-0.3072501530231406,0.027951707375443745,-0.2457145607878019
4,0.0,0.0,-0.08938527534851687,-0.08762628731932888,-0.14101485238549408,-0.24202382825066288,-0.07231341693675514,-0.3273153797134393,0.014610144366830917,-0.3665492779768898,-0.10552350395555007,-0.515230249530091,-0.14627849510061652,-0.7043863689292688,-0.1654007111345416,-0.8219565978348519,-0.17952193278942452,-0.9240037432111783,-0.010969536099738345,-0.5166048073148506,0.017095761299901414,-0.7438433293227499,0.0331865620419302,-0.8836796653973572,0.05211736601510039,-1.0,0.06817576086530344,-0.45396289572624865,0.05929153918066001,-0.5560679087665495,0.014148809177953223,-0.43848251617105966,-0.005006757525984943,-0.35190209830511515,0.1334973468266554,-0.3577023750306462,0.0991130894766354,-0.3881231934069599,0.050527965670539784,-0.3069772341524088,0.02904786671447244,-0.24615468191916573
4,0.0,0.0,-0.08824889857280306,-0.08354281336969314,-0.14156989594660124,-0.23697518035276882,-0.07557790259982133,-0.32420900407214526,0.011864727385134461,-0.36452186937734365,-0.1071104691381331,-0.5137011131508085,-0.14868829991085541,-0.7029906209227075,-0.16792780887673886,-0.8198989550661326,-0.18219253911991495,-0.9217832976422848,-0.013382591931635645,-0.5159836918640016,0.014093435774069553,-0.7426103171166422,0.030664248362313937,-0.8827614398287281,0.04916094854641319,-1.0,0.06474310436345866,-0.4543112899977756,0.05853090642978516,-0.5548659381042196,0.014965514531167415,-0.4357585571552859,-0.004578507489291275,-0.34771649054298465,0.12922362615160746,-0.35876094117567425,0.09994693820067853,-0.3853352755481188,0.05192995842489565,-0.30237243779857836,0.029636857605784675,-0.24005199379428907
4,0.0,0.0,-0.08920497611404933,-0.08546126564455192,-0.14178881473483596,-0.23490485496230265,-0.07665099451793901,-0.318499323801456,0.00762243845510651,-0.36142572256708577,-0.1066377419057921,-0.5129393913650531,-0.14874467511670197,-0.7025535282284704,-0.16792094440781416,-0.8199830273149039,-0.18178973943463117,-0.9224618893441633,-0.012519849016757158,-0.514910382360056,0.015091705778489678,-0.742533557360296,0.0316427920620101,-0.8823154047941902,0.05034366354429206,-1.0,0.06623422295977589,-0.4523334510954596,0.05767980435318975,-0.55095523710773,0.014193669106200589,-0.4280497755121057,-0.004594944851537699,-0.3400938059721708,0.13141695446529542,-0.35547653690093484,0.10170865706690237,-0.3844514093186007,0.05432478926796065,-0.30145203869121695,0.032914017905232545,-0.24110204549173156
4,0.0,0.0,-0.08865969708527384,-0.0822854890246408,-0.14238493555232498,-0.2321370165597598,-0.0782217187864003,-0.31791187898302375,0.005754362153758541,-0.3636518769638001,-0.10678527644867603,-0.5126822976497211,-0.14878607289397314,-0.7029075261245916,-0.1680769814600404,-0.8199305120612234,-0.1818535291838524,-0.9221911968558316,-0.012880416842592824,-0.5157370230038895,0.01420392013795729,-0.7423102611285136,0.031124674019872203,-0.8822288052503217,0.05040717309116634,-1.0,0.06512974173260443,-0.4536775027731254,0.05869732862949661,-0.5505440163586406,0.013568767060821576,-0.4257401217609803,-0.007404607392106536,-0.3365331460945149,0.12950659746124912,-0.3572696373632152,0.1012225373892988,-0.38231112853482835,0.05209993824690664,-0.2984250953308359,0.028107838636535543,-0.23803566296653622
4,0.0,0.0,-0.08748392970108677,-0.08349668163915915,-0.14042106261615775,-0.2339240325509998,-0.07435815169455208,-0.3215675315340645,0.012024098079273338,-0.3643818877433408,-0.10486885653540605,-0.5134569149712076,-0.1469953359287669,-0.7033013741286516,-0.1661848411260584,-0.8202322134574063,-0.17989627335342262,-0.9220495554734248,-0.01029387201050871,-0.5167871797371765,0.01688071057741217,-0.7424655712032336,0.03319522890681154,-0.8830198444100301,0.05173899340409178,-1.0,0.06814222431832079,-0.45439785789812204,0.06051190279141375,-0.5514296803021406,0.01540320672847638,-0.432751325870517,-0.0053440120989227515,-0.3456545571626484,0.1322910596609611,-0.35766061040304803,0.10282969526707496,-0.38206677459558774,0.052614026376074846,-0.3030550384591257,0.02772395817981049,-0.2441852160052241
4,0.0,0.0,-0.0875563351743756,-0.08415995462537748,-0.14336263714642358,-0.23825734887643701,-0.07534213532398472,-0.3290269315335843,0.013989341958244904,-0.37012081863507595,-0.11213532776845926,-0.5139695719113228,-0.1579604046635365,-0.7029521125950523,-0.179335325346865,-0.819091678910222,-0.195290226180688,-0.9196406240599768,-0.017603760584542584,-0.5192303908566654,0.006655222111274527,-0.7472196124919454,0.020673131314354342,-0.8855804277670593,0.03738969921907369,-1.0,0.061791139764961575,-0.4591699342423645,0.0532657090522599,-0.5601648878669425,0.010608663934553389,-0.4411341650248384,-0.0071935538674184705,-0.35347302022371746,0.12776284040899213,-0.3639841582330232,0.09269796627702963,-0.38876794581077434,0.042676342196998965,-0.30839523218359316,0.01980731677139431,-0.24794287459130868
4,0.0,0.0,-0.09825428577712454,-0.0832051607264334,-0.16551261566981368,-0.24940238421715663,-0.1187753745913645,-0.38111580562791925,-0.04005843660496368,-0.4418406622243702,-0.1551403173026615,-0.4920660556735776,-0.2175367886126899,-0.6881845599810293,-0.2495029117519801,-0.8028122807498292,-0.2742020677952592,-0.9006432792673799,-0.06302331407031855,-0.5029296632312275,-0.06613078856809039,-0.7362155955355772,-0.06299463565683083,-0.8822790929109666,-0.05317498358518032,-1.0,0.026015709545028198,-0.4638658878997558,-0.00861097431031605,-0.48909115505167955,-0.03188161877499187,-0.341576642218064,-0.02935057018248197,-0.24319172167487446,0.10455782147340606,-0.39818670780028864,0.05384407852761963,-0.4222588169664556,0.02526864197659382,-0.30852686287090003,0.028290285350724496,-0.22620542592521437
4,0.0,0.0,-0.09838742269146898,-0.08270916356490604,-0.1591457247197102,-0.24506789747125948,-0.11242762142804996,-0.37969659456640636,-0.03760304400810974,-0.4490150405986632,-0.15753242193225275,-0.4933165380734131,-0.21723071300322555,-0.6935067150177232,-0.2471911662844881,-0.8094982136222925,-0.271349107206862,-0.9087874624253918,-0.063465403812478,-0.5011203576134219,-0.0604173776656087,-0.7386600160711339,-0.05099426886867954,-0.8819216587269002,-0.03641183805057826,-1.0,0.025791536826654724,-0.4569503595356874,0.0007871700015782972,-0.4898074523123169,-0.023116904029335323,-0.3447607763679755,-0.02316712949347315,-0.2565475107270684,0.10403266339497655,-0.38657565677277445,0.06455686910082264,-0.42277999770383384,0.035559425678412845,-0.3126137397489955,0.03399675421742969,-0.2385340211820568
4,0.0,0.0,-0.09812955122841578,-0.08173775360435911,-0.15834551801490093,-0.24210484502071797,-0.11077746575659599,-0.37647242778820894,-0.036245520722139414,-0.44789413533712835,-0.15568038089580244,-0.49119122794011794,-0.21570982654191778,-0.6906202789366473,-0.24635991546331604,-0.8059791512276061,-0.2709819204542493,-0.904841731549727,-0.061687490053428745,-0.49904272553636847,-0.05927880685169166,-0.7390487776059258,-0.05089699413035277,-0.8822885121751093,-0.036302094415827275,-1.0,0.027336125415478876,-0.4543541629610813,0.003262551276235228,-0.4894191252988399,-0.021321400568317668,-0.3440274650608104,-0.021609936526643402,-0.2562950252342457,0.10521006778975737,-0.38378865120572053,0.0674935298265571,-0.4226823065772991,0.03774062479521765,-0.31337413757376276,0.035020229649726356,-0.23994279883421757
4,0.0,0.0,-0.09798692879748892,-0.08371667539088397,-0.1577315895284507,-0.24538167384288123,-0.11014637515220173,-0.38049244442655034,-0.035288797219836666,-0.45014108548955706,-0.15570049665066432,-0.49141532465544735,-0.21584686421585708,-0.691280609724411,-0.24624406386096714,-0.806946028092064,-0.2705524359179727,-0.9061122309817332,-0.06185597358345105,-0.49894183986079965,-0.05888510319621973,-0.7389733573076073,-0.05105187050877521,-0.8820735518031109,-0.03740951796343234,-1.0,0.027121230337697262,-0.4546190393359607,0.0029767376741578937,-0.4900911386921929,-0.021255561973041133,-0.34431495555757763,-0.021101495111159038,-0.2567420564142673,0.10514157940384015,-0.38381171026507643,0.0659725834832737,-0.42167128959982425,0.03676199203900208,-0.310749319812002,0.03514191272643365,-0.23730899515276113
4,0.0,0.0,-0.098792678058841,-0.08240429129392751,-0.15925380230450564,-0.2448482485789531,-0.11067493034720115,-0.3807675519373782,-0.034937044741680204,-0.4508357524530604,-0.1573021446733661,-0.4906406840497119,-0.21759512049082302,-0.6907866019981469,-0.24813748740408034,-0.80669390982214,-0.272629756227374,-0.9059842889735198,-0.06329459766888268,-0.4982321089261056,-0.059906782081259706,-0.7381353941691237,-0.05133851422507306,-0.8824959920229899,-0.03724082019111722,-1.0,0.025763016594972016,-0.4543416167562647,0.0008725868976473013,-0.48931709832200443,-0.02299384118350531,-0.3437712467404762,-0.022260397617282008,-0.25375332037366677,0.10348004368208143,-0.38406845365107234,0.06291682149573807,-0.41997808188280805,0.03437296660073247,-0.3073035239367097,0.0341257133631146,-0.23030067129558263
4,0.0,0.0,-0.09771571165814247,-0.08386164208556503,-0.15739065170272767,-0.2460892885588976,-0.10940456503898131,-0.3803055497299808,-0.03510884991836345,-0.4514755827881832,-0.1563485543656925,-0.4905863060622902,-0.21712069044565188,-0.6903049570631703,-0.24830828189347998,-0.805398056073193,-0.27332746223833077,-0.9039508714794396,-0.06302660809668256,-0.4974109202976997,-0.059842472618132574,-0.7387288852282932,-0.052002903762397336,-0.8830223120247419,-0.038666477311484426,-1.0,0.02561581182188319,-0.45282163788911806,0.0013900730647370058,-0.48963559937065493,-0.02186676219818595,-0.34593890570935354,-0.02127480699444428,-0.25783130913389013,0.10314151023092352,-0.38267154069887716,0.06386793065655995,-0.42130813052454674,0.035698060352999675,-0.3098003607439869,0.035203595281558926,-0.2340412770577051
4,0.0,0.0,-0.0996481099524952,-0.08435252221089178,-0.1593408700036744,-0.2466979988916801,-0.1113759815134923,-0.3812079466680281,-0.0373214374882855,-0.4499241881922741,-0.15817651372672215,-0.4918257592545679,-0.2186992424717792,-0.6910299412147036,-0.24966650228655815,-0.8063809449520544,-0.2744851188881084,-0.9052906156585935,-0.06488797151522221,-0.49910163846864725,-0.06240569288758221,-0.7387752607292598,-0.053311835439002184,-0.882827051752072,-0.03849637050144205,-1.0,0.023843421183636446,-0.45489342361933677,-0.0009701104485848073,-0.4896303745964695,-0.02449460235590697,-0.3462654612306175,-0.023725653293977026,-0.2571714085192152,0.10152731121771692,-0.3846304361245984,0.060802910555084404,-0.4185575548863962,0.03303897801879628,-0.3054883802857366,0.03353577952223866,-0.22823722114155323
4,0.0,0.0,-0.0985482922344292,-0.0827006860253772,-0.15803453320610558,-0.24657564996134465,-0.10713997506738089,-0.3824841723270883,-0.03191318365940907,-0.45350552045687015,-0.15624099351413673,-0.49018156872358487,-0.21697513507792598,-0.6888131948372912,-0.24892356385417236,-0.8039279108365581,-0.2747155747003238,-0.9028548595423691,-0.06313030165401677,-0.4976412434091251,-0.061256622488893346,-0.737315858865348,-0.05249277690943087,-0.8823401193387468,-0.037406648051760145,-1.0,0.02513139344007119,-0.45329496389432333,-0.000905809659813015,-0.4883138822440332,-0.023508899214252272,-0.3442201639547987,-0.02155731513669595,-0.2536075078396262,0.10177621676782879,-0.38320563072736324,0.06004152931101231,-0.4195708719118815,0.032579387467293525,-0.3064279526076079,0.03367015781229599,-0.22723115936475705
4,0.0,0.0,-0.09848846102533146,-0.0842486439394409,-0.15661126453644184,-0.24741181757890188,-0.10536440415588627,-0.3829112846856885,-0.029840394189579112,-0.45561125020944343,-0.15706109164208637,-0.4913249008617436,-0.2171656949879587,-0.6918268741771502,-0.24778066158014192,-0.8078841980218785,-0.2725400518352834,-0.9068764918241103,-0.06368696260419716,-0.4990482707058912,-0.059925160231219465,-0.7394036859404084,-0.05086216523215478,-0.8833964212377328,-0.03615890531164829,-1.0,0.024846978004196288,-0.4546525606359724,0.0008104407035511345,-0.4912999048219901,-0.022900131981122097,-0.3499780878212486,-0.022294130431977293,-0.2622957399330736,0.10205801743402645,-0.38369815188833395,0.06358962030304345,-0.4213339573537079,0.03476989773673053,-0.3124910392753831,0.034091549926185474,-0.2371529754584614
4,0.0,0.0,-0.09933572730711018,-0.0827888345625691,-0.15744506960202928,-0.2440585275717217,-0.10776067153262014,-0.3792958479190804,-0.03374552550050716,-0.4510621105187744,-0.15740317565265677,-0.48906692183091166,-0.21721363545599562,-0.6886237284793293,-0.2483820237222206,-0.8039958104021865,-0.2734166508972634,-0.9032264985214631,-0.06474664228364425,-0.497759967044779,-0.06147597252669865,-0.7376534448314253,-0.05258238412176715,-0.8823952647461757,-0.03738715451376112,-1.0,0.023371244652498565,-0.45448169145654055,-0.001783180958885552,-0.4890215789849806,-0.025413904358345223,-0.34583850815747724,-0.02420070427482106,-0.25681832901874685,0.1003355015565428,-0.38511383209889044,0.05982303813196401,-0.4198783036561702,0.032251240347464155,-0.30885730905627995,0.03347620725454089,-0.2331065565501621
4,0.0,0.0,-0.09766281093429463,-0.08665072348749943,-0.1547826377678027,-0.24854265874087753,-0.1041429977186073,-0.38288123731356277,-0.030181106823037845,-0.45519451568770913,-0.15451262573804816,-0.49130202471308293,-0.21451482334445116,-0.6896421183702567,-0.24511598285703917,-0.8043779153195795,-0.2693748665993794,-0.9031443201557814,-0.06091742524519722,-0.4979549825017119,-0.05815339496552428,-0.7380745706156376,-0.04956642122651308,-0.8827380259501029,-0.034604656112311956,-1.0,0.028088284250399106,-0.4531114783754918,0.0027164290649143983,-0.4884114995565035,-0.02124043669170946,-0.3441315041148039,-0.020269861173656367,-0.25369775817645146,0.10584053654213768,-0.38224570503514843,0.06333081702643467,-0.41818615112478513,0.03520206664700101,-0.30570172854586747,0.036012816244837,-0.2275937412658906
4,0.0,0.0,-0.0974866622194689,-0.08427978628642414,-0.15385504636462935,-0.25079043500690923,-0.10475113027859446,-0.38917850578018787,-0.03220568299817181,-0.4598993208923637,-0.15901100991550224,-0.49200109359988864,-0.2179400405087456,-0.6922710976780116,-0.24758263689545335,-0.8077316475057921,-0.2719237749896878,-0.9064032123937525,-0.06593179112974176,-0.500146257292657,-0.06133554005441768,-0.7400865058253309,-0.05183354384826169,-0.8840144083513778,-0.03795796147531058,-1.0,0.022615129195975317,-0.4564560470146279,-0.0001291253122519485,-0.49495358961759284,-0.02354076450522078,-0.3509011879223707,-0.02376637794450194,-0.2610994135779028,0.09990628755881684,-0.3863231079303581,0.060667647002305036,-0.42336194119877296,0.03256703052552884,-0.311438967396062,0.03209302878874255,-0.23463319819911876
4,0.0,0.0,-0.0975383021571678,-0.08781825184697457,-0.15544427396116445,-0.25298002167901557,-0.10190434983720814,-0.3879157241424198,-0.0242825001441981,-0.45952738683361255,-0.15504353352116637,-0.49027844257060993,-0.21637112570104672,-0.689674195059132,-0.24810063387389866,-0.8040332757613801,-0.2735464256829051,-0.9022103921028589,-0.06295701793119332,-0.4975371373328394,-0.060464293868420935,-0.7372079171066049,-0.05205048164719647,-0.8819393834615483,-0.037467391943512965,-1.0,0.024812597391191998,-0.4533532048276655,0.0018890589634585923,-0.48872973710170353,-0.022915057689202083,-0.3454799477279974,-0.023078439627895846,-0.25613219979577767,0.10138191590816423,-0.3831500599756807,0.0630342641761292,-0.42097486906838116,0.033538868629630667,-0.3096879614434973,0.03233112972071242,-0.23193808325193613
4,0.0,0.0,-0.09671966712774019,-0.08927163498510751,-0.1546117657037946,-0.2561360676168494,-0.10052911891353568,-0.3908827011584408,-0.022367294881470722,-0.4627924908547506,-0.155508738509995,-0.49201477547320505,-0.21590994912180567,-0.6916140656209648,-0.24746618212216795,-0.806686060028809,-0.27374992782419455,-0.9055024279174483,-0.06291154899753555,-0.4987656276586884,-0.05945048279865326,-0.7386698292869746,-0.051197760684957336,-0.8823238003359177,-0.037644243027817194,-1.0,0.025595558977980375,-0.4537503059487682,0.0024501450414327447,-0.4911156565545595,-0.02236984977723864,-0.3475586182510512,-0.022785786808255583,-0.25845795689073275,0.10304783735737934,-0.3829748899734138,0.06486573767250017,-0.42489684608337036,0.03646561851216156,-0.3152113895209417,0.03608524563023403,-0.2386202132111616
4,0.0,0.0,-0.10195486835880185,-0.0925971756342369,-0.15537082744565853,-0.2601120669996601,-0.09550968097577622,-0.3938348386524614,-0.012980397097247935,-0.46226724276157444,-0.16302509189865377,-0.49497055523870553,-0.22496405665521976,-0.6926174126542899,-0.2581046204553062,-0.807586217858877,-0.2866047645681981,-0.906095597234123,-0.06875926233335516,-0.5001122192660031,-0.06694235448314553,-0.7407174244806521,-0.05741706589855841,-0.8839518013236987,-0.042921207157279456,-1.0,0.01923905821003403,-0.45060148034779074,0.009486090289517475,-0.49633477936632614,-0.014869425695079137,-0.35865709521806005,-0.018318464130550695,-0.27296416941461976,0.09329245667906798,-0.37553355592683624,0.07392458937342451,-0.43315278626059633,0.04439407537832142,-0.3332853042762511,0.03843706623704238,-0.26044386359178506
4,0.0,0.0,-0.1021982492453754,-0.09322728742982726,-0.14611495863468243,-0.26891468299374693,-0.0753451968032811,-0.4077651989255629,0.005895852217592693,-0.4822930871145534,-0.16625812316138164,-0.4950508133069625,-0.222943400278965,-0.6947392214294207,-0.25488982672719857,-0.8131820291315137,-0.2835789853191797,-0.9137028575373605,-0.07242268693658852,-0.502840149991626,-0.06467988703324183,-0.7449618181051092,-0.05141404055603783,-0.8866143085260753,-0.035107347825364336,-1.0,0.015551671808299144,-0.4546284536620228,0.01938159777134843,-0.49667796419480503,-0.00417685511079973,-0.3591429561339697,-0.010000907722932278,-0.27702865208258487,0.08833540234499353,-0.37974115833117056,0.07755318808914095,-0.42706088263909575,0.05133364954479613,-0.31954199624893087,0.0452417291738315,-0.24722117883803793
4,0.0,0.0,-0.10133633143791937,-0.09312582135345722,-0.14540004129707257,-0.26948851709676247,-0.07509690150976274,-0.40891411869812105,0.0064318037490934225,-0.483894859375676,-0.1662530124409994,-0.49600090960185644,-0.22284948160281035,-0.6966068733994565,-0.25510805212945464,-0.8156370729602804,-0.2834173594110472,-0.9166281001767737,-0.07214561667663552,-0.5032258468001638,-0.06515669204297274,-0.7440776430075178,-0.053647337353817284,-0.8871106894827183,-0.03820901937086965,-1.0,0.016142254676626902,-0.45506277708664533,0.01741592283065801,-0.4975152039458184,-0.005207655173135003,-0.35863606062836756,-0.008838680798440144,-0.2743361044475553,0.08895172076945428,-0.38076905647671994,0.07570969347278649,-0.42861870724579076,0.049866625219224095,-0.31898072099275376,0.046003790554535205,-0.24414751379935323
4,0.0,0.0,-0.10217749207951586,-0.09271930672024858,-0.14661348470286872,-0.2666298082160359,-0.07693247513849802,-0.40479705129678784,0.004192920376426774,-0.4810522829618773,-0.16744557135580956,-0.4958649595459321,-0.22394920948961825,-0.6953420387656446,-0.2560219692119556,-0.813545317636509,-0.28444847207445256,-0.9136010891305478,-0.07399177784254715,-0.5035584820721715,-0.06745758532297583,-0.7445913593449898,-0.055685017920876795,-0.8864929651066826,-0.040575735381856486,-1.0,0.01363195672486523,-0.4554145075859876,0.017297362595534337,-0.4983633961768898,-0.005486293458896521,-0.3606767117827887,-0.010928584935462995,-0.27875938244236365,0.08642702324705193,-0.38127524161748233,0.07700479321130897,-0.4312502893359515,0.05138810211861906,-0.3228829813624613,0.04509235552644272,-0.2500292455305012
4,0.0,0.0,-0.09929027439930774,-0.09249603352577417,-0.14538903117909258,-0.26928656588638056,-0.07598099361584097,-0.4073520502559691,0.005157489203936541,-0.48234451574279064,-0.16522334340318892,-0.4983954296409281,-0.22189544854106283,-0.6981194876735365,-0.25370120828050663,-0.8165286275743772,-0.28186721071811316,-0.9165393546778855,-0.07132941504593754,-0.5051292922461431,-0.06544401524678979,-0.7450480114504168,-0.05353161788218371,-0.8878307651285362,-0.03841835499356885,-1.0,0.016388153599862693,-0.4565877185902747,0.01696210471900608,-0.4980628894321684,-0.006076035752925179,-0.3610049354892428,-0.011287977777528047,-0.27727968828058835,0.08877168535055663,-0.38307314147823573,0.07427211494551142,-0.42693780016734284,0.04860562978824698,-0.3170762206677571,0.044237961891198566,-0.24258159494661477
4,0.0,0.0,-0.1000251765185263,-0.09158784262428109,-0.146446539478056,-0.26626075653569264,-0.07835217254102551,-0.4039853758067738,0.001742950357199857,-0.4797026416092122,-0.1658602619760889,-0.49557465211525,-0.2226783955005255,-0.6955684770326096,-0.25467269681066196,-0.813633906590252,-0.2827028613213151,-0.9139521691206647,-0.07191165351252884,-0.5026644252721043,-0.06558009448286063,-0.744449530040881,-0.052784667853518236,-0.8866950164062115,-0.03672197734953062,-1.0,0.016313585238132127,-0.4546608893972551,0.017367855151608776,-0.49804212502105083,-0.006210412715181276,-0.36038581056126534,-0.01179430543709882,-0.27717047882440765,0.08953961993953642,-0.380401782827259,0.07538710881350702,-0.42685857826761076,0.049563281873116594,-0.31673954817340183,0.0449975097417561,-0.24225084732016006
4,0.0,0.0,-0.10009296506407248,-0.09274921579898933,-0.1453757038074981,-0.2672285470231241,-0.07759208623133414,-0.40601786213481406,0.003795596286223604,-0.48117038230399983,-0.16573548228643342,-0.49456483617923813,-0.22235500998055424,-0.6955929937961259,-0.2542188572659069,-0.8138610787832906,-0.28240827368620386,-0.913605015859889,-0.07210293477987464,-0.5010822065971657,-0.06397309289205808,-0.7438639683485245,-0.0511692309768755,-0.8865160064122581,-0.03529063034444313,-1.0,0.01606878433148078,-0.45237278704395023,0.018382379255334706,-0.4970858949339357,-0.006513382695205673,-0.3594968843615625,-0.01317073240560498,-0.27631053439778946,0.089403005188743,-0.3768323330284259,0.07763319045016072,-0.42573418576530225,0.05070450790581367,-0.31693418151173136,0.04458693225308992,-0.24224321468528995
4,0.0,0.0,-0.10010440867599651,-0.0923633430091975,-0.14620706158743862,-0.26892640786069616,-0.07766006548334112,-0.4059432191174358,0.004337549053548165,-0.47808913440235756,-0.16419481738078273,-0.494786865721377,-0.22086738117579055,-0.6953736247166076,-0.2525945714226501,-0.8132304689569739,-0.28089180343400105,-0.913071839641668,-0.07034482223521957,-0.5021538692107523,-0.06308654587983885,-0.743233879824154,-0.05067021345127182,-0.8862896411218476,-0.03493499801892015,-1.0,0.018113736341089984,-0.4547493492451325,0.01610488768793332,-0.4964649388682965,-0.00785591827313134,-0.3590162818117473,-0.012564773041551222,-0.2738435286885986,0.09150975843893562,-0.38132484370091646,0.07414843428332943,-0.423720054479951,0.047894557752637706,-0.31402193102861076,0.04426378611565729,-0.23828546804172632
4,0.0,0.0,-0.10104910902196412,-0.09124477755290522,-0.14709359767141228,-0.2654011946944898,-0.08016388638044075,-0.40264788154650455,0.0003486376685558731,-0.47705391115187556,-0.16750757463557334,-0.4959625285300885,-0.22466824914788716,-0.6962372217702371,-0.256562337169254,-0.814168684098516,-0.28480270652818906,-0.9142054818912845,-0.0737617989047052,-0.5042120468062999,-0.06638213058553225,-0.744307769289895,-0.05246955871428215,-0.8863008224945375,-0.03597708861588742,-1.0,0.014196776209654975,-0.45712338936553537,0.01669644057664342,-0.4954811253691514,-0.006763139846438343,-0.3575514246973673,-0.012941557481840804,-0.2748534000662904,0.08743520820814961,-0.38324349688916803,0.07545409722876659,-0.42028414585592366,0.049353776277935836,-0.3103702212951438,0.043484597586920484,-0.23795741828984196
4,0.0,0.0,-0.10031936862382022,-0.09088258561636942,-0.14670530802608664,-0.2691410060863352,-0.07891091257926691,-0.40892444371420406,0.001869723470202276,-0.4824312602189984,-0.16589953202383043,-0.49546866748006707,-0.22233808899563673,-0.6960363625744841,-0.2541691525899324,-0.8145806935660934,-0.2823025587457197,-0.914218536569356,-0.07215324434581669,-0.5024263137689325,-0.06572122845031328,-0.7434422715998596,-0.05375556902445924,-0.8866508685361897,-0.037818378034255466,-1.0,0.016278743723994,-0.4548382636706584,0.01593739484143254,-0.4964837446736859,-0.00855053979040934,-0.35746831655017675,-0.013508303599508168,-0.2713016252599804,0.08915963503087557,-0.3813773136923354,0.07328339555807153,-0.4216850210066143,0.04744606771744161,-0.3094523827227318,0.04400567052963046,-0.2324710239493087
4,0.0,0.0,-0.0985085489874424,-0.09158958823235384,-0.14361363673455627,-0.268463433360454,-0.07396674889832952,-0.4082671855247716,0.006085235141984812,-0.4827911840167392,-0.16570583064083858,-0.49524682775231904,-0.22302610370541817,-0.6944823848604514,-0.25468751942533097,-0.812545524022589,-0.2822033296942254,-0.9124838796932303,-0.07127566107007373,-0.5029719893058421,-0.06497165992897062,-0.7437984622837646,-0.05122736371776137,-0.8863848811206836,-0.0341542020952728,-1.0,0.018011768034982504,-0.45532653511340093,0.01816627535896221,-0.4973965260102592,-0.006356901993088202,-0.35779598678993074,-0.012351479195307439,-0.27193995047272845,0.09156318896772685,-0.38048912209603614,0.07418612883383448,-0.4213964197992643,0.047733349418466665,-0.30879414247386383,0.04354650790680998,-0.23180897533044997
4,0.0,0.0,0.046722349268021476,-0.21237893100722796,0.00909920936357603,-0.3817504593389671,-0.08237591769626837,-0.45035701979350484,-0.16464285702759304,-0.4528696542373596,0.042200984290870894,-0.47917023248968876,0.02976206677200166,-0.738197282684177,0.025292662851383957,-0.8878321083397711,0.022979911726448598,-1.0,-0.05337809801662603,-0.45684913962495305,-0.1481436616709105,-0.7083777682844556,-0.20506522403552802,-0.858899482035406,-0.24995979203958765,-0.9656828419750236,-0.14351729878242228,-0.3999050930764528,-0.2107725490276236,-0.4873066023999123,-0.1801419903107153,-0.44064525089390766,-0.15669163199996386,-0.3838454688936695,-0.22155796460257915,-0.3249395966165284,-0.23845025664781475,-0.37519734174550207,-0.2112400909565923,-0.333501875062598,-0.18413201852137337,-0.28827983406457136
4,0.0,0.0,0.04021229857090023,-0.21691168149128354,-0.0037027895276088517,-0.3805657098098385,-0.090057914419605,-0.45293096554516493,-0.16805961237376432,-0.4637011626485999,0.026097913492724823,-0.4886889704646191,-0.0030311777437360184,-0.7462359605744743,-0.01451761021258513,-0.8919821155136785,-0.020810718003642037,-1.0,-0.06763687651918429,-0.46454847306437286,-0.16986885667018511,-0.7052810825960452,-0.22945230575153341,-0.8462971916552182,-0.273750726544488,-0.9439669213454537,-0.15581737471297763,-0.408239534654539,-0.227333814658696,-0.48218016410832865,-0.19528290033495105,-0.4343866953770131,-0.16763498942555527,-0.3795532383790113,-0.23293283758505565,-0.3326711659781642,-0.25068345316198665,-0.36937637362002246,-0.22383564844596227,-0.32426580364301544,-0.1946259121826195,-0.2802032964353662
4,0.0,0.0,0.04209274407836342,-0.2165813293950842,-0.010256711155645679,-0.39036126370250773,-0.11064070993277342,-0.45297186863346733,-0.19799726520901362,-0.457540426721361,0.02246259148672622,-0.4877847554293374,-0.0036546516075259905,-0.7470052025116948,-0.013805270800276576,-0.8909741613024369,-0.02113828232132246,-1.0,-0.07060376827826492,-0.4602760837645845,-0.17067869302063196,-0.7042633488317813,-0.22960898941018174,-0.844934579690166,-0.2741135935307286,-0.9466262160385283,-0.15811978627016274,-0.4018083699846784,-0.22850985502316756,-0.4833517352368974,-0.1929919979595701,-0.428435612300562,-0.1633061676562629,-0.37104494845825103,-0.23280863640541377,-0.3299400504629669,-0.24764310750287774,-0.3630103226397326,-0.21602315576173,-0.31675065433300686,-0.18683097785720001,-0.27618011340797805
4,0.0,0.0,0.04123698266186731,-0.21901585880627095,-0.005970092307779021,-0.38348415731695623,-0.09866016794928971,-0.45212824160192583,-0.1813570944719768,-0.4595974959625542,0.02436195241388015,-0.48822920411252313,-0.002032014388313755,-0.7461148848495373,-0.012132254253158297,-0.8914986477354507,-0.018061049421024395,-1.0,-0.0680605047540216,-0.46285368331196125,-0.16864602991137753,-0.704992688726168,-0.2278355621594849,-0.8452565275901477,-0.27175902674455893,-0.9440400450019595,-0.15466299176317164,-0.4050952432902851,-0.2229859122015218,-0.4774379687963797,-0.18879112161351935,-0.42571270490250707,-0.159412596418931,-0.3695081646125675,-0.2302134536434998,-0.3308577269631465,-0.24613669862750961,-0.3634161319310299,-0.21749664433640348,-0.3158795469736269,-0.18837576560263664,-0.2708689162118426
4,0.0,0.0,0.04008456602109456,-0.21831520482207742,-0.002323706395611096,-0.38010527810411004,-0.09082790801544889,-0.44713803775745936,-0.17115915655764807,-0.4554055405123704,0.026050629816569786,-0.4849278545926875,-0.0017242702166158333,-0.7447707694078706,-0.01334532498188392,-0.8909928873305133,-0.019658216079028176,-1.0,-0.06765128126603992,-0.4591051531164566,-0.17278152810815475,-0.703815841798427,-0.23347013604020359,-0.8456921845313548,-0.2778555058267884,-0.9441325481176415,-0.15555352391966984,-0.4008416018141253,-0.2278206282935741,-0.471930235500541,-0.19376091688178454,-0.42281387188551633,-0.16443274773043756,-0.3673496272115726,-0.2321919604146168,-0.32552993202020797,-0.25106284751051083,-0.35572429467668315,-0.22192761673772793,-0.31027792833759676,-0.19155512336676264,-0.2666289930442918
4,0.0,0.0,0.04091069351038641,-0.21527164342250246,-0.00229671341196093,-0.37947898658924295,-0.08896298671211147,-0.4494844784248813,-0.16698149484062744,-0.46006132306866265,0.024368893720375033,-0.48773633099492597,-0.0035339284828362727,-0.7454381135768617,-0.01454480791018676,-0.8916656738031018,-0.02102131947545925,-1.0,-0.06791327142867246,-0.4628835208815268,-0.1700128283191069,-0.7044239859066098,-0.23047635695387694,-0.846646549550334,-0.2754539131987656,-0.9452511547133721,-0.1553507662360455,-0.40563400902220115,-0.22762392786255523,-0.4788349469908028,-0.19581986714324837,-0.4316805227592671,-0.16733487689202592,-0.37631938611502214,-0.23141439033687417,-0.3306799808096163,-0.250310882812174,-0.363672994523118,-0.22269936057067152,-0.31916780200412864,-0.19233290511087295,-0.27595596835886427
4,0.0,0.0,0.041058828635069274,-0.21517044015493172,-0.010644426857083793,-0.38651120048184373,-0.11168658389092273,-0.45233876863164413,-0.19942155073049195,-0.46274507631301354,0.02336957209538737,-0.48511024608237197,-0.003837281826156816,-0.7457007240637079,-0.014114427235662865,-0.8907716272528917,-0.021574770534642185,-1.0,-0.06760922535823656,-0.4562646933626289,-0.17009921650426602,-0.7027875640739649,-0.23037715220437577,-0.844058500189208,-0.2753960157078269,-0.9450457985625836,-0.1543955175803268,-0.398196203791559,-0.22786592912728182,-0.4809805295750914,-0.19258181639631938,-0.42595642408221324,-0.16289317840161308,-0.3692111688539249,-0.22840343536881233,-0.3274826300371589,-0.24585772303209358,-0.3613925604812658,-0.2143825394334643,-0.31429373901367064,-0.18560336026133145,-0.27395491671830713
4,0.0,0.0,0.04061838886313586,-0.21451081095885483,-0.00803974196825646,-0.38520484287789714,-0.10414558392749254,-0.4523277605954646,-0.1895895075884235,-0.4589828888142187,0.021101788241411363,-0.49041880968673685,-0.006618174663323406,-0.7473376952699722,-0.016595852644700013,-0.8915283429137334,-0.023222093865846057,-1.0,-0.07001946602112402,-0.46168714782048964,-0.17359036220752255,-0.7036892238690536,-0.23281939004286994,-0.844439539105228,-0.27648519364235336,-0.9451860499783211,-0.1568654446376603,-0.4017090201830182,-0.22775184760964182,-0.4798726573939404,-0.19330121426221927,-0.42575651912768897,-0.16458677558699877,-0.3690231098706053,-0.23167699104312311,-0.3279844969479252,-0.24887489232099122,-0.36463915370907685,-0.21824464616289377,-0.31699359389950216,-0.18976261155899585,-0.2744536201539677
4,0.0,0.0,0.04038173795536975,-0.21619955243321495,-0.0066708696266953695,-0.38440238302280016,-0.1009254878781228,-0.45115409256926,-0.1847095849539766,-0.45934403877598146,0.022349373348242427,-0.48669286193537653,-0.004503980388993588,-0.7455368686147399,-0.014831196562465817,-0.8909571440184236,-0.021800763469377076,-1.0,-0.0688967110140838,-0.45831324458913364,-0.17099292235542243,-0.7017581705221719,-0.2307903102079605,-0.8434527881071658,-0.276105507981114,-0.9435191537861405,-0.15621061936890154,-0.3993975745192817,-0.22835118502401747,-0.4798120439469399,-0.19423795196679855,-0.4293005153263121,-0.16549636970643328,-0.372937329488418,-0.23165482267884419,-0.32634686964869203,-0.24916678105113674,-0.3636549548766197,-0.2185356635351003,-0.3183675251699828,-0.18908844570207772,-0.27614786789434914
4,0.0,0.0,0.04147963515249146,-0.2176796482138581,-0.005924962448570869,-0.3848132224568431,-0.09996048936587065,-0.4529472973855498,-0.18311121753706164,-0.4605896118597209,0.02303959770990705,-0.49117203996778197,-0.005136273592093519,-0.7475061497267997,-0.015597448679713521,-0.8914440429283584,-0.021928293097067723,-1.0,-0.07000576877027233,-0.463672094390143,-0.1724823127326556,-0.7049092235017524,-0.23199860678755688,-0.8447076974987483,-0.2761218625508849,-0.944679180181553,-0.15683621046215468,-0.404465028190783,-0.22789189542199098,-0.4823306920347432,-0.19339040424929796,-0.42863922328406295,-0.16477958943770818,-0.37230598428282213,-0.23163038509262684,-0.3281665106558983,-0.2489891590656769,-0.3656409865685613,-0.21894083200905587,-0.31832128785075214,-0.18950606265102204,-0.2749909658880641
4,0.0,0.0,0.04076986568733989,-0.2168259937492133,-0.010342951938200326,-0.3878507231381998,-0.10759237376699182,-0.4527878255048881,-0.1938030107728331,-0.45849489113598024,0.020880299071532552,-0.48960365172404036,-0.0076847358789454605,-0.7470343890846394,-0.018223058782916943,-0.8908221073631761,-0.025645746035742045,-1.0,-0.07087900346496154,-0.462818964514366,-0.17186345846290754,-0.7041865656115225,-0.23173208287241723,-0.8442370823417065,-0.2767290953879767,-0.9446133069745158,-0.15767152502867954,-0.40483032486982407,-0.22866133267067665,-0.48260791833537,-0.1947965621215162,-0.42854881547407436,-0.16557732716689658,-0.3714710035117985,-0.23286408523291482,-0.33193657187271747,-0.2490799838108809,-0.36547521819044637,-0.2187959662509125,-0.318388430222479,-0.1893452568168692,-0.2762069496770145
4,0.0,0.0,0.039236673975626676,-0.21663040351514704,-0.004977379560451714,-0.38042072549737643,-0.09497275240001112,-0.45248407778547556,-0.17491868888057543,-0.4623527174506778,0.020361889118546788,-0.488979878216257,-0.009549185231412457,-0.7434258221984217,-0.02120683472165298,-0.8898307926017647,-0.028522763728240145,-1.0,-0.07016276631290708,-0.46447136438728687,-0.17509688574174334,-0.703871643663474,-0.23594087698962346,-0.8445334213087806,-0.28056202098422406,-0.9424163613533364,-0.1562673813028812,-0.40603384321286884,-0.23045317195016748,-0.48193043205372643,-0.19674970008493328,-0.4306507917275709,-0.167076727072875,-0.3749403866503578,-0.23171365746782693,-0.32956810767986766,-0.25437650678580687,-0.36674625584833703,-0.22501150561344485,-0.3188273324953567,-0.1940642896360868,-0.2742119297978029
4,0.0,0.0,0.03972108867858314,-0.21736503058187098,-0.014557317765390014,-0.38890048869938115,-0.1156550262432335,-0.4531669577684003,-0.202995559004844,-0.4590798682051117,0.01790176351764734,-0.4898255876437694,-0.012483282532693372,-0.7478904443155496,-0.02381119129037979,-0.8915621418535837,-0.03230660590071023,-1.0,-0.07292676605210163,-0.4605565177321741,-0.17806360291274778,-0.7037017507515072,-0.23856618288654835,-0.842996882417156,-0.28373916435763324,-0.9427181767905803,-0.1599826998666847,-0.40085005297730497,-0.2330704302945621,-0.47828382155112736,-0.19836154808114193,-0.4234332787153672,-0.1687208126230462,-0.3668988678457987,-0.23583849515830801,-0.3275780678582928,-0.2521361654139143,-0.35848050717600194,-0.2207028375059185,-0.31051497336006934,-0.19175689351161743,-0.2697102320177951
4,0.0,0.0,0.04005829368448416,-0.2181797155947528,-0.006641032084123858,-0.3828873906932452,-0.10033122791030429,-0.45290863386735614,-0.1823144573940807,-0.46225181547284067,0.021773156108364954,-0.48801381768196606,-0.008318766505376201,-0.744731569808302,-0.019842244193052826,-0.8903847121978283,-0.026924386037803106,-1.0,-0.0701183523499147,-0.4613931145801028,-0.17383051858521686,-0.7023369117233698,-0.23482906211015095,-0.8420986376698957,-0.2798985577607491,-0.9402058920450515,-0.15669876923332035,-0.4023031565305081,-0.22790342210676298,-0.4802522367489192,-0.19480414970484933,-0.42835431865151335,-0.16606622813275582,-0.37157980751248937,-0.23206329307294563,-0.32593611050764093,-0.2508466570789419,-0.3647841160602049,-0.22155176669607218,-0.3174668031036136,-0.19244134039491895,-0.2726047482593641
4,0.0,0.0,0.041085393585904066,-0.21770089425956565,-0.004163045299377998,-0.3794287576703177,-0.09596372437119102,-0.4506723962805504,-0.1763558966330883,-0.4623985362695205,0.022968740183040483,-0.4855103859068602,-0.008493087987881072,-0.7442724585855202,-0.02227620822774648,-0.8907191882727038,-0.031038826293046277,-1.0,-0.06913397400992691,-0.459957167514852,-0.1764306146027491,-0.7031954639538699,-0.2382235753628348,-0.8436314329444945,-0.28380480917575934,-0.9408256041138733,-0.15628261412106362,-0.4022329001654485,-0.2310901362681243,-0.4775126180652998,-0.1977601407010269,-0.4293853012628537,-0.1685612307762117,-0.3743335375260913,-0.23264383372775696,-0.32642132121440587,-0.25176192607873116,-0.35887531676056045,-0.22273077708433683,-0.3133532028593967,-0.1926894629555942,-0.2698962500087262
4,0.0,0.0,0.04031680657721396,-0.2166715211964452,-0.0018539714805137874,-0.37733517426063634,-0.08934705147207157,-0.4503968049642165,-0.16646263910883624,-0.4627614928508332,0.02211378331265235,-0.48843427701995684,-0.009345412458519244,-0.7441387108442968,-0.022470420520796557,-0.8904563341098775,-0.030781476675330384,-1.0,-0.0705548722116851,-0.4632601345400318,-0.1766298347512282,-0.7045556663527753,-0.23790910434088186,-0.8454397754117832,-0.28339292282186535,-0.9421949621796539,-0.1572257354179013,-0.40456935731915483,-0.23066861021298396,-0.4798489679363638,-0.19788963997094436,-0.4337591914026368,-0.16958998970304912,-0.37879402640264387,-0.23221700105831278,-0.3262261355236567,-0.25189567852180056,-0.3628262187100985,-0.22325608470231253,-0.31809393997503105,-0.19313194785378654,-0.2731336952677061
4,0.0,0.0,0.04009250318777436,-0.21643935662232452,-0.00853112128697372,-0.38418269952803413,-0.10611542240787691,-0.44837470593235296,-0.1903557549092435,-0.45379592861285234,0.019838473724697818,-0.485693489210045,-0.011115515487558195,-0.7438377838978047,-0.02444485340059382,-0.8895793830198313,-0.03269908310781755,-1.0,-0.07196855446272306,-0.456550432072605,-0.17929745203516675,-0.6994293314766166,-0.2411393739116706,-0.8402277171200939,-0.28623940017597244,-0.9404507862612643,-0.15810258079657535,-0.3965288321273282,-0.23245364754704467,-0.47528592522213153,-0.19801361954998675,-0.42336602440958687,-0.16842312483612107,-0.36730290404784155,-0.23206506034975358,-0.3220563523497761,-0.2517540606625122,-0.3565712808293689,-0.22163740643649543,-0.3095347604568471,-0.1924559163983961,-0.266920862453944
4,0.0,0.0,0.04093511191498982,-0.21931166971546803,-0.006455182619776787,-0.3837665097732925,-0.09953216999294322,-0.44777725251611755,-0.18120529737803082,-0.45039552203015915,0.019591035838831452,-0.4875200295973527,-0.013459999040826533,-0.7444212141765838,-0.027818222925616098,-0.8896993265232017,-0.037266246000589205,-1.0,-0.07292491727128851,-0.4604429463068396,-0.18043565658849403,-0.7001527826307388,-0.24428668324666516,-0.8402251591200268,-0.29160605375482157,-0.9387680101946437,-0.16030594893086414,-0.4002322844086353,-0.2354744551552148,-0.4736151933077097,-0.20177578635096158,-0.4230833042155674,-0.1716364732561884,-0.3671098870230681,-0.23582951376756486,-0.32318664830534605,-0.25537264574298263,-0.3540278571379634,-0.22527882487547873,-0.3073598476284436,-0.19454624928918396,-0.2643375742503032
4,0.0,0.0,0.03768625098972295,-0.2176352274741093,-0.008229521201047056,-0.38258184446889365,-0.10067210654142289,-0.44904842172235754,-0.18085205826885703,-0.45421459531796055,0.01725230627247904,-0.4879018456727093,-0.01612067558264153,-0.7443168816818162,-0.030074483064905743,-0.890784158776897,-0.03820221912514186,-1.0,-0.07395180148970532,-0.4597486259143538,-0.18514442018534688,-0.7007217006635456,-0.24852883333706546,-0.8412920418709957,-0.29525954688226336,-0.9385565469550535,-0.16043814046580512,-0.3984982895419729,-0.23746693427172264,-0.4679083830296991,-0.20284568145729473,-0.4208782561135319,-0.17292514154049116,-0.3671744351378592,-0.23564217428246015,-0.3196085332480612,-0.2560365053232803,-0.3475414569503048,-0.2253137884588965,-0.30398412900061683,-0.19507931015643495,-0.26265330974192186
4,0.0,0.0,0.036869824673341205,-0.217059893331282,-0.011838025013088345,-0.38463164233201846,-0.10525486479132973,-0.4457446558816911,-0.186775794846521,-0.44553412623714206,0.014150677839254599,-0.4879749986199038,-0.019497846311280445,-0.7438750946439628,-0.033288741681056236,-0.8896111225306057,-0.042409358589814664,-1.0,-0.07743146830585076,-0.4576233862106694,-0.1858718523342447,-0.6969577317422296,-0.24884045928945916,-0.8385703767829571,-0.29665235433474135,-0.9390831269845551,-0.16401681807968185,-0.39481037860813095,-0.23731199163834027,-0.4726161826281201,-0.20221678743032975,-0.42321174681009016,-0.17272578606806946,-0.3670413653000641,-0.23809578781500593,-0.3168833340236094,-0.25502854268786723,-0.35184274442242797,-0.2238842708477008,-0.30790814013855455,-0.193757741327675,-0.26605760425908914
4,0.0,0.0,0.03669534167240585,-0.22033950143611697,-0.012564862841135808,-0.38638619012014885,-0.10542949973757208,-0.45034137475088465,-0.1878609203054759,-0.45227432974381465,0.011507395770240948,-0.4950016357369473,-0.02326886326932204,-0.7472098806157799,-0.03814604099773946,-0.8910132775963023,-0.04803004294423912,-1.0,-0.08008688248199461,-0.46521374630730333,-0.18924935785719005,-0.7013929706457583,-0.2524954136557547,-0.8392385712779884,-0.2983969777916623,-0.9367033155486765,-0.1659340713356079,-0.40112551809714914,-0.24004305893186104,-0.47144560369070315,-0.2055522209703115,-0.41948378435798556,-0.17473242456631125,-0.3635547977338899,-0.24036398014395577,-0.32097910462107976,-0.26143380126151095,-0.354589866950959,-0.2309709723595956,-0.30748184441219695,-0.20075467823497703,-0.26494853299792076
4,0.0,0.0,0.04060782243027774,-0.21404994964556023,-0.00745223945317962,-0.38208785666367967,-0.10282893473292017,-0.44635111217750445,-0.1852714759917322,-0.4513408535825647,0.018753288272774706,-0.4854264838781461,-0.01592876057348021,-0.7435894255132426,-0.03099123979649298,-0.8895351994128308,-0.041137863437453584,-1.0,-0.07394164543401392,-0.4561926167496658,-0.17910282588789486,-0.6968990261543844,-0.2414415679028668,-0.8391824462953986,-0.287976034442328,-0.9397879509524362,-0.1609150525225915,-0.3954185348952731,-0.2332455735155778,-0.4794361826165919,-0.199132956940017,-0.42853809989385033,-0.16943270595673163,-0.3701789636506778,-0.2347515820434599,-0.3203668610658166,-0.250056720154997,-0.35701183533363695,-0.21988736492577957,-0.31227130351893473,-0.1907851647278439,-0.26966094677228314
4,0.0,0.0,0.03749976872031843,-0.21400592963233184,-0.017099007288096147,-0.38751741089673003,-0.11660672510459522,-0.44690408206744453,-0.20325431881668768,-0.44403026295985837,0.01213809869382974,-0.49400301253281603,-0.02632714773345371,-0.7475152988128075,-0.042259098813175466,-0.8909735678972766,-0.05267463725878341,-1.0,-0.07900578842999995,-0.4618938186596339,-0.1883227943735902,-0.6975166891959225,-0.2505813370335197,-0.8348770192609719,-0.2958275414228672,-0.9345467140053345,-0.16412136389117704,-0.39848455814544315,-0.24151777034052052,-0.47244742160754905,-0.2072947613285657,-0.4159767679424613,-0.17613979225620444,-0.3591617104287498,-0.23637237900610222,-0.3220320973999619,-0.2564287365897008,-0.35271714943978383,-0.22599449451566897,-0.30266790174525,-0.19594512347197166,-0.2606282346018857
4,0.0,0.0,0.036862927834589373,-0.2156587858444357,-0.015992729705485396,-0.3846964740407897,-0.11519834679037576,-0.4460704588355028,-0.20070416160348228,-0.44502825828038095,0.010868693722139913,-0.49246093822404974,-0.028151053666808774,-0.7461229191012698,-0.04438226851638316,-0.8907267104654566,-0.0545606161775045,-1.0,-0.07926284920885004,-0.46060447416665984,-0.18955430758268527,-0.6974075059130953,-0.2520745944459364,-0.8347633102298381,-0.2972513105367543,-0.9319017686911789,-0.16393477425920888,-0.39723025314987903,-0.2416461229622075,-0.47183655329587976,-0.20623296496197385,-0.4181590757337432,-0.17457877682661516,-0.36229740616962036,-0.23575986130143703,-0.3196352912320662,-0.2554969047581073,-0.350998835701086,-0.22356791449105998,-0.30219742561052415,-0.19264944170983395,-0.2602584174587075
4,0.0,0.0,0.035513003028704054,-0.21708203592834116,-0.020262213649973607,-0.38941009787098274,-0.12227481755182192,-0.44800233793927446,-0.20966903629575986,-0.44394336674026397,0.008976974617334448,-0.49178693319233013,-0.03104946458311054,-0.74645569527041,-0.04814097448500656,-0.8907116701659187,-0.060693110190115834,-1.0,-0.0825989813170384,-0.4579559451437148,-0.191351844803564,-0.6954681324435126,-0.25642771187821967,-0.8340333486067268,-0.30642644245368883,-0.9334348946229265,-0.16929792910148592,-0.3934954467225822,-0.24763186380866267,-0.47030519273766075,-0.21233120088329965,-0.41669810919490896,-0.18049183551203585,-0.3604293006921606,-0.2429707127824236,-0.31673460927167896,-0.2598100962883236,-0.34505167876723164,-0.22738888386370185,-0.2987383458859819,-0.1962017059526998,-0.25909811948219347
4,0.0,0.0,0.03563615280326013,-0.21911573884427155,-0.017694124470702836,-0.3868937263373194,-0.11386562276577601,-0.4438100253765197,-0.19750993857189442,-0.43743768230556934,0.005941491189297727,-0.4938790600955266,-0.03577918687970725,-0.7471811460966241,-0.054064475125083736,-0.8914180538311153,-0.06625320924507533,-1.0,-0.08667482296252442,-0.46080746016752483,-0.1988903048922247,-0.6963582299379945,-0.2644670548124515,-0.8321127685907665,-0.31163254152088965,-0.9277240500864219,-0.1732044247832126,-0.3951800796835404,-0.247917531013134,-0.4681949296388258,-0.21337206771941788,-0.4144241773954982,-0.18184945685324594,-0.357959507359147,-0.2470023535010652,-0.3153641124877716,-0.2653745775956584,-0.3458402125652593,-0.23416395160724154,-0.29815715683249067,-0.20397162326398952,-0.2569206950406324
4,0.0,0.0,0.034701952087301986,-0.21893233618388327,-0.020286220700770453,-0.3853214416817448,-0.11796704454373462,-0.44749662777841737,-0.20092619341890053,-0.4484191285875333,0.007681823019729397,-0.4935924531744498,-0.03482022420657763,-0.7468626935633467,-0.05359236628951364,-0.8915926334606922,-0.06746886804133116,-1.0,-0.08345852004544083,-0.4613909409421368,-0.19273272673167108,-0.697330677550453,-0.2585083159744471,-0.8347786280434164,-0.3086970734981396,-0.9306235188833548,-0.1690630980127243,-0.3972708355507093,-0.24819539987705783,-0.47039732481281726,-0.21408220183805082,-0.4184861820369739,-0.18252016273548533,-0.36347900316912807,-0.2427359849167751,-0.31763460105695523,-0.26273124968775724,-0.34950247513461735,-0.23169714517821186,-0.3030552001720322,-0.20061080110083215,-0.26147456769313976
4,0.0,0.0,0.03369784222854687,-0.2167505286530008,-0.026273743063203788,-0.39077314750843695,-0.12935381071644306,-0.4441135112551728,-0.2168543112910783,-0.4373441664295333,0.004368542689086397,-0.49451611997033884,-0.0381207213773597,-0.748155345112862,-0.055880049874349656,-0.891502098283897,-0.06787830089238397,-1.0,-0.08570109437433442,-0.4586462321006872,-0.1969974867757283,-0.6925826222547251,-0.261874567651582,-0.8280257026668715,-0.309484282336809,-0.9254607011826711,-0.17042782735285428,-0.39251430502391105,-0.24796475998037149,-0.4666353217742658,-0.21265334224378823,-0.4091252867810424,-0.1805521225478431,-0.3527920708325742,-0.241988944812577,-0.31537859281501385,-0.25984999116217483,-0.3442121264959303,-0.22775844335606102,-0.2951809700242596,-0.19772722542985438,-0.255670430680017
4,0.0,0.0,0.03227918400525319,-0.2172108543900129,-0.02504599944965957,-0.38833863848975525,-0.1262212366367696,-0.44519072796296577,-0.21269955377481786,-0.4407148634806774,0.0011351446599098172,-0.4968575820738111,-0.044330602266248735,-0.7481995905614132,-0.06361153182515855,-0.8912038334981438,-0.07663236600253087,-1.0,-0.09021812560358916,-0.46056082650026375,-0.20154775953429144,-0.6936265414042583,-0.2668790241753293,-0.8293513599534318,-0.3152867263916758,-0.9262105193673051,-0.1747210944060715,-0.39330488287223686,-0.2527916488270586,-0.4705115735166332,-0.21769475207077202,-0.41497137721990357,-0.18541437965862256,-0.35791509783451736,-0.2456910256588933,-0.3133774966943382,-0.26369841517297427,-0.3466248001720813,-0.2312370808016215,-0.29939362078303267,-0.19967979996735122,-0.25934992630256687
4,0.0,0.0,0.03209740619663148,-0.21762614366200922,-0.03396187075742654,-0.3954643709801409,-0.14547220998459007,-0.44975544743114876,-0.2380886801255649,-0.4442807625415271,-0.0036667586407085053,-0.49671181518037427,-0.05233292292512112,-0.7491222345847128,-0.07182488503470418,-0.8912332310968297,-0.08607979646207722,-1.0,-0.09127265627982782,-0.46065282795808693,-0.20487642939981388,-0.6956010323115911,-0.2728118684964356,-0.8301714751760797,-0.32385404992213795,-0.9269851026422183,-0.1743717356097405,-0.3945481687192042,-0.25591731109420857,-0.47455475402449615,-0.219052598772133,-0.41439777356027,-0.18533312790357942,-0.3561020083285699,-0.24466759507196043,-0.31743890112050377,-0.2622677982632882,-0.3454457279591971,-0.22714385940589824,-0.2968931818532598,-0.19611894815994602,-0.2592877309967775
4,0.0,0.0,0.03302434295341627,-0.21838538126975324,-0.028833576605317143,-0.3944261569805057,-0.13356483559383403,-0.4517894552589769,-0.2223449155479907,-0.44491087624850667,-0.0066212771951670414,-0.5053622344575984,-0.06293116059165835,-0.751620774147663,-0.0871877442840577,-0.8923211619570339,-0.10525112038290979,-1.0,-0.09594925995057811,-0.46973409352564993,-0.21468709212965886,-0.70667729976368,-0.2843324170767129,-0.8426279552123964,-0.33554402218820134,-0.9388942692729767,-0.17980456782468732,-0.40226252529408835,-0.2673717473953394,-0.4849349458529744,-0.2302038484311572,-0.4243681359140702,-0.19448818763951217,-0.36570485553938004,-0.2501903611716773,-0.32204482320303734,-0.27643218884047305,-0.35642457384592224,-0.24168231353436576,-0.3072779554615925,-0.2085723128459273,-0.2676866655388033
4,0.0,0.0,0.032206046141087935,-0.2184980190045936,-0.026193681041144286,-0.3920184056298243,-0.12144957927907296,-0.4555663067446929,-0.2043367890105593,-0.44683739960995583,-0.014520086273399332,-0.510161178666712,-0.07340274701219524,-0.7539240934148568,-0.10055044203481515,-0.8947864381034902,-0.12174688626931054,-1.0,-0.10212234128276113,-0.4732919582917658,-0.2226723874882257,-0.7103290364099931,-0.2929432978805078,-0.847700960060166,-0.3449567969662943,-0.9424455968443266,-0.18387491270549144,-0.40357162042749134,-0.27369359458940423,-0.48475513278661037,-0.23944174142295432,-0.4284830971080316,-0.2047880779679426,-0.3724512776479733,-0.25307273407814496,-0.32006119695750773,-0.2882694667025958,-0.36521347272616156,-0.25631907847447366,-0.31656887289332336,-0.2233205036776244,-0.27501973165814875
4,0.0,0.0,0.023213772632943788,-0.2256372885577081,-0.035456952877263644,-0.3979465886726114,-0.12245925907262596,-0.4541854105269471,-0.1972847116265205,-0.4466261159168288,-0.0272353612961338,-0.5127585842478948,-0.08841433065932681,-0.7547852194395736,-0.11526325335540201,-0.8955163270308525,-0.13527590601628048,-1.0,-0.1172834152429193,-0.46855911754177676,-0.2285862382312676,-0.7085464250418673,-0.29642177129822855,-0.8501795636646288,-0.3496389641658146,-0.946863831107489,-0.20083383091744605,-0.3959766024294595,-0.27339761091791875,-0.49276821990972797,-0.23687480245358902,-0.44400535371971916,-0.2059220288790982,-0.3876497065989963,-0.27019239936970346,-0.31076349941525455,-0.29805312577844256,-0.37931828850015686,-0.2660876871068352,-0.3392544362241449,-0.2371304182899053,-0.29386464387755656
4,0.0,0.0,0.02303971484011502,-0.22616179470277228,-0.03394613411355622,-0.3951039674221511,-0.12374014809802306,-0.4515316346546695,-0.19867369454939385,-0.44817984362269553,-0.028656857273787324,-0.5084089152650547,-0.09057008858960756,-0.7501336849003148,-0.11736162289471938,-0.8929107248454711,-0.1379418596536486,-1.0,-0.11863052215863683,-0.46498276626089113,-0.23204112158336504,-0.7086871527028332,-0.2997291084799762,-0.8526554736485726,-0.35465302313683217,-0.9512231061089732,-0.20185058792188523,-0.3921382691851065,-0.2756284486653224,-0.5001659313186938,-0.23527289328261194,-0.45106732944129324,-0.20471744035384853,-0.39385883436273406,-0.26913357708816893,-0.3056320935368671,-0.29385464286848584,-0.3770441366504905,-0.25869870091765634,-0.3379213991121378,-0.23058522550131028,-0.29225258462875353
4,0.0,0.0,0.021092915666911693,-0.22829498724012148,-0.034595784039056325,-0.39208757506830694,-0.12170351746161634,-0.4546894287180483,-0.19252203506192703,-0.459237410888892,-0.03233810037308775,-0.5040694867269525,-0.09240737385750544,-0.749947772915771,-0.12095196755246113,-0.8936619724414363,-0.14306049413322977,-1.0,-0.12216359256459688,-0.46130926582155585,-0.23384146024326985,-0.710610809836202,-0.2998302728117502,-0.8558548186744983,-0.35282873590518854,-0.9534902103472906,-0.2052950245142231,-0.3884287535887158,-0.27914282135476626,-0.5000996865508107,-0.23999222878323462,-0.4552529827949682,-0.20948012596912663,-0.39880265616981736,-0.2726239710614277,-0.29896224133507165,-0.30051366745953595,-0.37648717164117,-0.2668625218443572,-0.33922325539867687,-0.2384020115879114,-0.29219915899224697
4,0.0,0.0,0.019397069541140646,-0.22875706922561112,-0.03805718313501168,-0.39396216963072617,-0.12662999500393574,-0.4554045210086204,-0.19887393779605544,-0.45574047350716307,-0.03764461747420884,-0.5086509929535882,-0.09982619401856513,-0.7491433832620987,-0.12684265325968744,-0.8928603286402098,-0.14683112454560912,-1.0,-0.12467252330528633,-0.4655462018700635,-0.2377055730240409,-0.7089422202224278,-0.30455709460844865,-0.8546466234099459,-0.35718320524941716,-0.9522830209077752,-0.2061240931160048,-0.3910331479435282,-0.28394955871520916,-0.496043427236325,-0.24633173963908284,-0.4509924024920565,-0.21443300127632775,-0.39567283672768006,-0.27328584938144057,-0.2996838923635858,-0.3070010436787414,-0.37419500124509897,-0.2742111505216854,-0.33534272692826766,-0.2446119956653591,-0.288918500398383
4,0.0,0.0,0.021868456294577752,-0.22844391108863119,-0.04108271881055144,-0.3976064518694387,-0.1332415258294315,-0.4505713096776577,-0.20940096037679484,-0.44106844101864234,-0.04600606166042366,-0.5101201173491283,-0.11039250203276807,-0.7517247675695363,-0.1387363058372463,-0.8933764661521129,-0.16029935191735503,-1.0,-0.13395650036348156,-0.46358536511140175,-0.24776742692111298,-0.7067278072962446,-0.3153892626773583,-0.8532812042037248,-0.36875283541920917,-0.9538709605498426,-0.21441305120373125,-0.384483468600765,-0.29059136368264615,-0.49198829806930294,-0.25078811295707987,-0.4426849995250681,-0.21741312340639474,-0.38545253575374455,-0.2792680765552201,-0.29113350749852596,-0.31256419107005484,-0.3709630723247733,-0.277883369426528,-0.33091668686008624,-0.24805016191894824,-0.28425662421464687
4,0.0,0.0,0.017855039288133732,-0.2308457992148963,-0.04511075828638721,-0.3992655126709466,-0.13717960329384324,-0.45236661997333466,-0.2115953516380417,-0.44456688562482755,-0.04840283697800377,-0.5111879100632073,-0.11680235072543313,-0.7520915194390744,-0.14832217429685382,-0.8939660164546206,-0.1736615078894594,-1.0,-0.13559292680162585,-0.4646842487094434,-0.2496182941283439,-0.7093862093337903,-0.3183983836747578,-0.8565162795001386,-0.3745427902970163,-0.9568819819089253,-0.21637161059209764,-0.38569995693742354,-0.2955949876184881,-0.4939729003671838,-0.2544385578399241,-0.4458764628518427,-0.2210436305537013,-0.3897398986616182,-0.2807482834740732,-0.29176058296718527,-0.31569644799370167,-0.3709671859028363,-0.2795080899860258,-0.33256682637089663,-0.24887772891446416,-0.2863168459089
4,0.0,0.0,0.017741458313228677,-0.23365369997957386,-0.049080566559457625,-0.40277246966323743,-0.14105615092048263,-0.44565874433076064,-0.21785387315920143,-0.42854821242799346,-0.0488096386932643,-0.5087800191409062,-0.10173423342441129,-0.7512292026797268,-0.12721030526980381,-0.8941390073067464,-0.14773929329466098,-1.0,-0.1338718083872229,-0.4611838181637954,-0.23718231959062022,-0.7034861170506742,-0.3000409725119144,-0.8488856383859431,-0.3515657914825918,-0.9519486096067152,-0.21136034750460572,-0.3807533237297292,-0.28752178816326096,-0.48487082620540223,-0.24569550920941632,-0.4344284072293915,-0.21069696220900527,-0.38072217631469685,-0.27366916658369794,-0.2863641972158145,-0.31103666575337346,-0.3673560008555157,-0.2743193278890566,-0.3279443569463162,-0.24348382416377115,-0.28278049586028997
4,0.0,0.0,0.018033949970328825,-0.2324710811613839,-0.043470137492154476,-0.39941646053586616,-0.13270400982867545,-0.4477927626307639,-0.2061071892513138,-0.437378019486805,-0.042930275218060386,-0.5081186121224145,-0.09833306897808507,-0.7502419381774875,-0.12438638206676475,-0.8944124091168724,-0.14361208291103242,-1.0,-0.12641756755865813,-0.46118906246007085,-0.23211930978052484,-0.7046291337428142,-0.294233439433234,-0.8530908232185893,-0.3435361382160756,-0.956486708397926,-0.20355739161521094,-0.3825314342546318,-0.28423182060923685,-0.48366505240145813,-0.2454604682471569,-0.4373367179523113,-0.21117583561640552,-0.3860957893739434,-0.26595616403334876,-0.28849884669006615,-0.30944885935568844,-0.3683951940052403,-0.27509230320840455,-0.33011946005708437,-0.24345554573630038,-0.28465911168245506
4,0.0,0.0,0.01958705953367605,-0.23065697260243653,-0.04162796664844043,-0.39868290140970536,-0.13016158504344377,-0.4473921584540651,-0.20381515914895756,-0.4357121718764474,-0.04010494160635202,-0.5074562262830029,-0.09511550435448643,-0.7507819384794725,-0.12061857726573065,-0.8951310253503223,-0.13908943673267735,-1.0,-0.12499167249387153,-0.4597810829119028,-0.2297376268561321,-0.703827428386863,-0.29209978579386203,-0.8518833553441821,-0.3416440068325173,-0.9541668818565298,-0.2027904455154296,-0.38072991855029525,-0.2828342977938052,-0.48327123568714153,-0.24382970734998397,-0.4364640657521849,-0.20956437647268428,-0.3846350885448219,-0.2652438722807857,-0.2869574175467591,-0.308515752854374,-0.3705432266565452,-0.2736598590157994,-0.3322585043717016,-0.24171841470515984,-0.2863574545457526
4,0.0,0.0,0.019634413450674012,-0.23219229345559048,-0.04205435119545645,-0.40075893988451544,-0.12953905617499475,-0.45058528280628657,-0.2030475428944477,-0.43972417335905434,-0.042646795202808875,-0.5106658759404775,-0.09691401103867885,-0.7522684735644658,-0.12231200372917567,-0.8959290469399667,-0.14066138701680525,-1.0,-0.127657650578927,-0.46295878986786426,-0.23292255577396204,-0.7054267379645273,-0.2953806785826359,-0.8534099138651937,-0.34404386553716076,-0.9551156775591001,-0.2051457229337587,-0.38295296698962056,-0.2832786583048883,-0.48322736412050976,-0.24463711221058768,-0.437579253036767,-0.21064600585989918,-0.3863026508675046,-0.2669361586159896,-0.28738776257486975,-0.3091705909484275,-0.369924986760105,-0.2750523685010462,-0.3316711229194636,-0.24356328697108606,-0.28568676573458934
4,0.0,0.0,0.018965042388115753,-0.23237256498638256,-0.04134902827384869,-0.39866672057381813,-0.12803606931121042,-0.44865200012264783,-0.19972577902391334,-0.43949183645836526,-0.04266732947137435,-0.5097593742139482,-0.09488262848376097,-0.7516835990295627,-0.12041323630407866,-0.8955224050693706,-0.13953978307074852,-1.0,-0.12695774538585083,-0.46467013029159515,-0.22888035841381643,-0.7054071676793704,-0.2914736162029702,-0.8524624397852144,-0.34197238850377537,-0.9536386377518113,-0.20349084984895596,-0.38679799389420105,-0.2808514471763733,-0.48538252415171534,-0.24232809429988855,-0.44073492089894334,-0.2088631497315451,-0.3900169020627354,-0.2644334634250379,-0.2923177153642708,-0.30533781196841875,-0.37112056415823846,-0.27178994445302196,-0.33416080810799736,-0.24043096054132188,-0.28942604893050833
4,0.0,0.0,0.020572918062745672,-0.2288788171744482,-0.0416765153694727,-0.3967820477060063,-0.12946537477678305,-0.4471079849410559,-0.20239738139034605,-0.4367702449664126,-0.04344237762929228,-0.511164218746201,-0.09805934391042048,-0.7520563143817487,-0.12314357705644029,-0.8954021462942966,-0.1426726815368406,-1.0,-0.127899654403265,-0.46535382036800005,-0.23050280396291764,-0.7053717031755034,-0.29301302833789256,-0.8508026171584087,-0.3429917497247372,-0.9517511304957048,-0.20461951949810306,-0.38614268697738585,-0.2826502706274616,-0.4867971606927617,-0.2437985933642676,-0.4383046660947244,-0.20959415005193888,-0.38636405603344665,-0.2653279253869315,-0.2913901245682884,-0.3072023083030887,-0.37161193116397073,-0.2726538981991508,-0.3318357889973839,-0.24145569865303318,-0.2869246211830151
4,0.0,0.0,0.02018193500828677,-0.23298763319219873,-0.04186798370628395,-0.3991654818750453,-0.13015899128689123,-0.44832905096050757,-0.20229272486467148,-0.4376565520737728,-0.043647799191989994,-0.5085293617535934,-0.09893457078356423,-0.7505340909497309,-0.12487318963677697,-0.8944773050496236,-0.14432869809688817,-1.0,-0.12821910836695347,-0.46325943029648453,-0.23067321198336121,-0.7049224583280095,-0.2934522665797946,-0.8520437750295019,-0.34407226508207495,-0.954174004896958,-0.2052445981034014,-0.3853055060921535,-0.283965155367824,-0.48763942366620316,-0.24523165399077806,-0.44170787292271324,-0.21158346357100366,-0.3907541928835341,-0.2665653809361095,-0.2901677955376407,-0.30831773028062953,-0.3733094435126143,-0.2741827267839635,-0.33618962127958363,-0.2428567604540453,-0.2916797121083699
4,0.0,0.0,0.0215785425138577,-0.23063768479417973,-0.04038136557015651,-0.3978872134614685,-0.12969187082036593,-0.4475513770297978,-0.20341378967785434,-0.4371201177775353,-0.04378527531096016,-0.5084312234239193,-0.0990925114962839,-0.7511566312020355,-0.12447667547718196,-0.8948434871400677,-0.14387837471778395,-1.0,-0.12887661315757903,-0.4626726749712423,-0.2314784565801195,-0.7052143810626578,-0.29489060683984786,-0.8514905405031277,-0.34609593201734745,-0.9525098568657692,-0.2061481436846845,-0.3836147215404885,-0.28422744049373627,-0.48612427983673134,-0.2442913235152816,-0.43875161023974046,-0.2096029731010571,-0.3869388317897289,-0.2669109508245133,-0.2890784895856235,-0.30890828324150965,-0.37072998077755104,-0.27367458201623457,-0.33199074760180813,-0.2423225017737744,-0.28667386490651786
4,0.0,0.0,0.02096171012324987,-0.23106700066843464,-0.04151228485694244,-0.40004136350231706,-0.13207205443854236,-0.44945053434287374,-0.2068539192923733,-0.43728731717965036,-0.043903456107547714,-0.5090232154558649,-0.09839416472487701,-0.7518067596287653,-0.12361448976745093,-0.8952125332498818,-0.14248107220371015,-1.0,-0.12858310931272737,-0.46246275749690385,-0.23233083715935768,-0.702889581891176,-0.2948812339843448,-0.8493694157981301,-0.34446287954423205,-0.9515743263066277,-0.20565061740678553,-0.38347313983379716,-0.28261803147658193,-0.48293171375912997,-0.2435925560258912,-0.4347639913866973,-0.20931790595693664,-0.3827242278672523,-0.26719529208137266,-0.2895827714818105,-0.3080424570376831,-0.36918284314521943,-0.2732700538404778,-0.32922859078753514,-0.24209897060197208,-0.28350290177575604
4,0.0,0.0,0.021022285898893028,-0.22751272348460044,-0.04330595677262166,-0.3983157260938284,-0.13332543563890764,-0.44572004285404926,-0.20852054356063024,-0.4309280597022225,-0.04357831854644021,-0.5114268317103662,-0.09795579229317256,-0.7520132463898616,-0.12352606334258867,-0.8953934614154606,-0.14273767599654277,-1.0,-0.12757312454437686,-0.46410598416095644,-0.23320080241299923,-0.7008585753881577,-0.2970242085165223,-0.8453495395472067,-0.34696455465834003,-0.9461815417295788,-0.2039038702053772,-0.383569824902137,-0.28635992999672044,-0.48137943739252187,-0.24823688953290118,-0.4297904656533164,-0.21288191850937901,-0.37648233248623314,-0.264939100352978,-0.28877705922645885,-0.31014050378776864,-0.3665705810701503,-0.27605278666796723,-0.325426563804631,-0.2444094784288334,-0.28097812220903223
4,0.0,0.0,0.021611505348863316,-0.22903768230615948,-0.03993869332134154,-0.3979089849655978,-0.13001319546242854,-0.4517291875073691,-0.2042412001117825,-0.4420115122104169,-0.04071061810221153,-0.512259490060627,-0.09620071868259908,-0.75201520138117,-0.12175609739150223,-0.8956457036794647,-0.14105334836216235,-1.0,-0.12546166204633677,-0.4659159924357886,-0.23245445372370652,-0.704906075970861,-0.29667566413216223,-0.848855933647908,-0.3470861522339894,-0.9470565997831663,-0.20274305805113205,-0.3866920819191331,-0.28276570986354843,-0.48394765590003497,-0.2444337274890557,-0.43592980891224614,-0.2099431294460316,-0.3838289032523113,-0.2646653222943385,-0.29241455248665094,-0.3070376957687014,-0.3692958721458054,-0.2731224042536421,-0.32946998189722393,-0.24167292928191889,-0.28431064511415044
4,0.0,0.0,0.020920040445491166,-0.2299057506247256,-0.040507065092328855,-0.39861244729429285,-0.1305442190389841,-0.4483192218271862,-0.2051983163711824,-0.4347480893349723,-0.03998732467584368,-0.5107526864204948,-0.09350212625522035,-0.7518143946810552,-0.11881302843488308,-0.8956394691263224,-0.13787368830973923,-1.0,-0.12448999249927485,-0.4638918870432276,-0.23063290938544118,-0.7032537422450245,-0.29428123733838607,-0.8478888341927077,-0.3446954061614977,-0.9477085322676158,-0.2014912835970207,-0.38414159701048267,-0.2824581745252699,-0.4831178300175176,-0.24337968970432894,-0.4347883784479092,-0.208740174641902,-0.38249169810792116,-0.2632218063357725,-0.2894032139852524,-0.30689118670767684,-0.36899788596182875,-0.27197887851398983,-0.32964769396954513,-0.23989158644952246,-0.2842103708520539
4,0.0,0.0,0.023329330643079977,-0.2306954451019406,-0.03903214233680811,-0.401892087485234,-0.12818650793607744,-0.4522360516152857,-0.20291209547615,-0.43970498050166595,-0.03803322359474708,-0.5131500253797827,-0.09233554426914307,-0.7530498861625345,-0.11781632544356038,-0.8954754882502833,-0.13701448486417883,-1.0,-0.1237163248685963,-0.46674478222801186,-0.2289730479616601,-0.705855423435558,-0.2937375453828377,-0.8502507657057137,-0.34431453269468204,-0.9503142612682385,-0.2012278846300925,-0.3873320440396456,-0.28005112190139103,-0.4860514254390366,-0.24181774571334438,-0.43642421371219925,-0.20677303357670948,-0.38281260933132,-0.2631677896004618,-0.29325826399682275,-0.30470927049315755,-0.3711856421269462,-0.2700961068747588,-0.3312815070828524,-0.23783964511914613,-0.2858774608327411
4,0.0,0.0,0.022330653039867983,-0.23058448299292267,-0.040949812472302796,-0.402310805166279,-0.13050232572208037,-0.45030812512668766,-0.20559859748366566,-0.4350108351633119,-0.04089334362901428,-0.5111183235521101,-0.09246114829338425,-0.7512941320602783,-0.11682163320298351,-0.8948627932231731,-0.13545134654254545,-1.0,-0.12627760757940265,-0.464539361667056,-0.22968359277629666,-0.705308256234503,-0.2935934846052768,-0.8505821350205948,-0.3445343654256614,-0.9514999550098907,-0.20302094167181942,-0.38438341626492006,-0.280751990907537,-0.4854649306178529,-0.24133945837131018,-0.43654104289358103,-0.20645335515779778,-0.3837542075544432,-0.2645421687887455,-0.28956765865052086,-0.3064182226154127,-0.3725690244566669,-0.2710112786450176,-0.3336689548335208,-0.2388583109679358,-0.2881266695165843
4,0.0,0.0,0.02198204489317316,-0.23239676698207848,-0.04173579684407623,-0.40357581877861304,-0.1326892038098425,-0.44892692617839025,-0.20930598171004308,-0.4314721286182525,-0.03980926214321634,-0.5107441169292981,-0.09199290567794226,-0.7516199300888515,-0.1161181658188294,-0.8945281772901204,-0.13461988864214416,-1.0,-0.12507589689391604,-0.46437721025215706,-0.229298912288774,-0.7056772105306527,-0.2929765632794295,-0.8511988391863929,-0.3445096191036666,-0.9542609645244035,-0.2018428440239172,-0.3847346588889563,-0.28302389279817314,-0.48527279441947113,-0.2436241830998675,-0.4356385329438253,-0.2083981950641504,-0.3830979781051079,-0.26359898415703703,-0.29056937782922243,-0.3072472270978682,-0.3719675440062737,-0.271814060132019,-0.3335493403939447,-0.23916901699713636,-0.2895201590723539
4,0.0,0.0,0.021961875612387105,-0.23403100136905894,-0.03768881520315994,-0.4006786449807847,-0.1258080859876323,-0.45106134713935414,-0.20027042424545086,-0.4403428346071131,-0.039004711579981,-0.5111567895122556,-0.09076199109480622,-0.7514071004968597,-0.11465673293483084,-0.8943634187363778,-0.13290105376068312,-1.0,-0.12559980675708746,-0.46544922393311944,-0.2289230242690653,-0.7064985578630245,-0.2923616433362421,-0.852129450240633,-0.3433315923914264,-0.9541043711701988,-0.20342368000442348,-0.38605975963855577,-0.28206843131044407,-0.48515029734154946,-0.24266726797368623,-0.43775999730745,-0.20760554667479095,-0.38509857175194906,-0.2657536984452218,-0.29068415410849086,-0.3073455090719756,-0.37121685938414584,-0.27242267701863254,-0.33342423239241425,-0.23964492434388082,-0.2882868667214538
4,0.0,0.0,0.020316711100094066,-0.23194424130857108,-0.04231358225460436,-0.40157849062577017,-0.13044327717740112,-0.4499297754575863,-0.2056280056284651,-0.438711898440839,-0.04152737805439019,-0.5106453711475639,-0.09305279688835102,-0.7516973073353935,-0.11681373217708334,-0.8943778359332841,-0.13490649289588422,-1.0,-0.12744296792468454,-0.46488876802228457,-0.2307237487161418,-0.7058154497493871,-0.2936358372593405,-0.8519217698925688,-0.3438993037274087,-0.9548841089939157,-0.20519207634811815,-0.3859670809398701,-0.2848929665080511,-0.4847776448901486,-0.2459940724557127,-0.43647974361888686,-0.21094054504396542,-0.3830550514686441,-0.26742483720475363,-0.29225628791066915,-0.3095616411112926,-0.37116637938361896,-0.2748910969895063,-0.3327145726509237,-0.2421805390448784,-0.2874259508208324
4,0.0,0.0,0.022755998260644707,-0.2325771679831142,-0.037977496446329494,-0.4009029639090359,-0.12645060328058383,-0.447982947428277,-0.2021003806800787,-0.4357677450526867,-0.038502462706139086,-0.509162526317568,-0.08570861366504179,-0.7519305126791969,-0.10882731588700949,-0.8950345048748082,-0.12676799667444572,-1.0,-0.12385671043195727,-0.4646507633157527,-0.22592178068555327,-0.7061821990578803,-0.2885686320427008,-0.8522438851716121,-0.3393748337538275,-0.9554521969947684,-0.20035257765290493,-0.3856630343060788,-0.28065343543241394,-0.48249237523535027,-0.2400252159342016,-0.43388839875581353,-0.20400550901896972,-0.38170455831439865,-0.26138305954176094,-0.2915910553429086,-0.30563491761787315,-0.3698585328383401,-0.27029991591214425,-0.33098820976247445,-0.2369012004173619,-0.28631747578668554
4,0.0,0.0,0.021232612759346813,-0.23127927726024503,-0.038906834113441376,-0.4016116681075088,-0.12692833802064382,-0.4547340470758112,-0.20241874723237893,-0.4462291191880913,-0.03914317919189096,-0.5091136202206539,-0.08659819103180737,-0.7512156235455398,-0.10956145264194535,-0.8950269620696184,-0.1277156816761628,-1.0,-0.12448712489980045,-0.4650467308500827,-0.22723268691752993,-0.7068898904430252,-0.2911117158079307,-0.8527309679275688,-0.34234824890304044,-0.9531734760315892,-0.20135475751229767,-0.387495947375431,-0.2803001298532722,-0.48069334297062066,-0.24120151110131072,-0.4362946530693979,-0.2053668353574203,-0.3847002166369133,-0.26381254864582954,-0.2943009545490612,-0.30619979339464654,-0.36773404756728667,-0.27164459204726116,-0.33007326752040317,-0.23798802623845394,-0.28458295605767236
4,0.0,0.0,0.019548612602454985,-0.2306385278044836,-0.04266686960737994,-0.40095673916952285,-0.13147771051737525,-0.45138587331219115,-0.20706583167015036,-0.4416979583500114,-0.03817136263747151,-0.5114191984854352,-0.08534375560189586,-0.7526159781951962,-0.10884459504590581,-0.895473121052339,-0.12695073902700707,-1.0,-0.12292426027211802,-0.4687756278655237,-0.2257127516828211,-0.7080158369967997,-0.2878703130453045,-0.8532234013070406,-0.33766231786710615,-0.9555213074956272,-0.19967058062437693,-0.39188722723921643,-0.2812132261819432,-0.48288795522370104,-0.24218045425077778,-0.4358874739471865,-0.20669065264764414,-0.3843332382320924,-0.2623148077531409,-0.2990208382768831,-0.306773848541448,-0.3702327781151957,-0.27255297076516,-0.3303101808355267,-0.23894091512870214,-0.28498406931731846
5,0.0,0.0,-0.28410045286726715,-0.13613268298662026,-0.4513021085318289,-0.2973338040421803,-0.5981601680178874,-0.4271677314311151,-0.6570269848043182,-0.5771978772867143,-0.21454054405540235,-0.7316020221754209,-0.45772471247894325,-0.9220831547731364,-0.5773381414703826,-0.7693563433473875,-0.5977822390340631,-0.589323889243096,-0.1657971898462958,-0.7766851925435998,-0.47869010397880607,-0.9539911589788731,-0.5999017056325372,-0.7506796839368235,-0.5909399369248929,-0.5657117180693556,-0.1598816527790229,-0.773578769511017,-0.467248267513894,-1.0,-0.5992955965527842,-0.7885759108758823,-0.5981647279718428,-0.5841368504197392,-0.21608490926102025,-0.7267953747110243,-0.4661226884795408,-0.9364626959742811,-0.5703397065377792,-0.7977483494562665,-0.5770300709811552,-0.6051046130956588
5,0.0,0.0,-0.29264800369167454,-0.12618446744135897,-0.47852742223821754,-0.29062442731574195,-0.6318879426642321,-0.42129892333519536,-0.6845662466430122,-0.5725046789913839,-0.26094861904435973,-0.7412810316670015,-0.491655093384793,-0.914395985083162,-0.6119999293459422,-0.7702457914836837,-0.6385551833951189,-0.5937467110904056,-0.21088396322161895,-0.7933032096813722,-0.5169926689055171,-0.9585131883894775,-0.6434325213268538,-0.7620242534773204,-0.6441933404134587,-0.5743939390594032,-0.19720577920754115,-0.7957911892917887,-0.503861501855037,-1.0,-0.6380556371266467,-0.785711578360134,-0.6415197099062141,-0.5775332607657281,-0.2381260703905771,-0.7461922246681283,-0.4846148949057688,-0.9336021131451139,-0.5950933700734434,-0.793944616050394,-0.6102770007058046,-0.6030515193198369
5,0.0,0.0,-0.2889469532546227,-0.1265521402022338,-0.47349806552213497,-0.29078111128721795,-0.6265397720037122,-0.4181413071261895,-0.6819971250809659,-0.5650337285354495,-0.2568838186400662,-0.7393549663814041,-0.48864901709468267,-0.9156673925730342,-0.6097336806201323,-0.7719452611018324,-0.6388191027284246,-0.5952273412312679,-0.2083632842239505,-0.7927192538036791,-0.5151118314187056,-0.958912294813877,-0.6425700566829957,-0.7630940285421375,-0.6457703967626469,-0.5744782681590349,-0.19533966279710016,-0.795075991127879,-0.501038470594379,-1.0,-0.6358602631769413,-0.7845478140812399,-0.642301987432078,-0.5760449066384244,-0.23594729864801847,-0.7451147906247223,-0.4822188364914994,-0.9317406452901442,-0.5914118894118143,-0.789257440845655,-0.6067499214390353,-0.5976892540510431
5,0.0,0.0,-0.28818993322148717,-0.12469686880439558,-0.47492261155053295,-0.2891851837140093,-0.6293999422931256,-0.41993299897183195,-0.6821009568711914,-0.5712875749816977,-0.26071829795247253,-0.7386301550233209,-0.4900891477422875,-0.9137880811581538,-0.6089726650001922,-0.7701593853574231,-0.6361934647792216,-0.5947484169687635,-0.2103814630366137,-0.791877343652161,-0.5143617110290563,-0.9570738458579134,-0.6392364082196804,-0.7633374507868677,-0.641765911273014,-0.5785564711786528,-0.19504629330797027,-0.7943950772983399,-0.4995322580140928,-1.0,-0.6332946965764081,-0.7861141959830645,-0.6399127813371039,-0.5790452693695478,-0.23381067474195116,-0.7442386453265247,-0.48151495073307776,-0.927756804326434,-0.5920090874534993,-0.7864370271433792,-0.6093548029387474,-0.5961243342239464
5,0.0,0.0,-0.2906773362201989,-0.12480013866355653,-0.47579593836228645,-0.28588268387426563,-0.630086503144534,-0.41753245704037034,-0.6809272978453534,-0.5711069361890584,-0.2610051345176043,-0.7332752691931147,-0.48948767928764536,-0.918161877951099,-0.6095616527697091,-0.7733550411326933,-0.6372060468474238,-0.5955827431441227,-0.21086610373767323,-0.7881267860828206,-0.5138904087857464,-0.9563171238475612,-0.639619989879323,-0.7620212416704552,-0.6410613417314878,-0.5775289390401809,-0.19596399447989782,-0.7919233252225925,-0.49860234773265255,-1.0,-0.6321108221470965,-0.7848685964501249,-0.6382733816648293,-0.5767144375349321,-0.2344181602254458,-0.7425739165624364,-0.4801493717909265,-0.9282179235866856,-0.5892303291276462,-0.7837340597501853,-0.6053641056751439,-0.5898588319798703
5,0.0,0.0,-0.28789034495024596,-0.11946503649728722,-0.4729023456910098,-0.28249762093794634,-0.6266977518551183,-0.41130178241712706,-0.6828298645172292,-0.5642748307152955,-0.25597332516781784,-0.7308428205499622,-0.48500154936989237,-0.9054334293514833,-0.6082356802467257,-0.7679973523193793,-0.6394863792967511,-0.5944165843086419,-0.20664157115274953,-0.7854381233005062,-0.5102793816455592,-0.9560677542204286,-0.6417358076801074,-0.7644644222500518,-0.6474270375130872,-0.5754825507945792,-0.1938894318304751,-0.7892855112828966,-0.4964210472273613,-1.0,-0.6338182524941188,-0.7862883514887703,-0.643421962180706,-0.5755403083704479,-0.23604164412898826,-0.741515320426196,-0.4822262520100553,-0.9250121474266708,-0.5919586785800071,-0.7832432437388037,-0.6100952908323142,-0.5896128042128193
5,0.0,0.0,-0.28622689218060415,-0.12400332582379972,-0.46525106987212456,-0.2873353182555865,-0.6178085061653587,-0.408245598848328,-0.6818482545608232,-0.5517855934798723,-0.23790369805127967,-0.7519729802276429,-0.4873610330130931,-0.9167055540239049,-0.6080801805779746,-0.7622132368078202,-0.6306136915989488,-0.580439180415757,-0.19017299812249536,-0.799858168745549,-0.5119919153093373,-0.961469691139211,-0.6410312599794719,-0.7612109250256602,-0.6366626609354643,-0.567473777857957,-0.18393325947463332,-0.7911652531430563,-0.4994878871489499,-1.0,-0.6360247021707329,-0.7838200890814485,-0.6394467289882789,-0.5749330579756848,-0.2356168304724605,-0.7288365181563646,-0.4868751077510171,-0.9150236379362143,-0.5951618793086767,-0.7737990626298014,-0.6092577127905277,-0.583711901604499
5,0.0,0.0,-0.30061488488345955,-0.13021002362829062,-0.4847489467015441,-0.2916921152054447,-0.6404999671126576,-0.42364643287982534,-0.692054128951631,-0.5829276023103539,-0.2618083629259182,-0.7584145518178027,-0.5077630391084711,-0.9379779958381249,-0.6219001872771521,-0.7800830640305715,-0.6414394247678551,-0.5993513965555749,-0.2089146743321882,-0.8009322838777574,-0.5271595238491057,-0.9674900488684225,-0.6484453322019124,-0.767489832028802,-0.6410866989854074,-0.5849039147502261,-0.19683453908208898,-0.7896986362956275,-0.5081967183491856,-1.0,-0.6411803014215283,-0.7855148965205192,-0.6424312853313057,-0.5815826545650884,-0.2423536928871545,-0.7222634117112188,-0.4934377102892568,-0.9102204463860425,-0.6021860324926943,-0.7708762344498887,-0.6160106424885672,-0.5836766024990043
5,0.0,0.0,-0.2972192716077393,-0.13683325110732564,-0.4838451139030522,-0.3024997272288841,-0.6396064017794775,-0.43101678795635767,-0.7003487985247752,-0.5914592839179601,-0.2562443585973747,-0.7697163922081378,-0.5043692973299886,-0.9433006922443912,-0.619564046970784,-0.7771509577460787,-0.6303303072792312,-0.5962761403418785,-0.20641906168344593,-0.8071033262348802,-0.521917974575498,-0.9707879783402309,-0.641932618877048,-0.7618714859775093,-0.624469727142205,-0.5812667142120945,-0.1999987310893214,-0.7869658924851982,-0.5098681485637048,-1.0,-0.6371858206201738,-0.7842996609417051,-0.6270339990318747,-0.5869855695367073,-0.2503751999092818,-0.7115710624383584,-0.5024289363106029,-0.9008279284738284,-0.6025240063156008,-0.7624746653493825,-0.6031775846749904,-0.5834327983564211
5,0.0,0.0,-0.28975214594823334,-0.14211812150681327,-0.47567039713128706,-0.29883775250137024,-0.6343175765850809,-0.41816470290152785,-0.6917247379862529,-0.573579477723223,-0.24481431400477005,-0.7659174066159515,-0.49865493891404505,-0.9393433666732062,-0.6145610406474311,-0.7715064173903404,-0.6284129968319936,-0.5899864253433473,-0.19487576505902732,-0.8021128253672767,-0.5155828788653241,-0.967685894937612,-0.637808102037782,-0.7565963769830831,-0.6241989588950951,-0.5723150903906739,-0.19068583247483675,-0.7811336025977477,-0.5012389623437441,-1.0,-0.6317455178559961,-0.7835888295443648,-0.6267523667673403,-0.5830417963942264,-0.245345863424702,-0.7049830338785776,-0.49458641285079225,-0.9035278271663806,-0.5958496564987239,-0.7667069888807463,-0.5992451681524303,-0.5848336862626762
5,0.0,0.0,-0.2934587563655333,-0.15136840659072429,-0.4743012733158797,-0.3116007877848711,-0.6285907465963314,-0.4186723356119769,-0.69579411030383,-0.5569750971829159,-0.25007287846939874,-0.7817233177626798,-0.5101328968529054,-0.9477714182498845,-0.6266800405050862,-0.7711301358398878,-0.6388711438920869,-0.5897181032907592,-0.2012314020422709,-0.8063537995137716,-0.5306058188401653,-0.9772633123508432,-0.6554982446401199,-0.7594405513936177,-0.6386723844300903,-0.5724751969113477,-0.19835845606439528,-0.772365495636358,-0.5136026442679863,-1.0,-0.6470962986106364,-0.7856156033849085,-0.6394529511944398,-0.587365593272585,-0.2541497139955952,-0.686360707276828,-0.5045801851461823,-0.885434610229208,-0.6065884228541301,-0.7593885949728502,-0.6069362519126239,-0.5901860597784774
5,0.0,0.0,-0.31439555782219947,-0.14247781677378168,-0.5123290702770881,-0.29055592544595255,-0.6708321706633501,-0.40199075528708195,-0.7308638596323107,-0.5499315841606172,-0.3102797491700734,-0.7729240459226349,-0.5598521824902676,-0.9315402103991731,-0.6717434051836093,-0.7472880561059866,-0.6744983082613139,-0.5601177796901389,-0.25828353888534317,-0.8081090392844285,-0.5779086555904074,-0.9662445090234968,-0.693942574128075,-0.7286303267879681,-0.6643158183384095,-0.5419751296919227,-0.24330065103199422,-0.7849911384295708,-0.5581286445287408,-1.0,-0.6810351706879967,-0.7610299104501381,-0.6553487673859737,-0.552738796615454,-0.28302613279963407,-0.7032949219918101,-0.5451759120402743,-0.8871797903453953,-0.6384300016942378,-0.7353143793565654,-0.616085021438227,-0.5535733336964254
5,0.0,0.0,-0.3182114795062202,-0.13987166886180766,-0.5282626751764808,-0.27898150158924445,-0.6995404305484656,-0.3894914558720256,-0.7418722202323371,-0.5440455684475042,-0.30381503281430233,-0.8050182474031999,-0.5873781273708227,-0.9415051040553232,-0.6974967636947184,-0.7384780657470578,-0.6937191352366663,-0.5427320092449749,-0.25741159739516206,-0.8366201691621706,-0.6105670655524563,-0.9633608290018079,-0.7188981543893889,-0.7092780782974355,-0.6802197232712207,-0.5197943430229771,-0.2510165453463481,-0.7995559246244053,-0.592133698187387,-1.0,-0.7121096691494793,-0.7442480666777599,-0.6831130083960617,-0.5291302729213613,-0.3009480118227379,-0.6939485497967967,-0.5762532398306686,-0.8815165016315492,-0.6688586348009284,-0.7220832534245609,-0.6456370867893877,-0.5356775335546337
5,0.0,0.0,-0.3187251972753601,-0.13927516958449593,-0.5269820132845597,-0.27752665907078633,-0.6978932014519185,-0.38412925460426756,-0.742936007647617,-0.5324362316437791,-0.30127907099796464,-0.8070896549048104,-0.58616550318004,-0.9409814206647924,-0.697231971836451,-0.7383640166921235,-0.6981134937404537,-0.5408040756719003,-0.2566170582778046,-0.8383520231968309,-0.6109121405919848,-0.9611267888827354,-0.7219121158994946,-0.7081330889952626,-0.6893624751752285,-0.516559842250262,-0.2527163503088325,-0.7997339384169292,-0.592769862462829,-1.0,-0.7144523382024572,-0.7448169580968439,-0.6911101743642566,-0.5275461485006367,-0.3060660629940703,-0.6916659317711218,-0.577306366782251,-0.8782542056602243,-0.6708896704258044,-0.7195781464405775,-0.6529920243256304,-0.5322201723535823
5,0.0,0.0,-0.320141363171033,-0.13665758252349888,-0.5269434793912309,-0.2768143685404943,-0.6976676556358208,-0.3843298882636299,-0.7447260066947411,-0.5332401433641251,-0.30071678539698155,-0.8053274342767643,-0.5857385880451454,-0.9371355216536335,-0.6972229013409914,-0.737971201763094,-0.6988016469823993,-0.5425198316380415,-0.2567153495011354,-0.8354854744128011,-0.6109673414719553,-0.9600696071295963,-0.7235523555948857,-0.710866994334623,-0.6920586434518429,-0.5199725502933441,-0.25297025412820057,-0.7970516577269585,-0.5933681057800092,-1.0,-0.7165652215880388,-0.7489170893447087,-0.693069160437758,-0.5326811620751584,-0.30683625221320304,-0.6897780667261786,-0.5775517623543055,-0.8738379142732133,-0.672721607414239,-0.7197510714615348,-0.6556835547651944,-0.5350734117603956
5,0.0,0.0,-0.32146673792254327,-0.13823945677209115,-0.5306381168277828,-0.2826181209853552,-0.7007923190349636,-0.39322206390848125,-0.7456535472749299,-0.5459181649413681,-0.3080588315881697,-0.8091274934193811,-0.5888878564505581,-0.9428354960761368,-0.6992897392419289,-0.7449781621661269,-0.6983628368748809,-0.5490691392996554,-0.26370398790178184,-0.8381669372850136,-0.6123996509613989,-0.9636584450291532,-0.721774659226293,-0.714425912078453,-0.6866623915491612,-0.5261114232914679,-0.2573239304257245,-0.8007362676249419,-0.5940546715473768,-1.0,-0.713945269915133,-0.7497012736664692,-0.6858102479045077,-0.5354148289215402,-0.30611827852525725,-0.6940640340194503,-0.5753350169326743,-0.8732695956452339,-0.6687086612035202,-0.7198554406101016,-0.6476762467736057,-0.5371967841759764
5,0.0,0.0,-0.3145565838688274,-0.1352220930173352,-0.5234200781351094,-0.27645909003200586,-0.6933568301677161,-0.3859653527624085,-0.7371454647065526,-0.5367344047136002,-0.2996924424271081,-0.8036997155131955,-0.5835824619319152,-0.9389440189735123,-0.6925082683421827,-0.7359942965689342,-0.6895515579879551,-0.5398181447555526,-0.25409238385474614,-0.8340647270248769,-0.607710728381382,-0.9623772653554488,-0.7170154291470189,-0.7076422710555439,-0.680859637198998,-0.5184247475954342,-0.24711093054030722,-0.7963073251094412,-0.5877373071707775,-1.0,-0.7075167337691263,-0.7452204970258197,-0.6787230452571574,-0.530433047453621,-0.29620847546992646,-0.6888934090115405,-0.5699475324373424,-0.8732021612077846,-0.6626772731334932,-0.7169980470612073,-0.6392574583633204,-0.5344462901449367
5,0.0,0.0,-0.32196688582416133,-0.1374583052660321,-0.5306634456531684,-0.27893516515229816,-0.7030264645656136,-0.39280898963720506,-0.7446300644332219,-0.5465719978820153,-0.3029696647077545,-0.8053440082684769,-0.5881847818062426,-0.938098045456135,-0.6954776998742137,-0.7361819686590536,-0.6967097763929476,-0.5405283587772912,-0.25740473395730756,-0.8393182180245589,-0.6141027194344881,-0.9617657125962515,-0.7223117471502049,-0.7105654270427373,-0.6884158668000945,-0.5178179529232322,-0.25293103868501265,-0.8041614726705435,-0.5982058238928885,-1.0,-0.7173919186659946,-0.745929520136574,-0.6912993073455145,-0.529860017315479,-0.30600199294028635,-0.6994353218111101,-0.5807868475831626,-0.8799039771557189,-0.6737680029586791,-0.7230127379332976,-0.6550060349848975,-0.5366834181504511
5,0.0,0.0,-0.33140411518298896,-0.13575427761880376,-0.5438309799208764,-0.2792999228122944,-0.7167001241622429,-0.39473415436758214,-0.7530422240592904,-0.5522565037492442,-0.3091045549998879,-0.8092343577459766,-0.5934766602385096,-0.9487737332622073,-0.705213960120753,-0.7527067297786183,-0.705895624713304,-0.5557602882243732,-0.26440935035282503,-0.8435077096959359,-0.6203998316034011,-0.9641292468807305,-0.7275685018645689,-0.7164186328060916,-0.6930907928839269,-0.5285482412484124,-0.25951065343360735,-0.8110631618916931,-0.6066359363039509,-1.0,-0.7250781396517407,-0.7454822594610099,-0.6987846761941942,-0.5300763371818054,-0.31166271001087886,-0.7072635801785958,-0.5889758234155968,-0.8811828900229998,-0.6824934084403991,-0.7195383470585577,-0.6651195911222395,-0.529832389868731
5,0.0,0.0,-0.3126036689894246,-0.13618180172201275,-0.5251724321968549,-0.2763367104801565,-0.6975456494101115,-0.38449555799166696,-0.740404831703389,-0.536929712655217,-0.29702235188200704,-0.8065766594684628,-0.580132168732254,-0.9421090716735855,-0.6967166042239064,-0.7413421961126544,-0.6983498057133483,-0.5441389879356398,-0.25408254362981747,-0.8361708558717212,-0.6068312797521839,-0.9668582614046076,-0.72366548044264,-0.7125971137484174,-0.6944238473357984,-0.5206025177909503,-0.2512211984575553,-0.8000231711994961,-0.5921331674425017,-1.0,-0.7169482864223169,-0.7455305394043161,-0.6949673714631605,-0.5298022902504724,-0.304244159240826,-0.6951564042820447,-0.577813646592059,-0.8811755650411801,-0.6720299872479529,-0.7236139499384657,-0.6534202890142662,-0.5376225700803902
5,0.0,0.0,-0.32562462176123597,-0.1394229123283145,-0.5362562319966249,-0.28473471801274164,-0.7068485642157468,-0.39602254781455903,-0.7510721483364868,-0.5482203838718552,-0.31005334274844637,-0.8132283976616483,-0.5932957349151753,-0.9534201211522793,-0.7061513846940389,-0.7580909079257777,-0.7080011664721083,-0.5651569654659998,-0.26575215768371363,-0.8437950934784132,-0.6181814095877898,-0.9684104464916033,-0.7290689449273825,-0.7227262967302087,-0.6964133440616931,-0.5371435513878894,-0.26197130626090387,-0.8075163010263515,-0.6039160034741345,-1.0,-0.7234407696749556,-0.7501696423351423,-0.6972455351805285,-0.5387950293961856,-0.31381558399011766,-0.7033243928384512,-0.5868120180336167,-0.8821304865140269,-0.6792370247095803,-0.7241245182640493,-0.6598706732865071,-0.538633770420943
5,0.0,0.0,-0.3208729889529586,-0.13686058759100708,-0.529987401913271,-0.27918991396966447,-0.7015597614519549,-0.38893468632374245,-0.7492110881365508,-0.5354327752580438,-0.3047032273714874,-0.8101195470569518,-0.5918972494585693,-0.9473363920185748,-0.706266629281958,-0.7452335371640058,-0.7076540290249557,-0.5479030958949279,-0.26025147867373893,-0.8399713068861023,-0.6176174389164315,-0.9642358205015922,-0.7297404108047408,-0.7081697314776796,-0.697358182263056,-0.516446821477165,-0.25681684608176397,-0.8020763215126945,-0.6012182234352417,-1.0,-0.7223446793123594,-0.7429691019583916,-0.6972974496137788,-0.5260376794457262,-0.30984520000294036,-0.6966596692853465,-0.5848139323147751,-0.883524142365731,-0.6774989559935074,-0.7237837980693669,-0.657370195776158,-0.535076430376406
5,0.0,0.0,-0.3235724839118723,-0.13840022456940665,-0.5329908473887207,-0.28110422677990177,-0.704902776054495,-0.3934897751402019,-0.7472223175527567,-0.5454017390049428,-0.30668173182435365,-0.8084312964571361,-0.5842144954624132,-0.9510557490032092,-0.6982853703415268,-0.7596097138588012,-0.7036521567726771,-0.565532819956406,-0.2631098110959462,-0.8423373169763736,-0.6112967563272342,-0.9649735963752104,-0.7220606882981916,-0.7231170972820238,-0.6916130542407275,-0.5360341500373549,-0.2594551023981936,-0.8102916498371607,-0.5974507148470121,-1.0,-0.7166386394895445,-0.7495504651983418,-0.6931936638340298,-0.5354276718435547,-0.31103074013746956,-0.7107694758081903,-0.5818890757367363,-0.8854488352221979,-0.6749741507589337,-0.7216324928700093,-0.6594792136902861,-0.5308254069660515
5,0.0,0.0,-0.32298924049991606,-0.13788495621615215,-0.531113559578149,-0.2799614608742848,-0.702105334109285,-0.3893272878420689,-0.7487202305298777,-0.5379977364651586,-0.30750275011993916,-0.8088948372638278,-0.5915398072426947,-0.9474277512543499,-0.7026843902002775,-0.7488642896760695,-0.7040728207970304,-0.5534471327163608,-0.264312672667222,-0.8419066734628514,-0.6175180327247752,-0.9628832270658501,-0.7264008430323613,-0.7117550060553302,-0.6921923026598957,-0.523072856481406,-0.2605031673187509,-0.8064002791311163,-0.6020976245219505,-1.0,-0.7205197054849529,-0.7449352196417377,-0.6936371233811519,-0.5299593242172236,-0.31184390861099226,-0.7020565214077619,-0.5839015886595935,-0.878900974095346,-0.6769356020372694,-0.7199921053825695,-0.6585414958625949,-0.5344870987765545
5,0.0,0.0,-0.31680765816846196,-0.13710596465146663,-0.523979641756291,-0.277973227804397,-0.6938842560428198,-0.38964687365598777,-0.7395011308180112,-0.5411866057369393,-0.29874290203167136,-0.8081313663505444,-0.5826442136116279,-0.9466922957259796,-0.6952135743211044,-0.7481031610111688,-0.6965604901408015,-0.5524565111959078,-0.25460949999753635,-0.8386682039878844,-0.6071764181682648,-0.9632927604418532,-0.7172432325134991,-0.7110427387968772,-0.6843682095487076,-0.5228511114255205,-0.24978267036355817,-0.8016311865036712,-0.5898148597863095,-1.0,-0.7102207576375089,-0.7457884684015027,-0.6852653322099063,-0.5305713288185081,-0.30126269398649774,-0.6945641370552837,-0.573072910837481,-0.878665831839302,-0.6676450899691903,-0.7216701580188829,-0.65019923936387,-0.5357071712796861
5,0.0,0.0,-0.3189467514738221,-0.1353736437350208,-0.5267989735627441,-0.27560850503279877,-0.6965279951497129,-0.38391489501989645,-0.737812908706373,-0.5345264301599288,-0.29780925230352057,-0.80878643830662,-0.5813126962242352,-0.9484020558715633,-0.6956916414789462,-0.7533394866914606,-0.701070996360081,-0.5575050004482355,-0.2540189799746714,-0.8382878267788845,-0.6073498457355879,-0.9652280319870019,-0.7205758076414764,-0.7163948326248097,-0.6910645465289164,-0.5258601912489093,-0.24942679185997282,-0.8013214881630129,-0.5892028750891513,-1.0,-0.7116384237166207,-0.7478123948001861,-0.689331898157016,-0.532306320173427,-0.30120491167380653,-0.6960447646666666,-0.5728229307585018,-0.8811299730450476,-0.6685662096721375,-0.7233595396105754,-0.6533702769883828,-0.5358490113652601
5,0.0,0.0,-0.32225837149498826,-0.13434527743227223,-0.5302474726570705,-0.27780801503395197,-0.7009099618127302,-0.38629222403174684,-0.7438423314638053,-0.5369149201338965,-0.29422870000231416,-0.8135111778627248,-0.5832906272573054,-0.9521707847336421,-0.7011835986762971,-0.7578253695113418,-0.7076001976403634,-0.5621703307331648,-0.25106791688152197,-0.839717251329188,-0.6095977467444015,-0.9681994747373466,-0.7251163133324041,-0.7190397730916214,-0.6955863204179914,-0.5298537111535905,-0.24763765179647282,-0.7985606948291819,-0.5902841778007192,-1.0,-0.7154771942487855,-0.7488580651418257,-0.6942146030225126,-0.5348031996257764,-0.3008055240375587,-0.6881521067653668,-0.5726595966249922,-0.8735533592767225,-0.6702661661708875,-0.7182947353433365,-0.6559971254880285,-0.5333677101788143
5,0.0,0.0,-0.3211699569899992,-0.1338311559861522,-0.5295072325748427,-0.28289809254031606,-0.6992993339401967,-0.39447503592279887,-0.7398373328931582,-0.5431705083889194,-0.2896083430285431,-0.8217209576285776,-0.5813553704086415,-0.9581624520347107,-0.6971932201829706,-0.7616266179641874,-0.7003959362873151,-0.5647723355284556,-0.24782027050409633,-0.8473130366016479,-0.6082554950708211,-0.9729289682246415,-0.720053883091923,-0.7230516168689126,-0.6880527431211214,-0.5349631611531938,-0.24465968375546032,-0.806608024845699,-0.5914048148720166,-1.0,-0.7121841902512139,-0.7488572633531693,-0.685809620450793,-0.536246336361307,-0.297631861121818,-0.6966283681910973,-0.5736814551621073,-0.8741492591738663,-0.6670477190184391,-0.7162509121757821,-0.6455082893490174,-0.5321128801211839
5,0.0,0.0,-0.32368256724373196,-0.13766965488163074,-0.5312161424095841,-0.28403033640101266,-0.7032613588046192,-0.3988318742138812,-0.7427645050587354,-0.5509706509730526,-0.28567916213749583,-0.8246203057479403,-0.5791690758000844,-0.9567414520981254,-0.6950798527656259,-0.7640409039720902,-0.700002312768081,-0.5662753047961473,-0.24346616331344945,-0.8502096613218003,-0.6088504297301,-0.9718552136019228,-0.721213420459458,-0.724734698815329,-0.690047091516233,-0.5319042798662864,-0.24074278994550763,-0.810381926962784,-0.5925329613927846,-1.0,-0.7145346799573739,-0.7498625682044202,-0.6890542023885557,-0.5331430340314928,-0.295325717803155,-0.7010376322947819,-0.5741498353487031,-0.8746056285658881,-0.669433033800216,-0.7222836983652288,-0.6508495864592766,-0.5397461648078534
5,0.0,0.0,-0.3148499917004764,-0.13000166867337135,-0.5251291424290325,-0.27121299927246545,-0.6963338027189643,-0.3819709970012107,-0.7413041554877389,-0.529483301384771,-0.3000080057739781,-0.8021460209330383,-0.5819164735591558,-0.9419064036458628,-0.6969918019296107,-0.747210101761016,-0.698718172992938,-0.5509678875515827,-0.2561644240415585,-0.832142945768817,-0.6081349010620497,-0.9670361160368981,-0.7244615152448614,-0.7175298127394224,-0.6942558089431248,-0.5271794272828886,-0.25041482272997945,-0.7950091321065822,-0.5871392546072002,-1.0,-0.7117119036739663,-0.7490784372062778,-0.6882017602355749,-0.5339875795634074,-0.3012214110347625,-0.6892864417701827,-0.5705195133506584,-0.8715882622551256,-0.6658085669497975,-0.7153480858790686,-0.6469359851122417,-0.5319325596406047
5,0.0,0.0,-0.3218024602361994,-0.12769372969015086,-0.5302899171710792,-0.2743717303557309,-0.7005612774884028,-0.3861319414984199,-0.739275318711128,-0.5283043409074075,-0.2920843819408782,-0.8180151573628995,-0.5845812959247576,-0.9528490760026496,-0.7016946773797411,-0.7537837587835834,-0.7062537943910527,-0.5543652730242674,-0.24860938779748645,-0.8443546549314768,-0.61213836551544,-0.970398345051866,-0.7269000662390368,-0.7164328630680689,-0.6954267775116166,-0.5231558417762411,-0.24301362454409717,-0.8031927995438047,-0.5895623368168191,-1.0,-0.7148994240499802,-0.7446517028110656,-0.691465902844451,-0.5266529723040021,-0.29447699690849055,-0.6931607751491264,-0.5699378260341034,-0.8700617096901437,-0.6653711246707984,-0.7128075250948133,-0.6458194449317568,-0.5276400012900486
5,0.0,0.0,-0.3204467442288416,-0.1313330102068494,-0.5302131535643841,-0.2749011562704207,-0.7025366610870027,-0.3879079663915364,-0.7363587498196152,-0.5406525973093516,-0.28634064929985914,-0.8165581462798557,-0.5762629322983831,-0.9534139423995722,-0.6955022778998858,-0.7602528541559042,-0.7051310098246288,-0.5621069430473616,-0.24409853915863963,-0.8435710003081166,-0.6054042372589892,-0.9708661408947294,-0.7212982664275956,-0.7223723310597473,-0.6953570837208428,-0.5281887673244666,-0.24121522032108655,-0.8054792453873812,-0.5865876744147291,-1.0,-0.7123010139482144,-0.7491328237768143,-0.6931575425982702,-0.5298341240713511,-0.2961814108193951,-0.6987963597567829,-0.5699690571526127,-0.8726175478954644,-0.6670589332358517,-0.7182530888776295,-0.6535941675551463,-0.5338171248290555
5,0.0,0.0,-0.31905149579591896,-0.12825498084968392,-0.5299970103444215,-0.277305387721735,-0.7012785174150546,-0.38892790027233753,-0.7368561293534972,-0.5382726541018235,-0.28547427075408066,-0.8270459378432309,-0.580410987934617,-0.9583361385409592,-0.6986237103668572,-0.7616750668942097,-0.7050577760266571,-0.5625519259474926,-0.2414709105446378,-0.8491222261085574,-0.6096204380884608,-0.977150984356978,-0.7236863678988796,-0.723782559134517,-0.6928314525267386,-0.528599173163942,-0.237144703060409,-0.8047476014808654,-0.589726349701594,-1.0,-0.714845656144133,-0.7480684036038584,-0.6918368546904818,-0.5297440531522747,-0.29070909905139275,-0.6919270062178796,-0.5699685100270703,-0.8645200181688635,-0.6682636957933965,-0.7135958806347591,-0.6528125233705622,-0.5334428415335103
5,0.0,0.0,-0.3216380955153894,-0.12994723810034436,-0.5368105636712156,-0.2774534886961993,-0.7137199580376102,-0.3855448124625954,-0.7441505021692226,-0.5300382785194143,-0.2890414356406552,-0.829788414467544,-0.588902975377721,-0.9646606764864151,-0.7093680200643994,-0.7723069887191902,-0.723239966601943,-0.5783732312762188,-0.2466923726841105,-0.8461178131906703,-0.6225719522009394,-0.9764910487277509,-0.7359826071611243,-0.7246609640946032,-0.705482824021249,-0.5334696927545639,-0.243025368284948,-0.7958960086907383,-0.5956518257882639,-1.0,-0.7205471017882661,-0.7534967918371825,-0.6984105031669745,-0.5366339154321854,-0.29751611271613443,-0.679532576332012,-0.5736835312178271,-0.8549237722903004,-0.6704209003805127,-0.705619615446548,-0.6534964012581616,-0.5256811920045634
5,0.0,0.0,-0.32172650426681215,-0.12943199388315238,-0.5314718028588631,-0.27595667609822006,-0.7039745376324634,-0.3857606627904019,-0.7427761697340415,-0.5302316148308115,-0.29168180096501467,-0.8198011211865102,-0.5878418820330321,-0.958563763331138,-0.7036171444158326,-0.7611153177001332,-0.710727202446739,-0.5643088725383504,-0.24750443075722842,-0.84468173100569,-0.6182247220706829,-0.9706820080163493,-0.7315664246121144,-0.7179433477868827,-0.6996829923935134,-0.5256630589326045,-0.24313126630617593,-0.8002857379083433,-0.5961490218414425,-1.0,-0.7208462180978413,-0.7481562361318005,-0.698125337430076,-0.529774935905952,-0.29683423456018904,-0.6877857555748396,-0.575186487533107,-0.86418775104091,-0.6737162463925015,-0.7129907222628944,-0.6584578703533582,-0.5313265842607066
5,0.0,0.0,-0.32554622483801277,-0.12883457787310554,-0.5389140536169025,-0.2774078754001286,-0.7105229367840814,-0.3839247164864272,-0.7515849177053366,-0.5254235923255657,-0.30251647968408985,-0.8217606605908502,-0.5987413398199307,-0.9605418519951765,-0.7149857762037176,-0.7633399581555709,-0.721801446653043,-0.565835686415091,-0.25797268404588886,-0.8451632234493045,-0.6261509186952106,-0.969925743527082,-0.737838890895204,-0.715702474658263,-0.703169233663607,-0.5239268349900699,-0.2530535787623638,-0.7992590369799235,-0.6060746897308058,-1.0,-0.7301892698055976,-0.7465125439043067,-0.7049865098041853,-0.5280521650992188,-0.3050544364289179,-0.6852358437011551,-0.5845970980393753,-0.8668130209923889,-0.6831505246393743,-0.7143051825731572,-0.666175416880191,-0.5312598309320823
5,0.0,0.0,-0.32516481029737015,-0.12867834381306698,-0.541134970809506,-0.27463437162871857,-0.7163177849951468,-0.38427840700457994,-0.7549959010910499,-0.5335084027633478,-0.30268699137236593,-0.8256110825673971,-0.6011060649620139,-0.9673297031422122,-0.7196465473808257,-0.7712385394221107,-0.7267539914549134,-0.5773861200695676,-0.2594013386922773,-0.8491669109882071,-0.6272988759311497,-0.9751060663852462,-0.7410569421000646,-0.723013114373792,-0.706486808060049,-0.5367231286630441,-0.2551476532323028,-0.8023399895534751,-0.6065011827060199,-1.0,-0.7285362340704727,-0.7470193068574178,-0.7007890755537085,-0.5346421851739047,-0.30696255902855857,-0.6871910696444481,-0.5835481821054159,-0.8687749599360115,-0.6788358956258379,-0.7113917112375574,-0.6585866805384373,-0.5287185145440106
5,0.0,0.0,-0.3201683867275457,-0.12690500877435473,-0.5342099617461724,-0.2712187772521827,-0.7086446839081607,-0.379521816956149,-0.746813193557379,-0.5339630541441588,-0.28943300205676514,-0.8227972343155804,-0.590115199601826,-0.9636699054664936,-0.7101106977951169,-0.7667790965398968,-0.7170524908356395,-0.5718000477673975,-0.2454759990999934,-0.8458375094330854,-0.6173695773117456,-0.9754352655538264,-0.733066364488656,-0.7208895804193758,-0.6995286140102503,-0.5309826026810582,-0.2429829772994889,-0.8011484751016653,-0.5972792449593911,-1.0,-0.7203034409288196,-0.7452855414579947,-0.6940029921582891,-0.5311457887398604,-0.2977129207794653,-0.6890011620798524,-0.5763316536698726,-0.8708984536613231,-0.6706476969968356,-0.7120737196568162,-0.6506540346467061,-0.5278572349026954
5,0.0,0.0,-0.3251165901206388,-0.12744984481807123,-0.5371650270018682,-0.2741424613320355,-0.7109503679947633,-0.383957142725577,-0.7526367821905978,-0.5304354586987955,-0.2937621186070252,-0.8209329476632031,-0.5939768087851178,-0.9567383882757414,-0.7102603556751388,-0.7574937888264761,-0.7185026024232609,-0.5612743691594247,-0.2496096542216498,-0.8442502633594249,-0.6228505301547427,-0.9709280949071565,-0.7375480759353599,-0.7169515801211276,-0.7071150967469532,-0.5260938360080166,-0.24698881174069423,-0.7970217892288651,-0.6011675660205062,-1.0,-0.7265220474521614,-0.7484890040798572,-0.7045663371751576,-0.532155707584964,-0.3043974470961037,-0.6818733267732573,-0.5838508425730516,-0.8631820336094091,-0.6795209798458312,-0.710227059392775,-0.6613984155220184,-0.5279516977207632
5,0.0,0.0,-0.330673995401136,-0.1267223921217292,-0.5428342681269515,-0.2714574765381348,-0.7156911743489544,-0.3803239153395803,-0.7561294735173473,-0.5259383410248235,-0.3054017950174817,-0.8201031983656399,-0.6015180525894882,-0.9628314895724054,-0.7189655940139961,-0.7659997542047902,-0.7264042832487002,-0.5708532299806035,-0.26070945759409236,-0.8463117360088201,-0.628340009582451,-0.9698672883979318,-0.7413758832152151,-0.7170737724043225,-0.707794736064035,-0.5289854891769957,-0.2574341473666962,-0.8018229811396704,-0.609309404516576,-1.0,-0.7332755061511141,-0.746577034534227,-0.7085333684808609,-0.5296744282144403,-0.3121868114839797,-0.6885544926199098,-0.5896865754849557,-0.8668965504957761,-0.6874181350555622,-0.7109444769994461,-0.6708360421271616,-0.5261971384450425
5,0.0,0.0,-0.3277279376036218,-0.12995824914572895,-0.5394407380644294,-0.27455182279645984,-0.7140214864762915,-0.38569233228059346,-0.7559586231407068,-0.5386866697964016,-0.30803617239380743,-0.8216537371430288,-0.6026126373832651,-0.9621923614207376,-0.7191251234880646,-0.762914447039844,-0.7244520490884498,-0.57129788771498,-0.26237463927898347,-0.8486839023765843,-0.6278590861293272,-0.974663806761157,-0.742100786283323,-0.7185655612123587,-0.7069720744457384,-0.5306127046022477,-0.2566883781596944,-0.8022326356026772,-0.606171131663752,-1.0,-0.7275165911108616,-0.7453403479440466,-0.6984182801308196,-0.5328645405207111,-0.3075041412971619,-0.6880177515321816,-0.5854946798678075,-0.8665057820839244,-0.6787971306075559,-0.7101613112564265,-0.6549041789826979,-0.530632548504038
5,0.0,0.0,-0.32540920634721426,-0.12219400401429656,-0.5370678781869866,-0.26872264151112535,-0.7096448001950671,-0.37964506016514377,-0.7532966446827604,-0.5297152072633846,-0.30275326240034856,-0.8175235071218354,-0.5992977222139052,-0.9564591358415366,-0.7152544165778436,-0.7563919022010501,-0.7164230268943527,-0.5613924714458729,-0.259118450434912,-0.8452226016191654,-0.6245444024408501,-0.972794041844425,-0.7376706501851614,-0.7180301798365416,-0.7011973863146373,-0.5305802801043108,-0.2542145183426818,-0.8025653667864023,-0.6046674489674257,-1.0,-0.7264144837397681,-0.7443754577490357,-0.6972463790202356,-0.5316067136824044,-0.30578881644588635,-0.6914105886708627,-0.5846893760987097,-0.8677522359667704,-0.6790285725043097,-0.7075202171556942,-0.6559166948300916,-0.5248844253720037
5,0.0,0.0,-0.377376561008371,-0.08061386783896655,-0.6246508401472676,-0.2118264405079299,-0.8353864182888673,-0.28489854383893476,-0.9615645982155867,-0.4232872732282373,-0.4228594061434472,-0.8760479211134965,-0.7923548673965282,-0.9647221601591719,-0.9119750680215938,-0.729373185759665,-0.921681557383202,-0.5194092255031744,-0.3769846806804544,-0.9090104657436984,-0.821223532071486,-0.9616621819366792,-0.9208017584498229,-0.6594599690381424,-0.8799561270654853,-0.44923814048700017,-0.3763188152894704,-0.8542891798640186,-0.8060333674508394,-1.0,-0.9128400748524543,-0.7062966227201396,-0.8751694468460146,-0.47583191226119587,-0.43724196612211125,-0.7239131337091264,-0.7828963113353427,-0.9050991689046161,-0.8778918560423752,-0.7304278405914721,-0.853698378873875,-0.5211491741591242
5,0.0,0.0,-0.37996657204180656,-0.0484766462306407,-0.6634446768701172,-0.15083309179958068,-0.895448846439495,-0.2431416549657852,-1.0,-0.41008250354549625,-0.4735866987166689,-0.8367483935460929,-0.8543382358813147,-0.9264567303830358,-0.963572638868598,-0.6727162846675313,-0.9397368981053262,-0.44878208268956954,-0.43453409665828463,-0.8994194734297997,-0.8854568652034966,-0.9137266489317475,-0.9717053191134545,-0.5998047217225827,-0.9049529843002277,-0.3970044490752115,-0.44162039161820726,-0.872244694908813,-0.8897856824428528,-0.9700234690948756,-0.9864493692798192,-0.6619978231428012,-0.9247715920605311,-0.43470767212979217,-0.5046205367733377,-0.7546536546914467,-0.8641554672515463,-0.9073057657590792,-0.9549119509648119,-0.7108347735321598,-0.9101891385442302,-0.49308610611732573
5,0.0,0.0,-0.3712109350718425,-0.056374266163335296,-0.6576017790149705,-0.15660393407960607,-0.8902104167533257,-0.24647798127790518,-1.0,-0.4052650224737113,-0.46599966068598453,-0.8339586027553607,-0.8458682442743096,-0.9274405487726507,-0.9568519698206823,-0.6716358721281579,-0.9375386460436033,-0.4437404743198647,-0.42770484915248613,-0.8973240930243862,-0.8762452614049937,-0.9199540243530249,-0.9675226010709423,-0.605035448032376,-0.9086597984399968,-0.3975271673215365,-0.4352328530746944,-0.8672222427347774,-0.8788494731051579,-0.9756253590021737,-0.9781822490162931,-0.6690648440300597,-0.923091627403299,-0.43950325549831254,-0.4984272842119432,-0.7434450701552759,-0.8548808638579629,-0.8992309817064877,-0.9474072623481558,-0.7060617560855689,-0.9075761902514056,-0.490129747884078
5,0.0,0.0,-0.3804453780772531,-0.054193630026471644,-0.6620332408919428,-0.15477358657608245,-0.8916456498855336,-0.245004062755081,-1.0,-0.40076332516456126,-0.4713973235413133,-0.828925448791904,-0.8535679240271753,-0.9220757549702119,-0.9587877183817766,-0.6664733014647704,-0.9339140624167112,-0.44360279465635305,-0.43158255550770996,-0.8865135535641695,-0.8852416539700743,-0.9155628317935963,-0.9728112920951718,-0.6036092932104016,-0.9091078486495106,-0.3994258374536422,-0.4364919303440294,-0.8522334491979477,-0.8850701514737859,-0.9707875626389691,-0.9840929117091244,-0.66940344478987,-0.9271077309153645,-0.44571250712083,-0.4972476166947019,-0.7248242447053239,-0.8565553121044144,-0.8864575834927457,-0.948485980597969,-0.6974881373577398,-0.9054845107752237,-0.4882145338631679
5,0.0,0.0,-0.3783286989704703,-0.047846564503366114,-0.6609193113050268,-0.1540206446364966,-0.8907177869851624,-0.2491099903539097,-1.0,-0.4108037142921701,-0.47408169383575,-0.8333884238996621,-0.8525506233386934,-0.9361909147852597,-0.9611295872214112,-0.6789813300050711,-0.9332176547910973,-0.4524372742072957,-0.4316526401193031,-0.8938258033963276,-0.8778983403180717,-0.9219755686732445,-0.9639612190365976,-0.6111463240382853,-0.8961616201145558,-0.40949691481181505,-0.43317118304487073,-0.863178560288996,-0.8768004889899232,-0.9718571064850565,-0.9757270731814697,-0.669953232418597,-0.9159329604878346,-0.445533366364379,-0.4900539980726455,-0.7420981143186322,-0.8478442816807444,-0.8964385870632442,-0.9401919108413342,-0.7026593252954683,-0.8970617044625222,-0.4890858949281971
5,0.0,0.0,-0.3753598622371302,-0.043524433419031984,-0.6589636339701579,-0.14506873025670988,-0.8901741619262613,-0.24063404597956722,-1.0,-0.4032092106126159,-0.4713931326028093,-0.8226357708064217,-0.8493074410835336,-0.9239691159239011,-0.9616095779058424,-0.6724133760601662,-0.9392314845093523,-0.4466103756615209,-0.431337889766446,-0.8887365736323839,-0.8803357179173135,-0.916067497107845,-0.9736673177407373,-0.60390756081666,-0.9111556014310295,-0.39714068549308046,-0.43734431553725706,-0.8617188215915946,-0.8806822648446516,-0.9706040987430813,-0.9830508316893675,-0.666176694277231,-0.9271249024900676,-0.4376589987538266,-0.49878289928136865,-0.7420224432163091,-0.8524182230655123,-0.8976720186846939,-0.9468306306549364,-0.7049334327543131,-0.9078171218370615,-0.48840067895287936
5,0.0,0.0,-0.3788039000674716,-0.04868768346386774,-0.6666358247323568,-0.1467307743850355,-0.9021209850618606,-0.2511250508367526,-1.0,-0.42614028729611403,-0.4729469235170526,-0.8301119049477999,-0.8527229271714722,-0.9388586231368111,-0.961930876000275,-0.6795143910252301,-0.9379979234133398,-0.4549402835671144,-0.42942879883095864,-0.8982395625883453,-0.8798255294305468,-0.9284333889964214,-0.9707373747143528,-0.612547151452154,-0.9075849017466867,-0.4071622429466555,-0.43462772348069484,-0.8709218436640218,-0.8776095714097599,-0.9851211750077785,-0.9778616284774378,-0.6781572682281075,-0.9210794521633442,-0.4479057588572481,-0.4946275603369617,-0.7492084615662498,-0.8485821061622884,-0.904125322354537,-0.9396097834966131,-0.7109477602113411,-0.8980906356662499,-0.49586698658375855
5,0.0,0.0,-0.3979493402135325,-0.05839143273317057,-0.6775984648914869,-0.15820872477448977,-0.907175037284618,-0.254457172359608,-1.0,-0.4254867517603695,-0.4882609962672493,-0.8571070057524839,-0.8633805354008551,-0.944864204703391,-0.9661439671946365,-0.682703437928095,-0.9404169432246784,-0.4536030514848818,-0.44438743916979506,-0.9188529528976982,-0.8905467815602439,-0.9396848131225164,-0.9761093289556991,-0.6212300110283182,-0.9087199755369321,-0.4135561376636426,-0.44473959421260195,-0.8843640147158615,-0.8903063702505726,-0.9975958869032867,-0.9890767023357918,-0.6818623460944522,-0.9285027893044092,-0.4466457290131011,-0.5038172540206299,-0.7539795954088627,-0.8669204006731517,-0.9007020149342485,-0.9546257848432377,-0.6940955028711416,-0.9068066538988246,-0.47615627523362436
5,0.0,0.0,-0.40051371177214146,-0.059039172660972424,-0.6777285071890058,-0.1625171183317105,-0.9032362315905693,-0.2571057836612748,-0.9975967295548632,-0.42414440705612777,-0.4794776516191792,-0.8632163230054658,-0.859361982092445,-0.9566028907672434,-0.9679738090680693,-0.6996633202119761,-0.9404027766604435,-0.4733763129448339,-0.43712867899648894,-0.9157522634110166,-0.8881295639252369,-0.9514701653254032,-0.9748738491071651,-0.6370284887876662,-0.9024597227963008,-0.4304422424482844,-0.43957263582084305,-0.8784219325475314,-0.8895041162594792,-1.0,-0.9877568674447011,-0.6839024340626367,-0.9218601905047238,-0.4494943330346583,-0.4992345874909727,-0.7499137726167722,-0.8631975980241214,-0.9009586034585272,-0.9497319784769054,-0.6907222572063437,-0.8980579651447187,-0.4716543081789794
5,0.0,0.0,-0.39564163178535205,-0.059307934169718135,-0.6729139816086127,-0.16199206829154514,-0.8992345011145843,-0.25510372844583185,-0.9883159001518392,-0.42320686043786104,-0.47817653054347226,-0.8597358259413009,-0.8583977728097575,-0.9498424446463039,-0.9631426973743381,-0.6865236174313566,-0.9320649929923004,-0.4591146214910609,-0.4349629579876159,-0.9160511399904447,-0.8850500338021158,-0.9483074904522537,-0.9709110883591218,-0.6316151338708702,-0.8991970071038499,-0.4250698297196851,-0.4356224385322498,-0.8794894189831486,-0.8827074632173404,-1.0,-0.983108143078065,-0.6852265086796334,-0.92032913760785,-0.4527486905274257,-0.4944238585201459,-0.750290578583191,-0.8582459565699743,-0.8963283702457652,-0.9453093497411418,-0.6891820117998022,-0.8938602062262601,-0.47423459887504166
5,0.0,0.0,-0.3990802361316854,-0.06214081696056244,-0.6724282591248704,-0.17025501155289247,-0.8965345425444354,-0.26435187897191226,-0.9854796199774207,-0.43359964515057736,-0.4785577996782924,-0.8555076993070544,-0.8544656938243026,-0.9507996306539026,-0.9575933514055507,-0.6872039265018589,-0.9269201199029999,-0.46176900916367636,-0.4336919588814129,-0.9133275498591019,-0.8821495559937482,-0.9485254078158503,-0.968749636728374,-0.6323661513585048,-0.8970556022695958,-0.42730795154007795,-0.43240298567678387,-0.8761189620836736,-0.8785645921454007,-1.0,-0.9794010457208255,-0.6861342268998565,-0.917561786947659,-0.45554318880802,-0.4894923041119727,-0.7458621224909755,-0.853496057747823,-0.8939527212378336,-0.9397195896346952,-0.6877297728649144,-0.888345744781482,-0.4749534613432263
5,0.0,0.0,-0.39911901505663816,-0.0674215984452884,-0.6732414314450436,-0.16951917402173697,-0.8985127205234873,-0.26297382266473707,-0.9876015454736906,-0.4334869858758412,-0.4834048165601754,-0.8564474501673455,-0.8605040099129099,-0.956415277570395,-0.9640638723230376,-0.6920561124847283,-0.9370027624530474,-0.4668044882487703,-0.43849969142203565,-0.9144124316560975,-0.8863118290658719,-0.9505605280421797,-0.9721408633826227,-0.6324531182152006,-0.9000701303161672,-0.4248342265211499,-0.43782902882888775,-0.875882259728209,-0.8839602797621103,-1.0,-0.9819296103823051,-0.6848183071451748,-0.9188861833216069,-0.45350945410168597,-0.4941886960540207,-0.746233896837779,-0.856373707008024,-0.8983368802459112,-0.9435054228089764,-0.693564588832153,-0.8946309720811829,-0.4814865797739778
5,0.0,0.0,-0.39325891468051166,-0.0690104993628373,-0.668989070226797,-0.1700973083817164,-0.8961776635296665,-0.2634056608558221,-0.9849207875870016,-0.4367842771367567,-0.47954591249510536,-0.8589409985977394,-0.8575542730565395,-0.9545524120571559,-0.9567462712617923,-0.6890979613078444,-0.9262974793578935,-0.46613145609837114,-0.43526481888724755,-0.9167226763665872,-0.8835628017613013,-0.9493640709692778,-0.9653654444443936,-0.6285844113772721,-0.8915347602061401,-0.42271757997888154,-0.4340096837763164,-0.8769573505363453,-0.8796500425612798,-1.0,-0.9738509710962534,-0.6844326693347236,-0.9083689686006043,-0.45541688807822683,-0.48915178544911403,-0.744491249921754,-0.8520907571886984,-0.8976137354822172,-0.9364993929934493,-0.6951081714458819,-0.8844270493267642,-0.487233900619069
5,0.0,0.0,-0.3915524651636667,-0.06741716511982679,-0.6641569878208837,-0.16809415700147817,-0.890867552053624,-0.26359048341800095,-0.978980292074811,-0.43579889913135084,-0.47073083347256184,-0.8508564714387363,-0.8457830157026972,-0.9508091716898939,-0.9488447980974484,-0.6888473201437293,-0.9201663093767769,-0.46518438024809833,-0.42737963488600034,-0.9098341139992233,-0.8723036525512501,-0.9473053938557672,-0.9558685148925923,-0.6291144294280008,-0.883364464367902,-0.4242138749875377,-0.4276361643226963,-0.8745237589051224,-0.8720487164650926,-1.0,-0.9675709917332421,-0.6839263708163736,-0.9029421900557627,-0.45302666039645295,-0.4852232671060976,-0.746893763125225,-0.8488527193258397,-0.8981524645263265,-0.9347022187178627,-0.6928568729630721,-0.8840785130306483,-0.4809776707855537
5,0.0,0.0,-0.39838670718957786,-0.06885426831196653,-0.6731559241382503,-0.17012885167413677,-0.9012072998073619,-0.2650000389584616,-0.9915212637574932,-0.43150414953449223,-0.47601121270357516,-0.8602097065236173,-0.8556440039948465,-0.9573110365654953,-0.9597245132598562,-0.6957820819493531,-0.9338274488486858,-0.46689401602613606,-0.4332153426671696,-0.9174228427668575,-0.883221094769437,-0.9491894577486317,-0.9669714746144372,-0.6335947522493928,-0.8979008722570379,-0.4251220660268007,-0.4348254729671818,-0.8796865310514981,-0.8853342475585649,-1.0,-0.980553998490245,-0.6858440075698583,-0.9180142092967722,-0.4532131793267153,-0.49471173259278645,-0.7481448897269287,-0.8619339621992922,-0.9023820120074562,-0.9491715826897931,-0.7003422844600197,-0.9004008596528297,-0.4868072899073293
5,0.0,0.0,-0.39740092193893334,-0.06689167223242755,-0.6668393965204108,-0.1701758270393323,-0.8918661253043564,-0.26538088360112744,-0.9849452115596238,-0.43458724625640016,-0.46807202081253907,-0.8569286386287822,-0.8414384476328797,-0.95122497934036,-0.9498193130779603,-0.6936105445752073,-0.9253266917981372,-0.4669422351098435,-0.42569626441050573,-0.9156585397993677,-0.8700987380633984,-0.9498251367156031,-0.9580619299329608,-0.6358711185597847,-0.8896814618655076,-0.42849046858929685,-0.4281198111816812,-0.8823923229382924,-0.8737616919517214,-1.0,-0.9718801659805242,-0.6855054112441654,-0.9082803334729104,-0.45117981760138526,-0.4893584440975891,-0.7574813475166696,-0.8528703625145919,-0.9024425363974498,-0.939816130631272,-0.6941106922786444,-0.8902747877712288,-0.47627786881810874
5,0.0,0.0,-0.4026440707228308,-0.06589101014117567,-0.6752231784132453,-0.1679878449152239,-0.8992441642093547,-0.26399083685132246,-0.9921135668414871,-0.4287658860511311,-0.47910259365412006,-0.8568530075937139,-0.8549239297032767,-0.9505557994245711,-0.9598260489454298,-0.6932636439357276,-0.9340132534136816,-0.4690759802998732,-0.4352272925549647,-0.913736067707018,-0.8832426324262325,-0.9491605038721604,-0.9697727671368237,-0.6307961874395621,-0.9004520045880027,-0.4214602999099113,-0.4358001041392123,-0.8776322930738241,-0.8834572932804494,-1.0,-0.9803620903880609,-0.6850146979549593,-0.9155335940793092,-0.4506938940810541,-0.49559153184740573,-0.7480052611423906,-0.8583718192312249,-0.903207813746927,-0.9446861451685926,-0.698794088125283,-0.8937763963975547,-0.48314969690346554
5,0.0,0.0,-0.39964509615160193,-0.06713279702243168,-0.6730401731886629,-0.16636836485421727,-0.9036515614079201,-0.2610504753800689,-0.993949687309106,-0.4329794757545415,-0.4756817624974892,-0.8606581587701481,-0.8525779680685415,-0.950242406870795,-0.9566199375066613,-0.6940511064760985,-0.9310753225585959,-0.46682319319874166,-0.43367070354272635,-0.9222319299178724,-0.8822874258973803,-0.9488613309906092,-0.9660699365696177,-0.637085980481668,-0.8968204556515632,-0.42753059562519036,-0.4353470344062886,-0.8901074288936205,-0.8841070152147147,-1.0,-0.980110414786112,-0.6848377253086984,-0.9167899482694414,-0.44934865118026684,-0.4956825282288714,-0.7627459495281842,-0.8603773905967037,-0.9048477579994497,-0.9492817934026838,-0.6967235779845099,-0.9024590440062146,-0.47837630914484475
5,0.0,0.0,-0.39658604319421714,-0.061244653261892504,-0.6732315555211171,-0.16109618736731593,-0.9028894631521998,-0.2573028688154252,-0.9961213083852994,-0.4285874908344096,-0.48193772250052713,-0.8580922879819882,-0.8618961373345164,-0.953673099575618,-0.9658491653650705,-0.6943405224058878,-0.9372916114355297,-0.46599183701999497,-0.4375165980823366,-0.9172986105091412,-0.8889223564988721,-0.9485763530181895,-0.9727994937857929,-0.6342174683909282,-0.9027121870104643,-0.42528546402317513,-0.4368130118388732,-0.8840810623324528,-0.8856748231319843,-1.0,-0.9832144096302102,-0.6849683397686949,-0.9207078997329822,-0.4499923778156958,-0.4927846770872541,-0.7576166084981721,-0.8561465041305801,-0.905454793779102,-0.947977384990666,-0.6974073306788664,-0.9044858681483978,-0.47870720396436356
5,0.0,0.0,-0.3987327624706675,-0.06120116697248045,-0.67637411840882,-0.15903510015651692,-0.9080738996361177,-0.25365925862979105,-0.9984463766723735,-0.4273524069384707,-0.48679858917700913,-0.8572767901883422,-0.8670744543036614,-0.9523933835228178,-0.9672575269216968,-0.6884528008401759,-0.9388369346697696,-0.45759887607082933,-0.44256951009601153,-0.9218431403881564,-0.8932045605587502,-0.9467258219678829,-0.9738715101782187,-0.6314432763532896,-0.9035095538136049,-0.421273924944845,-0.442751474302636,-0.8896170022921024,-0.8921224739188486,-1.0,-0.9854227735132162,-0.6824244282790851,-0.9221183958885326,-0.445533586944022,-0.5016563823021797,-0.7620134478014429,-0.8665389530407651,-0.9064800963948457,-0.9536319178149886,-0.6951485294382524,-0.9070945719707694,-0.47427261655754205
5,0.0,0.0,-0.3966302787583998,-0.060812959684599634,-0.6740324754286348,-0.1582279284990883,-0.9055702023333991,-0.25384671348246485,-0.9957526268928699,-0.42915420920679903,-0.4852306203497443,-0.8554163245556599,-0.8641415698651304,-0.9548165187938754,-0.9670127617510078,-0.6917379470106139,-0.9408915326226663,-0.4618185639536831,-0.4407810177759147,-0.9205035643058986,-0.8897357459521195,-0.9477188557729284,-0.9728369057228675,-0.6324516396500017,-0.9040255350500666,-0.42289678236658823,-0.4408327530437775,-0.8890643422749891,-0.8886322142117242,-1.0,-0.9834380164143995,-0.682790517202554,-0.9210004769345006,-0.4461663358150095,-0.4992409466168253,-0.7623818778747429,-0.863348449731912,-0.9073984897459082,-0.951753860224702,-0.6962564683519892,-0.9061718557833216,-0.4752648834166525
5,0.0,0.0,-0.3922934412474236,-0.06326565283167947,-0.6698355200832967,-0.1628708802995549,-0.898533841882515,-0.25780034242413946,-0.989557618649158,-0.4316495272231798,-0.4764500763917963,-0.8558226213011311,-0.8500353884348637,-0.9543221401451127,-0.9582096273819527,-0.693408997588749,-0.933949689105833,-0.46487538030329817,-0.4343020761407083,-0.917681490264869,-0.8765309313349186,-0.9492422152641924,-0.963244748028009,-0.633545011267286,-0.8960206583227898,-0.4259777026945313,-0.43517190025817143,-0.8862737216251844,-0.878164846182685,-1.0,-0.9756443488211246,-0.6836838295296764,-0.9140927747124438,-0.4489027281632625,-0.49229096492081803,-0.7619215833747495,-0.8544674371689713,-0.9073640770241235,-0.9448966651943081,-0.6971711711815476,-0.9004216090018503,-0.4780809966120397
5,0.0,0.0,-0.385715405843712,-0.0629025949331478,-0.6572419127381731,-0.16386657444375324,-0.8812988517253043,-0.25952223800697277,-0.9646268937652144,-0.42939851664520395,-0.4703219448881473,-0.8316385753593541,-0.8318430716105198,-0.9353065376208702,-0.9351220390694042,-0.6810226801030119,-0.9083544966240041,-0.45913475715448776,-0.42498614283690306,-0.8954113526828213,-0.8599225535412989,-0.9474083094170637,-0.9526931252427687,-0.6367425758257411,-0.8863848203675555,-0.42483294012056017,-0.4235738759089632,-0.8653153795416527,-0.8576733207411849,-1.0,-0.9596358294605208,-0.6919762223961131,-0.900161314777577,-0.45810911242074076,-0.48025029437291844,-0.7417964803596603,-0.8332928483480657,-0.8935015158708298,-0.9233713003408196,-0.6951089693863463,-0.8793919524285229,-0.482053928711929
5,0.0,0.0,-0.402254253578235,-0.05758789918115731,-0.681682760813539,-0.15909084439142138,-0.9032351873956957,-0.23882382542509503,-1.0,-0.4032322311267961,-0.5182788295890546,-0.8172175071558131,-0.8739217009188741,-0.9253576045199818,-0.975353695675548,-0.6664488881910634,-0.9483307701387059,-0.45276572094529655,-0.4579996307948619,-0.8819050503365,-0.9029161293374213,-0.9550214636071255,-0.9959722478614679,-0.6294909283056616,-0.9264951110976801,-0.4224587091353308,-0.4351159196832106,-0.8534991384118529,-0.8799857748720209,-0.9971832231958931,-0.9806850529073591,-0.673183049761451,-0.9160564161217825,-0.44174956811101207,-0.4671038440911959,-0.7274725192907495,-0.8299963626943391,-0.8626422211696445,-0.9231646004536888,-0.661675937306953,-0.8756531985625088,-0.4622960749289346
5,0.0,0.0,-0.40700467829677106,-0.04945427083919383,-0.6864357524008188,-0.15759000636179116,-0.9052471793895277,-0.24045363466007694,-1.0,-0.40275223203659544,-0.5233404164160179,-0.811433696719999,-0.8734505576304709,-0.9117966866752933,-0.9713210886885622,-0.6551428806363522,-0.9447188477800811,-0.43872772832122287,-0.4619095327329303,-0.8758619794258808,-0.9026249962132196,-0.9396994161866472,-0.9964800252740547,-0.6208530426240009,-0.9305816062007989,-0.41122445005128383,-0.43734977300956,-0.8468906204693877,-0.8754201162433407,-0.9788197795444611,-0.981479397750436,-0.6573551177796916,-0.9249869085589894,-0.42333284285510264,-0.4672787546469206,-0.7197098677007102,-0.8211261235918587,-0.8541972674592218,-0.9227120272475083,-0.6548269549524597,-0.8890280741083755,-0.4495005777545041
5,0.0,0.0,-0.4093997700481889,-0.05587781121748644,-0.6888534755940676,-0.15808621059702577,-0.9113270640047053,-0.23982946474166555,-1.0,-0.40797617591270013,-0.5272557327961697,-0.8142786491789519,-0.8754442201425074,-0.9183168241399772,-0.9743065202788155,-0.6617660055298142,-0.9502582277863808,-0.4450965018330407,-0.46443996808014615,-0.8799940618275205,-0.9029215460319382,-0.9487951256485081,-0.9950204679750092,-0.6288235148147391,-0.9281546432460036,-0.4168155200493861,-0.4387142724672105,-0.8521272066253287,-0.8753632450632411,-0.990528963175059,-0.9810594500747278,-0.6675673693068751,-0.9236322286039679,-0.4308518534803829,-0.46788815687223745,-0.7247538422892786,-0.8202651454961095,-0.8643586882559579,-0.9224504713315568,-0.6644712697371313,-0.8898982717915475,-0.45821664142362895
5,0.0,0.0,-0.39428924016729305,-0.05725373117624891,-0.6735370627555576,-0.1679815394826639,-0.8923833794222136,-0.24923118840871658,-0.9841003586173293,-0.41036234705281893,-0.5136457735431534,-0.8074355363667414,-0.8567564490535476,-0.9206442672341528,-0.9582458204175783,-0.671061951073689,-0.9311972541659161,-0.4560679244422148,-0.45340697223712606,-0.8745101913135105,-0.8884567316559693,-0.9526055013529664,-0.9815007434697017,-0.633309315032938,-0.9105520614954578,-0.4236976689981205,-0.43045034098023505,-0.8535927481950226,-0.8664662128585285,-1.0,-0.9696904544688566,-0.6783708533189913,-0.9072400756102983,-0.44371012149687383,-0.46057630577448583,-0.7372131066746125,-0.8150541369477863,-0.8730038823129107,-0.911133579843739,-0.6719834058509526,-0.86983092709133,-0.468019181066348
5,0.0,0.0,-0.39883586197515536,-0.06623496133095463,-0.680147196985622,-0.17385913834595407,-0.9023369292171981,-0.2591375661942947,-0.9992872779051927,-0.42291159484375185,-0.5235662356652807,-0.8159326148930002,-0.8664913723371339,-0.9342672256244657,-0.9679656273226959,-0.6803023908409417,-0.9468817893927328,-0.4625188428408252,-0.46171092507342465,-0.8823276435778714,-0.8934788581674368,-0.9621885820859072,-0.9875267676910435,-0.6441799109406037,-0.9254195513717112,-0.43109430728794895,-0.43744653365914293,-0.8581092796503383,-0.8682311030362654,-1.0,-0.9729326970926765,-0.6819495250667318,-0.9187159999016636,-0.44776492148847913,-0.46524496965597323,-0.7410742685447181,-0.8157309603510565,-0.8831974006274683,-0.9167421246699423,-0.6878195999767371,-0.884445557768124,-0.4844298759326387
5,0.0,0.0,-0.39139809661114106,-0.06242612878433695,-0.6662283395524968,-0.16559931191290977,-0.8859826698195058,-0.24682755122836475,-0.979025372193001,-0.41228084939689996,-0.5034395242053159,-0.8040089242056804,-0.8429300563074882,-0.9257710935453884,-0.9477306172918653,-0.6772186075541851,-0.9307098315599596,-0.4635143063988004,-0.4439441764369194,-0.868690011212612,-0.8720528299597047,-0.9576083077317923,-0.9692008556276774,-0.6356815566737555,-0.9099040522459048,-0.4224885180344663,-0.4213300565647812,-0.8467112977009054,-0.8508827667224599,-1.0,-0.9521890751487287,-0.6720516292593104,-0.8956628879267324,-0.43254052444234703,-0.4503451960030828,-0.7323714937002359,-0.7976859501651445,-0.8788086993745315,-0.8923056438600416,-0.6714298379837067,-0.8554527181873627,-0.458570208114612
5,0.0,0.0,-0.4047887139586657,-0.059093867251986565,-0.6876326619390939,-0.16189751473037564,-0.9113682709468977,-0.24806581133757794,-0.9954416239948904,-0.4271073471197712,-0.5330481180391293,-0.8106750107295929,-0.8665018330486148,-0.9322720234208599,-0.9713362733245797,-0.6830143470910438,-0.9487979724039407,-0.4656593629116584,-0.47213448591588386,-0.8747625935828934,-0.8894392942638635,-0.9644602620591012,-0.9882090036133943,-0.6493423250957564,-0.9292473258096225,-0.43798792108117146,-0.4463441517724942,-0.8557764520913689,-0.8669912796003386,-1.0,-0.9755624477425088,-0.6772590301916812,-0.9207502658368683,-0.43815445386642254,-0.47273430633695046,-0.7428758635243305,-0.8194583731755642,-0.881379841843533,-0.9213412304288878,-0.6737994249759003,-0.8888774891089503,-0.4592987176975536
5,0.0,0.0,-0.3965820043825436,-0.05808779976242341,-0.6778021252423507,-0.16695419691668312,-0.8987190068823845,-0.24929876065291484,-0.9890619824590364,-0.41313231030825615,-0.5161322272319738,-0.8128373355602093,-0.8583156661369205,-0.9414120162829513,-0.9621715924428634,-0.6865400238871284,-0.9398037889258237,-0.4729829456260337,-0.4533701458366375,-0.8772473483021689,-0.8837137040261788,-0.9686941595215669,-0.9770338314673537,-0.6434282884451681,-0.9105717266596106,-0.43465036213706726,-0.4271970170220066,-0.8519656172082269,-0.862164147944833,-1.0,-0.9601680514511916,-0.6707938316399797,-0.897932263699225,-0.4376087409196005,-0.4523820775328286,-0.7335599050125208,-0.804609978432534,-0.8721740847313345,-0.8981808451986764,-0.6645697997214247,-0.8568871856452815,-0.46038523658938413
5,0.0,0.0,-0.40431177107109056,-0.055056531133440965,-0.6891657504314425,-0.16677815161721316,-0.9114916773367477,-0.2560032253799477,-1.0,-0.4288407072872015,-0.5386899894922897,-0.817334590547236,-0.870855195401659,-0.9346966029129321,-0.9748132445860936,-0.6891735790235484,-0.9542912427629016,-0.4757746391888883,-0.4759090300200412,-0.8830347450314535,-0.8960806588543117,-0.9668989728887157,-0.9955257421505317,-0.6550437444330012,-0.9376787528530869,-0.44555953557312256,-0.44553561487502086,-0.8626204950801648,-0.867499121457997,-0.9989965267146357,-0.9779279369398207,-0.677403290792184,-0.9271216789372599,-0.4431868197823303,-0.4645577889272393,-0.7466039132522407,-0.8140128754244836,-0.8812455855438958,-0.9211954347130212,-0.6737451636697657,-0.895327809246785,-0.4631982234314981
5,0.0,0.0,-0.3977002707920315,-0.05632474255267777,-0.6778869776209496,-0.16592264724384384,-0.9000531622900713,-0.24786923159377514,-0.9873062310318357,-0.4203376617470796,-0.5192957458257857,-0.8126815340623027,-0.858411606053355,-0.9433266167670181,-0.9654542560690005,-0.6909362085001196,-0.9476839756297999,-0.4795692230401684,-0.4542573682825765,-0.875867568512766,-0.8835304091547412,-0.9699233531870847,-0.9838995135271501,-0.643570665243231,-0.9250238472390798,-0.43499269695220916,-0.42533296809071586,-0.8498561586509987,-0.8562476518183993,-1.0,-0.960501609485625,-0.6668609454225752,-0.9056002304060148,-0.4318653250857797,-0.4472267366257862,-0.7303467892033993,-0.7981658468557916,-0.8806508753371366,-0.897167889976797,-0.6677802957382466,-0.8623930393130262,-0.45581217578852884
5,0.0,0.0,-0.4045874031631169,-0.05122468159236248,-0.6890511476343223,-0.16189807908532267,-0.9116378813132511,-0.24978812000743483,-0.9970345506947096,-0.42803502037834995,-0.5357381803176001,-0.8167549300458671,-0.8727568688511816,-0.9357369179611986,-0.9784065231614105,-0.6832043698425667,-0.9555019368464857,-0.4677498410083877,-0.47141437458293267,-0.8804471222844646,-0.8973292891496985,-0.9698157525537687,-0.9986020491091464,-0.6495221981020254,-0.9382816543485348,-0.4387865969091421,-0.4409739558462554,-0.8575213153231349,-0.8676745784491385,-1.0,-0.9795354615501476,-0.673522749185889,-0.9268403523976718,-0.4376232701908465,-0.461810018843934,-0.7384618448424688,-0.813182352605743,-0.8778441651492997,-0.9205925588007788,-0.6690840429009647,-0.8923118577489748,-0.459335582649303
5,0.0,0.0,-0.3956273736021538,-0.05243208185586925,-0.6775956495880321,-0.15665908749923854,-0.9000163379383072,-0.245250320247269,-0.9820736869000947,-0.426356689266405,-0.5254242213487129,-0.7870949229910524,-0.8563298963391179,-0.9297099488573022,-0.9634818019260686,-0.6863133065511688,-0.9446929576167189,-0.4768317702511328,-0.46204292249768547,-0.8549989678469805,-0.8781243616311161,-0.9639712943069711,-0.9788215976781616,-0.647290280820961,-0.9207715467593302,-0.4389952361671584,-0.4344765800282373,-0.8388564820824048,-0.854410888170364,-1.0,-0.9594681366075509,-0.6733712485435234,-0.9049807894689825,-0.43684159884484963,-0.45779914840380065,-0.7308415071457492,-0.8041218960876988,-0.8844904532841517,-0.9005084133924599,-0.6704870320036318,-0.8630732243147268,-0.4542633516365599
5,0.0,0.0,-0.33117321681220585,-0.01525636796105019,-0.5888303996260449,-0.07822990736724257,-0.797990953133461,-0.11823752497121758,-0.9242652426620448,-0.2211365426657959,-0.4709795257656798,-0.6839831220057382,-0.7904185546365913,-0.7485071131300755,-0.938619039970299,-0.5585804325683348,-0.9811735534487451,-0.37797560250726897,-0.43338511123913986,-0.7327449247232607,-0.8356819342558457,-0.7837108311363792,-0.9855390560903802,-0.5559041720809044,-1.0,-0.3759000939696854,-0.42161514364281133,-0.6878811807670888,-0.8151903871993476,-0.7755874067156104,-0.9674181997254969,-0.5480450554344198,-0.9922175403026074,-0.3623155592446646,-0.44528300072040217,-0.5588469525255916,-0.7619104412150848,-0.6417902523523681,-0.9030711832389628,-0.5040192479154985,-0.9472063495422224,-0.3576592988149432
5,0.0,0.0,-0.32530249227641,-0.01458548772202124,-0.5872959875225133,-0.06765800439788965,-0.7935024837125373,-0.10602225924812987,-0.9073548129911675,-0.21921638291575613,-0.46698721823059025,-0.6785521977511877,-0.7791574286100796,-0.7490647000579388,-0.9307946250710024,-0.5789506641359033,-0.985061726196318,-0.40163511233262084,-0.4276760112664187,-0.7235009717721873,-0.8231014633233207,-0.7754209654970665,-0.9738655994919274,-0.5659186098636867,-1.0,-0.38674174202053585,-0.41673035889068294,-0.6828057141492986,-0.8086781586764346,-0.7605386789582238,-0.9565845760106222,-0.544134542986662,-0.9862227751267245,-0.3563784557215574,-0.43972075712212955,-0.5567704234152951,-0.7573337632953175,-0.6331891558636192,-0.8933157458166808,-0.49802348850489564,-0.9401095417835515,-0.3452755463921276
5,0.0,0.0,-0.3247561558036026,-0.01586645967964967,-0.5858342739683035,-0.06875188229528435,-0.790477511930747,-0.10419364504931969,-0.8986667812528216,-0.2180632579935674,-0.4610096314837323,-0.6818308129111591,-0.7787389932457898,-0.7470831166702222,-0.9299200288333092,-0.5697958404089969,-0.9818871847563565,-0.3884270002587653,-0.42237068785198095,-0.7249026506692784,-0.8262495932538537,-0.7737108631650123,-0.9771131822853085,-0.5550447974446783,-1.0,-0.3701103150444113,-0.41134940530353437,-0.681310916091701,-0.8110918514668132,-0.764364078073302,-0.9570021763166697,-0.5403557483665321,-0.9821308065319408,-0.3491013915213943,-0.43478839451735535,-0.552814342602634,-0.7586840183925923,-0.6336517200511321,-0.8902727144179229,-0.49521738463789605,-0.9302121099519779,-0.34180873362296627
5,0.0,0.0,-0.3251660943427593,-0.016378418033300004,-0.5814918070084825,-0.06921257976585185,-0.783803595910133,-0.10121972415355668,-0.8941854828750109,-0.2053773167581622,-0.46188005046612707,-0.6751919193676718,-0.7864224104100477,-0.7473610909640404,-0.9334391424919154,-0.5639882840817043,-0.9793923677075037,-0.3817775560391693,-0.4239398642876501,-0.7209970596729234,-0.8321258014410193,-0.7712074896543872,-0.981952364318383,-0.5509051808347488,-1.0,-0.36786050590571323,-0.4138719816352016,-0.678342742619537,-0.8162133875189196,-0.769893070590734,-0.9590931983636145,-0.5393630684555122,-0.9787570966809122,-0.3450315999581655,-0.4394165341057705,-0.553722765757095,-0.763242866628829,-0.633322187564007,-0.8906531944071185,-0.48781892865579185,-0.9252626994158116,-0.33304929903638897
5,0.0,0.0,-0.3297328909003149,-0.016155273713819678,-0.5869551484284096,-0.07151689915583659,-0.7876225050726973,-0.10522745051755887,-0.8954131619283664,-0.2083397640458109,-0.46777532149779616,-0.6673008484001144,-0.7828208433765931,-0.7429520336939072,-0.9332147812574237,-0.5641191210048253,-0.9807375573279103,-0.3854478272513924,-0.42985189690887,-0.7152548604838014,-0.8274547164358419,-0.7723331078801194,-0.9793517387889985,-0.5564574945036322,-1.0,-0.37662857793493937,-0.4189104179055245,-0.6752911977920716,-0.8128248455494174,-0.7694167797715509,-0.9595634908025681,-0.5430258166626569,-0.9824555032524274,-0.3516461110833708,-0.4445776610666509,-0.5518422289000758,-0.7663742962152609,-0.6338388251617891,-0.8952887087280655,-0.4883822559241993,-0.9295513556698457,-0.3326486515930766
5,0.0,0.0,-0.3252281266978387,-0.015969154399712773,-0.5858113132262276,-0.07561447720750915,-0.7879500141062197,-0.11339230405775592,-0.9010360171193539,-0.217573113431139,-0.4645035353118084,-0.6780420034106212,-0.7772755464399214,-0.7558679779676459,-0.9310350538606306,-0.5827800941252259,-0.9832490069487885,-0.40561577932009163,-0.4259646198497545,-0.7242041788676266,-0.8205287186260352,-0.7811567556989317,-0.9740660673649086,-0.5695744071675587,-1.0,-0.3915302145325663,-0.4158498321531193,-0.6850886407429504,-0.8087830539565757,-0.7729901873252666,-0.9568507683796807,-0.552914219335915,-0.9843559930112343,-0.3657157374012041,-0.43973160489944607,-0.5630846894785115,-0.762356458269005,-0.6429260830283331,-0.895927890375827,-0.501614505381875,-0.9368692416260264,-0.34674087312359675
5,0.0,0.0,-0.32941892311087817,-0.01563368659284951,-0.5858615545289548,-0.07840961923665303,-0.7820787222891763,-0.10850784575910345,-0.8991968421284158,-0.2011578837193957,-0.4756496670795149,-0.6624052035559048,-0.7831202601777952,-0.7429850252145838,-0.9301868131784786,-0.567075476134315,-0.981635902776145,-0.39083221019914555,-0.43691291431137147,-0.7153753594092604,-0.8248686179495678,-0.7751415831679286,-0.9768688712709985,-0.5628932075726422,-1.0,-0.38128354707645074,-0.42427528455050234,-0.679122711479784,-0.8095705443301127,-0.7746510573135945,-0.9568141947981127,-0.5522368320258965,-0.9845261561961739,-0.36401758687825325,-0.4452437005255282,-0.5613354514240988,-0.7620773267459648,-0.6418493829651197,-0.8939701915003834,-0.4978796654943598,-0.9345063607190991,-0.34478260243021713
5,0.0,0.0,-0.32035119477951657,-0.020233547943931795,-0.581587890725065,-0.08140003529405068,-0.7848958540875633,-0.11715556516970556,-0.9044254185475928,-0.21875252608628826,-0.47289473834015494,-0.6668216948354937,-0.7816372264948264,-0.7585759799317269,-0.9328648332735612,-0.5843347545830084,-0.985158092679141,-0.4079797761294571,-0.42992081608953303,-0.7158941823639803,-0.8218521406980253,-0.7807854254546006,-0.9759636129722714,-0.5696334542059692,-1.0,-0.3880982199274764,-0.41454361566676345,-0.6781770812579103,-0.80436336932947,-0.765503291265102,-0.9519570171593602,-0.550043738057423,-0.9792848590420132,-0.36611458042774114,-0.4299134157240688,-0.5640914343616046,-0.7508606245528946,-0.6416228811710035,-0.8828482298895068,-0.5068942943182271,-0.9221828801083869,-0.3610032049275049
5,0.0,0.0,-0.32287834440173324,-0.021644517129909134,-0.5874532872765622,-0.08173007114854072,-0.7912925190863029,-0.11397254934926979,-0.9055789702949111,-0.2185652984646894,-0.47548164734473036,-0.6718766478414709,-0.7893452958663538,-0.7648241729268721,-0.9389001398515892,-0.5839273841639091,-0.9862364638181776,-0.4040031562134609,-0.4324803405347986,-0.7194793967276256,-0.8295398271342652,-0.7874479377622218,-0.9812862525123612,-0.5680069429053977,-1.0,-0.38599201011822426,-0.41500424140065567,-0.6797204687702995,-0.8113894981391332,-0.776670959015078,-0.9568374435435183,-0.5539320840943655,-0.9782213629034107,-0.3681795602699212,-0.4284918954857741,-0.5607884419921592,-0.7541858039173729,-0.6464476358967697,-0.8847596157520271,-0.5098025073937931,-0.9173876410934407,-0.3634291915355399
5,0.0,0.0,-0.33364789056686633,-0.018162678251216806,-0.5958624446491089,-0.07642902124986277,-0.8014593651268038,-0.11505875885919221,-0.9064890152115838,-0.2344788782219403,-0.4749800248850287,-0.6694734117496371,-0.7876626218329531,-0.7560722062285763,-0.9393656147455993,-0.5766305831208753,-0.9844931733900972,-0.4007880068494822,-0.4330200849018627,-0.7191973434621907,-0.828459506934872,-0.7858944048330629,-0.9815645699403491,-0.5663482592678434,-1.0,-0.3862855587542847,-0.41913661758786,-0.6819371782634154,-0.8147992348463593,-0.7784008776852044,-0.9611491637898435,-0.5520409878685485,-0.9823879716261879,-0.36564285943008407,-0.4406550389133537,-0.5613543852239042,-0.7693247801212535,-0.644497179849226,-0.8985431889432401,-0.5007946207472828,-0.9296212657208729,-0.3482989131097747
5,0.0,0.0,-0.33363318124180386,-0.018975600137888207,-0.591783216617012,-0.07942965391238775,-0.7939474454270151,-0.11456604858448781,-0.910078901640189,-0.21970371528100616,-0.47986065913681447,-0.6637063102868748,-0.7873205594701838,-0.746380196880479,-0.9366026072127397,-0.5720728274859188,-0.9846777148357025,-0.39987675243229515,-0.4369426693460939,-0.7159856582574254,-0.8260802272835738,-0.7786670857312135,-0.9787438825417596,-0.5649720221176335,-1.0,-0.38488815977235136,-0.4218350501860217,-0.68031307392021,-0.8103312720453335,-0.7741951308274262,-0.9578887665032809,-0.5524847922730887,-0.9837871076047096,-0.3669337917945108,-0.4413751705777139,-0.5622426836254711,-0.7649703869292931,-0.6395974546582238,-0.8968091581194801,-0.5019775321319262,-0.9345135590387602,-0.3551442739982427
5,0.0,0.0,-0.32346196577946984,-0.01573603570000271,-0.5821635380366856,-0.07502321512786288,-0.7831044310032368,-0.1068184115258535,-0.9077093187239369,-0.20369541979796724,-0.4782553373935077,-0.6606371175429757,-0.7832785089070808,-0.754032946992899,-0.9344236400068948,-0.5813816096744838,-0.9849864444891544,-0.4073631540033841,-0.4346425647781237,-0.7111581091953904,-0.8208243442070078,-0.7820556969648815,-0.9759641649826178,-0.5735997774533464,-1.0,-0.39370865768300795,-0.4173072120399712,-0.6752218308103098,-0.8027321887300296,-0.7697177833094182,-0.9531463064101059,-0.5544440970050067,-0.9830274043751959,-0.3696636257393333,-0.43088642630389185,-0.5608548286991887,-0.7512153690688596,-0.637089667755823,-0.8839725260315681,-0.5031993925856846,-0.9250526358106314,-0.359853065354496
5,0.0,0.0,-0.323793759072835,-0.01674898302179847,-0.583141236390509,-0.07380015276144365,-0.7841744564696685,-0.10776571692716654,-0.9093268075721123,-0.20658943090827406,-0.47055563253429405,-0.6647321464356999,-0.7776198759357211,-0.7565963780803742,-0.9316518504861685,-0.5854528888211985,-0.9856052303808234,-0.4090667657592973,-0.4270730151604854,-0.7122971817002326,-0.8191679730785629,-0.7877766797174257,-0.9744949081427347,-0.5747388798486586,-1.0,-0.3926040673020657,-0.41173121620172143,-0.6739414437368763,-0.8033549497265219,-0.7759049359657771,-0.9558259099745741,-0.5589265244939348,-0.9872141496336894,-0.37256395692600613,-0.4294770420773419,-0.5557251950647595,-0.7526457465175391,-0.6417859614447217,-0.8878230196456103,-0.5107931189405486,-0.9304780837714441,-0.36833085792613174
5,0.0,0.0,-0.3292770408578311,-0.007963834332940081,-0.600735760907092,-0.07262092101867641,-0.8076831607942933,-0.10328151777787206,-0.9156132489120057,-0.22583613351668647,-0.49002735117121166,-0.6693245541276448,-0.7791685820011622,-0.7849056332047188,-0.9325959246871663,-0.6052671731064072,-0.9894160659230563,-0.4213270436408235,-0.44255300432784506,-0.7166450579310029,-0.8230777793822691,-0.8140304268643227,-0.9762205951555692,-0.5814247130501324,-1.0,-0.3879402820436272,-0.42236599502486594,-0.6810220743841315,-0.8050862202176028,-0.7901868964263653,-0.9608049581636454,-0.5651746648829566,-0.9955092623046213,-0.37064573596914496,-0.4360400237118735,-0.5673944418776908,-0.752078778534916,-0.6671919645863247,-0.8899460800092792,-0.5378629031787222,-0.9363173498750768,-0.3920599865248677
5,0.0,0.0,-0.33510517336082446,-0.006066938856747239,-0.6066583167053261,-0.08294294931674537,-0.81144150731574,-0.12102273809537693,-0.9229035785493069,-0.2478723730955538,-0.495202465182255,-0.6857271638469998,-0.7769053985920907,-0.8142213291754569,-0.935423467045447,-0.6291884405125507,-0.989474111815623,-0.43619840410003313,-0.44573399775390704,-0.7354734774051523,-0.8106926152988552,-0.8469534303063946,-0.973490816403087,-0.6174872214104205,-1.0,-0.42111929910082424,-0.4225939535861879,-0.7064419096532628,-0.7922346525728027,-0.8348153737249108,-0.9576169490220866,-0.6068042855360244,-0.9953550424553551,-0.407871996025605,-0.43460013286856547,-0.5987507322737279,-0.7460309500568909,-0.7042269152529459,-0.8923267042881405,-0.5656723681975317,-0.9434393133128627,-0.41254503945045745
5,0.0,0.0,-0.3387865927083776,-0.010439696680468447,-0.6138279011774993,-0.08820040679276994,-0.8228650963153218,-0.12573254892091104,-0.9333445798572018,-0.25234342265252135,-0.495319025850109,-0.6948480809248714,-0.7745057612666978,-0.8234228560547364,-0.9329451456017122,-0.6466952148324167,-0.9919038727509317,-0.46242137789357435,-0.4452891514556453,-0.7449597600811159,-0.8092880500269388,-0.8610835764807004,-0.9705129060711071,-0.6365089563493314,-1.0,-0.44347486666117386,-0.42218615593357534,-0.7158378520026608,-0.7904467303243402,-0.8388797483701184,-0.9556216995545946,-0.6161866377597081,-0.9964129199074627,-0.41979346450407234,-0.4360526501709387,-0.6062207432999845,-0.7466134687821874,-0.7091588259020492,-0.8943471931083598,-0.5772913112579204,-0.9495055215278625,-0.42856888440419616
5,0.0,0.0,-0.3387149918915528,-0.008611292102266887,-0.6108914679748582,-0.08485629736523347,-0.8177430570077191,-0.12346454464688093,-0.9320471474252113,-0.2505465238037353,-0.5010076441022919,-0.6898741734719124,-0.7806460804481475,-0.8188258444686867,-0.9390054810679777,-0.6373220939454192,-0.9943074752886815,-0.448162808395575,-0.45029965490730106,-0.7425899267640514,-0.8136560009349436,-0.8532980801213863,-0.974089710030671,-0.6245744970671615,-1.0,-0.42977555098941034,-0.4256956281613466,-0.7174054688730607,-0.7933809742878775,-0.8410482469220537,-0.9571057475190966,-0.6115660970363616,-0.9938276912950572,-0.4106864018467482,-0.43614045730156975,-0.6133085630596421,-0.7454639403731097,-0.7086121324571233,-0.8922180404253681,-0.56974710790899,-0.9448969549057766,-0.41775759710104937
5,0.0,0.0,-0.3404685790453026,-0.015367530570349052,-0.6143139980671959,-0.0883473860962688,-0.8244460079237548,-0.12485996543291747,-0.9309521452309553,-0.25536642142432703,-0.49293026810676,-0.6996169931324725,-0.7752319491854904,-0.8224803980896912,-0.9339360995200795,-0.6376370151708914,-0.9926134389833974,-0.4484566369794361,-0.44487690724785917,-0.7499442986086662,-0.813819881325281,-0.8577754553405674,-0.9736486041846439,-0.6238903413885063,-1.0,-0.4265129249684196,-0.42426768536261167,-0.7220331661998685,-0.7959567722054256,-0.8428498257293368,-0.9592382978748333,-0.6101502092243847,-0.996611637011656,-0.40659438080849325,-0.4397369527423733,-0.6124727766162337,-0.7500918267459238,-0.7113274661852036,-0.8969468607750314,-0.5726262175953128,-0.951072796104398,-0.4176352655320962
5,0.0,0.0,-0.3396262143096002,-0.013683585222313605,-0.6120889531622952,-0.08975998528860857,-0.818103093355062,-0.12802522019747545,-0.9274347343057506,-0.25198343172487353,-0.4901722009752544,-0.7022399538043569,-0.7763872406790275,-0.822523148089403,-0.9353784171628214,-0.6395583185832243,-0.9927735365181596,-0.4504498823928109,-0.4421356817420037,-0.7518456100376355,-0.8160275690226041,-0.856874715596359,-0.9750078134745491,-0.6212500934591115,-1.0,-0.4225815954168237,-0.4212871257169998,-0.7229912928318472,-0.7968961228572974,-0.8419985628282416,-0.9591304037179841,-0.6081636704765448,-0.9943440400221686,-0.4040291565098005,-0.4368086587939119,-0.6122734311997456,-0.7458714498470589,-0.7088455364416354,-0.8919027025739664,-0.573700732895128,-0.9446870422821709,-0.4227805193535031
5,0.0,0.0,-0.3357128180135929,-0.01555992193791114,-0.6079379969352618,-0.09540667327826886,-0.8117660009946785,-0.1293117345622582,-0.929106922457189,-0.24502998628644274,-0.48726300236603426,-0.705401018223302,-0.7748473262480934,-0.8295742333208689,-0.9352360069709766,-0.6485110085527075,-0.9925248282769202,-0.459324249334057,-0.43823679029500895,-0.7556965325522162,-0.8155648972893541,-0.8639919125074654,-0.9764424944374983,-0.6304966125495992,-1.0,-0.42850596268447244,-0.4171448260164653,-0.727147221628597,-0.7976884987307957,-0.847463951717936,-0.9593907505866116,-0.6147201452959326,-0.9926613566216345,-0.41126842667438696,-0.4327672336673805,-0.6192485965689272,-0.750114540817176,-0.7155864832629373,-0.8940710460598057,-0.579400830570283,-0.9424020800886631,-0.42807992373217174
5,0.0,0.0,-0.33895270835276214,-0.018618349438708232,-0.609808622081714,-0.097897952154839,-0.81640378819133,-0.14016494826895046,-0.9305018012073726,-0.27046292479942186,-0.49242009338670795,-0.7007702271509111,-0.7782730565349182,-0.8282970330455308,-0.9359096092364177,-0.6502503661698931,-0.9928206753646659,-0.46010583151960066,-0.44007809547654847,-0.7547523235214924,-0.8150199064419618,-0.8647840644108563,-0.9750186759787294,-0.6365732416690143,-1.0,-0.43675779168452167,-0.4154881054896377,-0.7288205055918908,-0.7938280976668509,-0.852568699079119,-0.9551852440980111,-0.6244336121280063,-0.9893755730074527,-0.4217717424508063,-0.4271981437138223,-0.6230142961526413,-0.7413897264497222,-0.7210586578566538,-0.8883730375133584,-0.5880999992796339,-0.941330072346176,-0.4381874264180067
5,0.0,0.0,-0.3390863325214797,-0.01661306493558556,-0.6099590745575646,-0.09631883250281109,-0.8184386941745798,-0.14082117354187637,-0.9331490188387519,-0.27742197224238646,-0.4862624848538919,-0.7157582014971803,-0.7776199573727698,-0.8407732837391226,-0.9403918356631058,-0.6612682721115493,-0.9943025480047618,-0.46576448985864155,-0.4344359713140671,-0.768174543690946,-0.8138177310569988,-0.8795760111586974,-0.9768826076891726,-0.649663494057302,-1.0,-0.4474437417637203,-0.41131582784510035,-0.7394415463395252,-0.7949037153604627,-0.8685871977607145,-0.9600321571084227,-0.6372243290416576,-0.9932938555241094,-0.43195816038701723,-0.4266712204884249,-0.6273473765545517,-0.750015819159301,-0.7298491422085432,-0.8973063410657908,-0.5925617330409769,-0.9461191573752851,-0.4385344108964727
5,0.0,0.0,-0.348089335638593,-0.022054821103462668,-0.615927940156863,-0.10306090507771475,-0.8220618421989291,-0.1477468622041754,-0.926194439487421,-0.2882618010475084,-0.4802370789902495,-0.7165765138505735,-0.7759775168920731,-0.8386856509286862,-0.9345561741270682,-0.6615372688523727,-0.9906432201084174,-0.4699017339180346,-0.4286965823842665,-0.7709950745064998,-0.8123520572297293,-0.878457718865586,-0.9742951844061469,-0.6553981985039216,-1.0,-0.45831614627672285,-0.4066653599627882,-0.7426007892881487,-0.7934214285783939,-0.8686604627487003,-0.9578638707104276,-0.6433633582679738,-0.9938879413660516,-0.4444821503275048,-0.42452585664678333,-0.6265081459334693,-0.7481098138337035,-0.7275899797265868,-0.8977004937195326,-0.5934343005867491,-0.9509993846789946,-0.4431009448249163
5,0.0,0.0,-0.3475828313002404,-0.023787882021032238,-0.6135597779432242,-0.11104228745808342,-0.8184023963682515,-0.15912724647288023,-0.9276295143579866,-0.29268129621737243,-0.48099113108041147,-0.7155983589082594,-0.7801986780507602,-0.8410417021089991,-0.9391189967704,-0.6644520633359455,-0.9933041154739086,-0.47153999471032365,-0.4273445726883165,-0.7715676177055765,-0.8147556128418934,-0.8871895276154581,-0.9774973409685824,-0.6619185197989923,-1.0,-0.45832343884560545,-0.4039574296558206,-0.742442291725846,-0.7943400463150122,-0.8815504037440415,-0.9591704330976341,-0.6575050072796674,-0.9918714784841143,-0.4567787241465111,-0.42193919691280235,-0.6266486924691415,-0.749025217582477,-0.7359423718932205,-0.8964372600729474,-0.6066092959307667,-0.9441481046729455,-0.45879455676251446
5,0.0,0.0,-0.34407810613558776,-0.021389081618151205,-0.6087347522669218,-0.1073025556127624,-0.8118813155115681,-0.15582471152832042,-0.9219381179534277,-0.2857780620575011,-0.4680174588992799,-0.7167514079741762,-0.7663182983714112,-0.8402620667417482,-0.9326277850244847,-0.6642271333472267,-0.9916668827357188,-0.46975611620005175,-0.418108432093136,-0.7701666019109342,-0.8036875871546201,-0.8837130007741445,-0.9720689973141805,-0.662034731036919,-1.0,-0.4619334742558436,-0.3988355275226809,-0.739279482167285,-0.7875116506707336,-0.8774007302419148,-0.9574764408377917,-0.6520778792143457,-0.995378526661199,-0.4513502496231138,-0.42155669921608846,-0.6212709811984833,-0.7479400171516588,-0.7293902778284105,-0.8971136358806933,-0.5941737776128938,-0.9472154677628548,-0.4424788767320534
5,0.0,0.0,-0.32701575924317017,-0.042532660810245516,-0.5808145895678476,-0.14068623901921035,-0.8005144479840396,-0.20681894970557005,-0.9299107861119156,-0.31976139910544776,-0.4034561331531358,-0.7744687590501014,-0.7571509878688419,-0.8522536763522862,-0.9176217540303118,-0.669442232197445,-0.9795916192039129,-0.48488522460340444,-0.3700865994143579,-0.820939521189304,-0.8047016282137915,-0.8978948458667182,-0.9656713566303053,-0.6700210364578305,-1.0,-0.4863083027641021,-0.36571982495092836,-0.7658047953470413,-0.7837267110724974,-0.9028536980725296,-0.9482185378254014,-0.6910959069408245,-0.9846250844676127,-0.5005161574476301,-0.4061788058692924,-0.6221022581008463,-0.7301730379380249,-0.7552011938089263,-0.8755397882678508,-0.6302375953277344,-0.9190782170093639,-0.47515847733050165
5,0.0,0.0,-0.34918716263721994,-0.05260935304110525,-0.5979645795637022,-0.1474308919885935,-0.8053850174648999,-0.20633494447067766,-0.9344619311681721,-0.317208498114817,-0.4154706062969843,-0.7733796966230251,-0.7592068522374072,-0.8619205657713618,-0.9259882279279662,-0.6757265751078879,-0.9848790524620418,-0.4910466834327567,-0.37988341768488465,-0.8120981008675129,-0.8033080292041024,-0.9043040135197645,-0.9747051570558275,-0.663444726017129,-1.0,-0.47267416597787804,-0.37981006270047357,-0.7533390547548862,-0.7914551865180753,-0.9094112039917939,-0.9605344171164837,-0.6816492886169899,-0.9892410685295893,-0.4880580690883699,-0.4262944749667097,-0.606556131795257,-0.7521313030170144,-0.7549625849494813,-0.8978822456085217,-0.627619334129148,-0.9351094993502271,-0.47422173568315135
5,0.0,0.0,-0.3485652691795538,-0.05230712022014911,-0.6073975361203899,-0.14580353546636404,-0.8219360352887286,-0.211592925627186,-0.9398453886160596,-0.3361430780864686,-0.4085489001042059,-0.7929307873148471,-0.7557913743532177,-0.858926070711375,-0.9214450244583964,-0.6753215200510935,-0.9813836066392838,-0.4950236495666413,-0.3759383192600375,-0.8370011542716754,-0.8032522735793828,-0.9096060098300455,-0.9694657567093449,-0.6678874534948508,-0.996738880485478,-0.48095932937982827,-0.37974555240919655,-0.7857792992422187,-0.7947247511517633,-0.9261671566400108,-0.9660721529347516,-0.6962261848280336,-1.0,-0.5007673643966264,-0.43135032176065236,-0.6406570236417855,-0.7617982148001914,-0.7695677921139716,-0.9101820194491809,-0.6361617733151309,-0.9527725351733425,-0.47940156429715053
5,0.0,0.0,-0.35559690533818344,-0.05983370693045624,-0.6061339320683892,-0.153968344353479,-0.8130614289186828,-0.21258380423306664,-0.9323218760147381,-0.3284121785518718,-0.41289492767155617,-0.7924148048549462,-0.7612858272089326,-0.860759811440093,-0.9237602667775314,-0.6734118244458853,-0.9814883186864076,-0.4925586718923322,-0.3759483050160797,-0.8322484628024417,-0.8087588881112844,-0.9105738496708855,-0.9757636392543733,-0.667016996883255,-1.0,-0.4770697494909344,-0.3731903602349794,-0.7744701013110493,-0.7920573312899275,-0.9235298427667372,-0.9631172592890572,-0.695471198733464,-0.9931693261352873,-0.5025445627587041,-0.4197360104154102,-0.6261337769556804,-0.7527823852375153,-0.7630516629409002,-0.9004264170821544,-0.6355708545669365,-0.9381349288716387,-0.487107174513839
5,0.0,0.0,-0.3504606576166349,-0.0540204111848807,-0.6030931453452744,-0.14593125778873856,-0.8133980624825768,-0.20339091772066362,-0.9295304991772027,-0.32078609325144763,-0.4096211823834619,-0.7839284410339289,-0.7574738607009451,-0.8598891412125278,-0.9229160472320805,-0.6697230930727277,-0.9825195391689081,-0.4854737630706581,-0.3737099791466548,-0.8211482733760997,-0.8061457862243665,-0.9035336112434589,-0.9750562685300873,-0.6613363690166654,-1.0,-0.4699692061164971,-0.3726354408431061,-0.7607743292052935,-0.7894465694048466,-0.9132488333785849,-0.960044603324513,-0.6872987636052041,-0.9911646607408041,-0.4926379905266347,-0.4203453852947002,-0.610352885075839,-0.7517193218003186,-0.7514249180732623,-0.8985108960644909,-0.6253276363505799,-0.9373689605884282,-0.47487956577921275
5,0.0,0.0,-0.34968380718779823,-0.05340243370946861,-0.5945215451751601,-0.147630018693059,-0.8023204996801553,-0.2099122573975634,-0.9284862073476805,-0.3245262324857916,-0.4126135609354395,-0.7763510731453219,-0.7575364169523331,-0.8549397752819811,-0.9215688123687212,-0.6666328896708208,-0.9792106938102618,-0.4846962117059162,-0.3768597747683032,-0.8198333035025608,-0.8019707572815846,-0.9034721012715935,-0.9739194103620065,-0.6634835025126071,-1.0,-0.47435192312168467,-0.3760162193789795,-0.7629921375179888,-0.7889532368528561,-0.9105271458692674,-0.9589818182110045,-0.6820516535210612,-0.9894001767372947,-0.48936024630854225,-0.4235280118980638,-0.6157190848186517,-0.7525649782449393,-0.7516882143834621,-0.8986826570309259,-0.6213176720439644,-0.9372251522372678,-0.4679784046609846
5,0.0,0.0,-0.35345713996946965,-0.0564896608473903,-0.6050341424130694,-0.14767186245153602,-0.8125381907032657,-0.20415486608818867,-0.9319072243042257,-0.32586340492928123,-0.41324635653882336,-0.7815674342161669,-0.7516981435056589,-0.8612701837047216,-0.9217648628786062,-0.6777599333149218,-0.9828837059925588,-0.495474004499871,-0.3768933460371743,-0.8204476631273842,-0.7970444405128796,-0.9089064603388601,-0.9710276171361446,-0.6696437847574486,-1.0,-0.4801871321764984,-0.3771824303701147,-0.7667139866585462,-0.787922447933047,-0.91471306110452,-0.9608523731241544,-0.6846227106507907,-0.9952193157557417,-0.49001791596623057,-0.4243275864121084,-0.6232248698868335,-0.7551021972628373,-0.7587373369260753,-0.9015567988176794,-0.6286716786721729,-0.9426594265801445,-0.4753746748809923
5,0.0,0.0,-0.35114729533188827,-0.05953415041648804,-0.5967376105325999,-0.1511951744281553,-0.801740475265138,-0.20832595447679567,-0.9299963539767696,-0.3166326771827058,-0.4150282266303934,-0.7673825159162937,-0.7588836758324753,-0.8531947777728808,-0.9229813652153357,-0.6660621346464359,-0.9801642313101243,-0.4839254448348672,-0.3763675592078113,-0.8099564480521823,-0.8027613617696434,-0.8996924919967787,-0.9745639796944552,-0.6613187986553787,-1.0,-0.47217573431308524,-0.3725929235096379,-0.7538068889805959,-0.7861715554095365,-0.9060942677302904,-0.9547069759242268,-0.6777464371141125,-0.983191832907964,-0.4866479424008462,-0.41605291942288664,-0.6113891148176788,-0.7474249460108099,-0.7522523208340178,-0.8924483246322925,-0.6231586581031865,-0.9284836549980567,-0.47290804408883474
5,0.0,0.0,-0.3486259025193219,-0.05998244942687736,-0.6020139697063605,-0.15184257770656742,-0.8103175618732498,-0.2080743552408231,-0.9319621164754034,-0.3248386295351362,-0.41700460919854604,-0.7842421647566622,-0.7613239301720874,-0.86906528542322,-0.9292808126064946,-0.6783521907995133,-0.9845772468806898,-0.49275427358072726,-0.3805403724837255,-0.8207282335596795,-0.8050200461020929,-0.9076502669276005,-0.9746404123677163,-0.6632715748031018,-1.0,-0.4735165651979938,-0.37987045081442783,-0.7638927381420934,-0.7949233117579744,-0.9146337050650647,-0.9639924177966288,-0.6834579682775715,-0.9950744383240476,-0.4892852962705335,-0.424155628827817,-0.6188912857017813,-0.7565228922584426,-0.7614811009922078,-0.9017394311972858,-0.633738925016278,-0.9405124112389164,-0.4822262544202398
5,0.0,0.0,-0.350787185768638,-0.056546418839444536,-0.6018485263043092,-0.14369218423184157,-0.8097255842102717,-0.203855082627847,-0.929288951921036,-0.32504791992228405,-0.4167605707615327,-0.7796784321803347,-0.7583874786806173,-0.8568527259368944,-0.9252781055175139,-0.6730552139890358,-0.9843839631703047,-0.4919197288439588,-0.37971740347572963,-0.8180198332732711,-0.8033311352119817,-0.9026272035424624,-0.9726686980572424,-0.6633519482309035,-1.0,-0.47490732176753236,-0.3783979236352813,-0.7630597849213462,-0.7879631711141359,-0.9088448046063019,-0.9608336457849185,-0.6847467037791027,-0.9957329871376515,-0.49171080951636137,-0.42304798022055,-0.6191759817033208,-0.7481657085380119,-0.7529962471411439,-0.8987634606267499,-0.6310277272875351,-0.9448991207986728,-0.4828578909487649
5,0.0,0.0,-0.34736461800763174,-0.057089794592839166,-0.6003724527076398,-0.1434267678817894,-0.8088097751075749,-0.19737050418121296,-0.9188613298692864,-0.31660124218559715,-0.4155772509539661,-0.7788894414224243,-0.7605003247544044,-0.849968336445563,-0.926173987172201,-0.6595339774295689,-0.9847272063002355,-0.47910722984492976,-0.37821608346188196,-0.815275432329301,-0.8098088008443615,-0.8989214094341155,-0.9767571242997484,-0.6525518592189656,-1.0,-0.46062119428432247,-0.37354164975237475,-0.7570772103596655,-0.7862876512137695,-0.9130123000730698,-0.9566361532840789,-0.6843443005602013,-0.9871458147276122,-0.4880652756353008,-0.41597811967199805,-0.6091155516765446,-0.7429759681740684,-0.749918405455874,-0.890926158967281,-0.6276896768693675,-0.9320118535357635,-0.4811790614597711
5,0.0,0.0,-0.33746401701246787,-0.047037961365827004,-0.5944035859199144,-0.1330954861753372,-0.8097994465500441,-0.1895905551695779,-0.9282913584322251,-0.30490482522665063,-0.41325320355811324,-0.767474692490537,-0.7634369347962451,-0.8405093333192403,-0.92731812558769,-0.650572312948428,-0.9832387676774493,-0.46929072302581915,-0.3797638711088472,-0.811386234812547,-0.80972749073823,-0.8889774672611219,-0.9751553249536657,-0.6437947462500656,-1.0,-0.45560692288085053,-0.380811702210263,-0.7600653781562482,-0.7931526524253784,-0.9076152421109802,-0.9617315007502512,-0.6781990761198987,-0.9948128803342328,-0.4833263748946579,-0.4292017823901769,-0.6160707207736429,-0.7557541273975615,-0.7490496344685413,-0.904967512154231,-0.6192971461999811,-0.9506110755849052,-0.464651605813867
5,0.0,0.0,-0.35140145246754223,-0.04768783624150844,-0.6070702186281743,-0.13167921003763114,-0.8147899089798146,-0.18303295877448075,-0.9287712590830165,-0.29431816167224295,-0.42599798303491504,-0.7644001179449779,-0.7662820820834283,-0.845177348450994,-0.9341067002650909,-0.6510985612872712,-0.989728516662581,-0.4689546728972915,-0.39015721853627183,-0.8026010046515722,-0.8100122000100665,-0.8906762334960069,-0.9782170623671769,-0.6435320893683851,-1.0,-0.4562863878494665,-0.38853211280251165,-0.7483113674057382,-0.7938707736298015,-0.9032638236384314,-0.964541517426941,-0.6715456518181927,-0.9929616110289559,-0.47750221961933603,-0.432548330848297,-0.6055951931919583,-0.7608651308958989,-0.744627522709197,-0.9086069063835172,-0.6114174528816131,-0.9470350022303176,-0.4578856141564947
5,0.0,0.0,-0.34512040871089833,-0.03681328776387209,-0.6010409064461523,-0.11634457330540525,-0.8153206501557415,-0.1734910157135345,-0.9351144063111646,-0.2914507393456383,-0.4337143573028073,-0.7460764191117879,-0.7783843305689323,-0.8207477432755036,-0.940346733106576,-0.6258070897803268,-0.9887593466887579,-0.4447335737699423,-0.39676291420287946,-0.7988529837158594,-0.8203921363454194,-0.8723164705480823,-0.9829163569582364,-0.6224504873552102,-1.0,-0.43534299616823313,-0.39324036187705685,-0.7537383178525102,-0.804546168917788,-0.8904832841240103,-0.9701365796294862,-0.6510811370347654,-0.9934413002297343,-0.45468791097891437,-0.43543782468292225,-0.615660438708591,-0.7686942460959366,-0.739316924049104,-0.914408068762118,-0.5945995160884545,-0.9492354757560888,-0.4315110249388775
5,0.0,0.0,-0.29136534373688067,-0.009695503500895578,-0.5595878901468704,-0.034241317546349063,-0.7944439829014953,-0.06686782554562684,-0.9318871161947297,-0.17162973030753162,-0.47506061905094216,-0.634818873931205,-0.8141531222272808,-0.6771980429102018,-0.9496617628651405,-0.48598788837454543,-0.9791426156635862,-0.312592700901338,-0.44900699957574974,-0.716142556955323,-0.8493142764095799,-0.7769790500116862,-0.9846270751432536,-0.5288202186827416,-1.0,-0.3309745903990943,-0.44800962372434144,-0.7053706983735596,-0.8267641002294053,-0.8083316994712934,-0.960450569303997,-0.5741179637315859,-0.9748713125949163,-0.3803708368364443,-0.47284166824514356,-0.6035600469223024,-0.7876526553304334,-0.7259398583690845,-0.9169911682833594,-0.585146477116516,-0.9445379715076614,-0.41129414058302843
5,0.0,0.0,-0.3129595198689678,-0.005799180514789067,-0.5774004604904408,-0.041253251276538325,-0.788017993344714,-0.06895520641420601,-0.9231738732968272,-0.17368352083631364,-0.46616058252552467,-0.6316608202460947,-0.7973833161318714,-0.6650702938724603,-0.935246118102071,-0.4765213949625487,-0.9713424904883962,-0.3172941102921104,-0.4353160882651916,-0.7114891007844,-0.8472803854610678,-0.7649908015376973,-0.993828386884054,-0.5088862107163142,-1.0,-0.3059431477407202,-0.4348266308443163,-0.7019621458080308,-0.8388085449476537,-0.808183527844454,-0.9771556872838739,-0.5511528613347103,-0.9835373221295046,-0.3537949524925953,-0.47438947417366795,-0.6051138733813699,-0.816963170331405,-0.7292897772590518,-0.9411558714978487,-0.569621535948534,-0.9545209513361409,-0.3899963357437628
5,0.0,0.0,-0.31060520463431257,-0.01574482585458589,-0.5731123784927723,-0.04839327988808781,-0.7897951863409735,-0.07382169374798235,-0.9320469708382654,-0.1706687829549123,-0.4795856648373328,-0.6441923132106604,-0.819549212669034,-0.6685095636500592,-0.9460651386348148,-0.46427900480648515,-0.9706255156210768,-0.2907064905484415,-0.45122650561354427,-0.7207104810072097,-0.8670334301804226,-0.7636645189927903,-0.9991895781771226,-0.4944252394275261,-1.0,-0.2865763657233043,-0.44911290756483374,-0.7082742610925786,-0.8519187829549123,-0.809785703396822,-0.9798120897449694,-0.5516085135765272,-0.9814311399261093,-0.35194680583952076,-0.4796461942680871,-0.6062997686430647,-0.8140002331503999,-0.73389042827935,-0.9315031026937839,-0.5811080921123426,-0.9401272014778148,-0.4030849833207791
5,0.0,0.0,-0.30697767057192715,-0.012969412691506253,-0.5697402797912293,-0.044603159007976054,-0.7874648467515536,-0.07376083337176435,-0.9230283380352857,-0.17443586040158526,-0.4741577534537238,-0.6309946550798797,-0.801102847883765,-0.6703514779012695,-0.9375258573961677,-0.48248915409637966,-0.9704992312681058,-0.3188765842772327,-0.44548664928470394,-0.7119396394523768,-0.8452394876665372,-0.772794666263865,-0.9886674147906199,-0.5258572847734496,-1.0,-0.3289025146366508,-0.44320440337114725,-0.7062936206058021,-0.8313356997933191,-0.8140268117109247,-0.9698896817933409,-0.5673768274509359,-0.9815691487761891,-0.3708455783490522,-0.47468353443341865,-0.60966354250282,-0.8048367839938011,-0.7270577363212842,-0.9303620915478257,-0.5735868355136535,-0.9481706943494809,-0.39513131268573604
5,0.0,0.0,-0.3118174857656444,-0.008747662599537746,-0.5716088819877441,-0.045781109426524996,-0.7798769587036172,-0.06934541172644665,-0.9204904140895328,-0.16163978525845193,-0.4633891390950943,-0.6228363690131056,-0.7871038033626404,-0.6443182295347356,-0.9268354568350369,-0.4634593839537067,-0.9678035091606443,-0.30917297344141287,-0.43743852178908404,-0.7095348293887513,-0.8385907161535926,-0.7541646602025017,-0.9872710508988215,-0.5038491725624699,-1.0,-0.3049915616828033,-0.4408594129003957,-0.7078238254478919,-0.8349420038792137,-0.805028638460322,-0.9743660987814695,-0.5477195994993295,-0.9839770249057669,-0.35198972749908647,-0.4846160409327624,-0.6153437329971706,-0.8218965620446369,-0.736766494028852,-0.945424770324998,-0.5719324103747078,-0.959528240443349,-0.38608160107352907
5,0.0,0.0,-0.3103936786794016,-0.0031496814097254065,-0.5756033777183438,-0.036257332570810465,-0.7906773479862512,-0.06831996443559733,-0.9238364289452122,-0.17671310046988747,-0.4704681371479275,-0.63101111072615,-0.7971704162124001,-0.6610528845007327,-0.9342452260953804,-0.4724254391668283,-0.9675261097340004,-0.3104645465111204,-0.44159905725535864,-0.7127409562522751,-0.8479646533753111,-0.7689548952123493,-0.9914902357626526,-0.514138132427905,-1.0,-0.31578098375349334,-0.43869955054046283,-0.70715454631764,-0.8376786938001222,-0.8126365893089914,-0.9751850100362348,-0.5574589630258899,-0.9831948748384101,-0.3595917022993124,-0.4720112560614494,-0.6082851469573852,-0.8115835833205471,-0.722429601245834,-0.934106415136109,-0.562424435768322,-0.9466497963730969,-0.38321813748539335
5,0.0,0.0,-0.31303721259780104,-0.01061143093551868,-0.5786739095872951,-0.04602933062213678,-0.7881467982897373,-0.06973159243162891,-0.9194120426470149,-0.16944800340948107,-0.4626326484533755,-0.6342932964240083,-0.7899083189824284,-0.6569666128257232,-0.9307248754510682,-0.4692709161377206,-0.9689045171616337,-0.31263952887170493,-0.4341773313150773,-0.7128267029703367,-0.8439518896211673,-0.7707902193851445,-0.9919347691808917,-0.5133408862067875,-1.0,-0.3118114293323144,-0.43417154196632113,-0.7019039832055446,-0.8351131127413324,-0.8135825247171792,-0.9728564156894914,-0.552768466575195,-0.9790329828105329,-0.35390979214901963,-0.4739376879033339,-0.5988300839500104,-0.8159258749598642,-0.7180621669176127,-0.9385531883056937,-0.5565412292925015,-0.9517290780729306,-0.3776438953766706
5,0.0,0.0,-0.31826559215214956,-0.01081412554084595,-0.5856782003185462,-0.04386101155763857,-0.8001561220934663,-0.0711986918461404,-0.9301272062078757,-0.17432151362894924,-0.47535557108482956,-0.6301166803696245,-0.8003440675280572,-0.6455678734432208,-0.9331171253153562,-0.4589471077745272,-0.9689798406732246,-0.2977665780276367,-0.44625352788777267,-0.7089330844974515,-0.8519264854002601,-0.7531103181596633,-0.9916048059502497,-0.49763515031053457,-1.0,-0.2954345796804838,-0.4428655935377164,-0.6990316452287448,-0.8406960193782693,-0.8023370489616852,-0.973556010309511,-0.5465387311738902,-0.9792766134422777,-0.34763670348624254,-0.4762651286577009,-0.5947266220797224,-0.8164689365975798,-0.7126811544810907,-0.9381234911009736,-0.5551291337101032,-0.9507321491504576,-0.37550022873026434
5,0.0,0.0,-0.3134170875353834,-0.00840854975793365,-0.5763063719347965,-0.03944069537061986,-0.7900684929201847,-0.06609188761947112,-0.9270372824134349,-0.16568672739620335,-0.47059183814949535,-0.6348157798678064,-0.8037107641955834,-0.6599328419839232,-0.9401821616876239,-0.46528138769003036,-0.9712349478344153,-0.30202261529477037,-0.43899746233607323,-0.7150825542840438,-0.8548257007853948,-0.7724533675367923,-0.9980876096444242,-0.5079743133040133,-1.0,-0.3022431549146121,-0.4355933446841314,-0.7052822267726124,-0.8415428440277849,-0.8173839962721401,-0.9781450396870357,-0.5546082348103056,-0.9801209221203482,-0.35453819160652683,-0.47004890236107516,-0.6035575979713047,-0.8142935249971451,-0.7305003601997555,-0.9375803326222071,-0.5685243296930461,-0.9473906438702437,-0.3866627150513691
5,0.0,0.0,-0.31730615149003333,-0.008698314838199382,-0.5825549843571384,-0.04173378880418369,-0.7974147878047725,-0.07026298486956545,-0.9288811102347478,-0.17346302022167379,-0.47699055357741466,-0.636257604385804,-0.8058370258878311,-0.6572077458611921,-0.9392532938389577,-0.4654336056606224,-0.9723983504134902,-0.298396344449161,-0.44672722947044596,-0.7139184196536297,-0.8571846241539709,-0.7567378797394478,-0.9951582787986889,-0.5003033050204011,-1.0,-0.298479145157453,-0.4426847248092794,-0.701255937212513,-0.8439135230295328,-0.8001688598811152,-0.9760770675961772,-0.5458228270170453,-0.9803952026474801,-0.3474275315256443,-0.4746928897179375,-0.5966605648570583,-0.8124122055832228,-0.7159637756944435,-0.9341399595325487,-0.5610042587685057,-0.9471818522272945,-0.3821527202152908
5,0.0,0.0,-0.31614673599075677,-0.009705150424387859,-0.5786110740790117,-0.04313358218904146,-0.7914355863662623,-0.06923365773452428,-0.9249233435541928,-0.17113940363507088,-0.46789716926632,-0.6356852419677377,-0.7952566324490068,-0.6686176287606097,-0.9339936897302582,-0.4779579389414745,-0.9703195129538283,-0.31339443629738256,-0.43743234235435274,-0.7130325956539129,-0.8453144025241079,-0.7699405634804248,-0.9898737946051638,-0.5192978713949251,-1.0,-0.32115273519086346,-0.4360967426565347,-0.7012303915033551,-0.834526729769364,-0.804830467048838,-0.9711356263609296,-0.553894147447007,-0.9803324001244279,-0.35690463493756386,-0.4727674087899391,-0.5983735501933075,-0.8093885259743145,-0.7152652979602719,-0.933243123139137,-0.5586768430875884,-0.9495431720215083,-0.3785248633515531
5,0.0,0.0,-0.31106480952840065,-0.011482412384041785,-0.5766467188251848,-0.04330624698149867,-0.7897454706373964,-0.06757955181114522,-0.9212512712694656,-0.17347579845052857,-0.4659159826951846,-0.6327338613757568,-0.7942931608479662,-0.6577309400662815,-0.9304261823972332,-0.4667644953598942,-0.9677727358962955,-0.3037446522264377,-0.43818509150252166,-0.7093683617962921,-0.848179435491933,-0.7651612629476212,-0.9913176016560159,-0.5058694994408414,-1.0,-0.30188523319158506,-0.4372784858775236,-0.7014389504079392,-0.8380359381046721,-0.8084001976271414,-0.9713909387422508,-0.5494596577158337,-0.9778584735524856,-0.3496429782161396,-0.47325013562429163,-0.6046581890191642,-0.8136842133324566,-0.7237836356018542,-0.932745902058157,-0.5624804783216621,-0.9437142528356696,-0.38019054490974596
5,0.0,0.0,-0.3160422674790582,-0.012851748936504962,-0.5811167762010658,-0.046487363189711826,-0.7940199143053315,-0.06995055185414391,-0.9295883718748378,-0.16989936325121838,-0.47423867259952307,-0.6415471838802922,-0.8093889747727322,-0.6641191961272267,-0.9436613378075633,-0.47062126294785295,-0.9756732682953572,-0.3027051516415006,-0.44462438329098813,-0.7172429154371857,-0.8630215716394192,-0.7620971237442692,-0.9997570936996568,-0.49855203331515624,-1.0,-0.2897992501995063,-0.44352617939365685,-0.7049457282698587,-0.8520778628346006,-0.8051987296669042,-0.9803856505220145,-0.5418314733916204,-0.9791053783243343,-0.3387163449421003,-0.4790876617638964,-0.6041396136274446,-0.8206825577899717,-0.7251189850884502,-0.9407359882620544,-0.564400811440753,-0.9505545283417054,-0.380632612689024
5,0.0,0.0,-0.3017831822938651,0.015002720549546524,-0.5729898996514198,-0.022729484970589804,-0.800951766204091,-0.050440289432380776,-0.9413563453397861,-0.14901299897861645,-0.49542956647493486,-0.6479394696789931,-0.8485279651410805,-0.6954345904081453,-0.9748217961548071,-0.47021031888967485,-0.9813993358539722,-0.27662090252268734,-0.4654079770190941,-0.7200052123307058,-0.8829836242205614,-0.7375776522890969,-1.0,-0.46058544970257864,-0.98677180443084,-0.2684617209931778,-0.45921710075094346,-0.7017284124505625,-0.8690031843662376,-0.7815557954882388,-0.9859455468439158,-0.5179792888353402,-0.973225127381378,-0.31563353816327694,-0.48561405696512266,-0.5950671704355884,-0.8268772801143304,-0.7002231388906707,-0.948048717798046,-0.5401203680569355,-0.9540368424759199,-0.35940119201786724
5,0.0,0.0,-0.30215355194819304,0.016020623957050197,-0.5697949156089912,0.005547606548152113,-0.7925103194128486,-0.017442981598333795,-0.9309996420087313,-0.1301820951753528,-0.48993747162089984,-0.6103651625314672,-0.8331575401767997,-0.6125722416086503,-0.9557991726169848,-0.41402159156284346,-0.9643749506761231,-0.2422329047731788,-0.4588107598679207,-0.6953198074395847,-0.8789376466134369,-0.7046210610952702,-1.0,-0.4401988738715555,-0.9814702346844358,-0.23792923210300998,-0.45426072515534877,-0.6858252613736571,-0.8618757598736394,-0.754490274189287,-0.9854726456927245,-0.49729962496697444,-0.9728452757161827,-0.29776249738369,-0.48535907210493145,-0.5816086274752008,-0.8216135226912709,-0.6941975677181087,-0.9460906324093041,-0.5453510887852658,-0.9540792132884529,-0.3690869392661522
5,0.0,0.0,-0.29739417044702277,0.02819541511939407,-0.5649336984579902,0.011632910038783237,-0.7866537305250885,-0.010531719842009318,-0.9238346882010527,-0.12412330124409991,-0.4859811778682066,-0.6045735687332512,-0.8269629247648264,-0.6058318428300016,-0.9504308701463422,-0.40357647524337126,-0.955666847488707,-0.2332253973066294,-0.455823816896045,-0.68870378991242,-0.8781081602796185,-0.7068168687957871,-1.0,-0.4370060358229147,-0.975717943263402,-0.23083639391238062,-0.45032931517602215,-0.680847419553465,-0.866679963078414,-0.7597684546676702,-0.9877895890927901,-0.4886797693568697,-0.9682475275887187,-0.28287581693359864,-0.4813625448324549,-0.581612413566645,-0.8285355956468067,-0.6903168766957791,-0.9501975341491468,-0.5252585644500816,-0.9518858425959786,-0.3420740066675933
5,0.0,0.0,-0.30774228637382706,0.017247667664466254,-0.5826884597215356,0.004697203030146133,-0.8080497363307336,-0.0206502360400079,-0.9424349211833021,-0.1411007441571908,-0.4897084448851278,-0.6125327553335237,-0.8304129405732682,-0.5993865204958237,-0.9508716962302787,-0.4043615281591629,-0.967152798046616,-0.24005129053379454,-0.4598995449648998,-0.7001416744063719,-0.8775441942130678,-0.6996747720127984,-1.0,-0.43674755517718694,-0.9880676426560927,-0.23340514802272105,-0.4563143852215083,-0.6903965188050781,-0.8664042879875957,-0.7557974477529806,-0.9884206831803797,-0.4952887074226484,-0.9794452979629952,-0.29449490462407485,-0.4893368473962288,-0.582703809309548,-0.8337385319104189,-0.6865291099209199,-0.9548117292845855,-0.529920012609572,-0.96199442008111,-0.3510881483310874
5,0.0,0.0,-0.302028032649294,0.02391149868128696,-0.5757294749141159,0.004734313106325318,-0.796531633025465,-0.017696678534624376,-0.9307530867261811,-0.13167365782223436,-0.48307322189771496,-0.6069443410249834,-0.8160609044100816,-0.612146454826839,-0.9481082512182812,-0.4188938622158608,-0.9683108982049139,-0.25464675129596076,-0.45523362226432545,-0.6938818425762753,-0.8674619853043244,-0.714193654549583,-1.0,-0.45496025015558883,-0.9892600038793788,-0.2512212689246123,-0.4537498977296441,-0.6883525785459316,-0.8613287516213873,-0.7669587232247015,-0.9901045961447064,-0.49993748868131455,-0.9818317287229398,-0.29418722875373576,-0.4893939895367084,-0.5897839498512139,-0.8350576804807488,-0.6952134255926854,-0.9575784861781039,-0.5260884783366105,-0.9637062041564511,-0.3384408757835748
5,0.0,0.0,-0.30304444051458523,0.024265427889415596,-0.5797345877076909,0.008345140113624921,-0.802046799118213,-0.011307902251098277,-0.9325583406330086,-0.1286323195443443,-0.47904746635325657,-0.6068928201243043,-0.8186719384886817,-0.5985339178578384,-0.9472336123151084,-0.40586561303624513,-0.9679789108769863,-0.24296255111779647,-0.4511254344539625,-0.6952761181003734,-0.8706458555391403,-0.7072588245791133,-1.0,-0.4456491297846705,-0.9879932097537882,-0.2398062013636917,-0.44964714986961507,-0.6888252236407179,-0.8628534952312994,-0.7614973038795738,-0.9893937381745834,-0.49486453798273905,-0.9807313804379714,-0.2916803428060525,-0.48575146974058114,-0.5870457314045218,-0.834574794204207,-0.690072304057335,-0.9576063762806544,-0.5243642860206574,-0.965344146715559,-0.34014399340517637
5,0.0,0.0,-0.2966976709156724,0.019018250102559985,-0.5721238437684372,0.00509102525626344,-0.8016684455865533,-0.017517449986791774,-0.9358881216767551,-0.13660375486719079,-0.4843841474916092,-0.6087379285818463,-0.8233827206393463,-0.6027322252683681,-0.9508064752835559,-0.41308681318656315,-0.9726531738759756,-0.25186524926456016,-0.45747668537964487,-0.6948125467435755,-0.8745248281622547,-0.7026060816079404,-1.0,-0.44659838739073066,-0.9904195437121686,-0.24565863532309182,-0.45530352863226736,-0.6860723655963644,-0.8632037531834551,-0.75595138008309,-0.9855769832415963,-0.49862468370228,-0.9771949372342001,-0.2993618414062015,-0.48646014813688954,-0.5829013451455738,-0.8277297167296664,-0.689530167197233,-0.9490446961300699,-0.5332153277289203,-0.9576494958235391,-0.35525003589315013
5,0.0,0.0,-0.30149485246389107,0.014337492702066629,-0.5748659174726124,0.0032038380783498874,-0.8035371405881137,-0.018782886028945144,-0.9363860452635052,-0.1382772525683286,-0.4909863723559723,-0.6121857809060679,-0.8350680656940924,-0.6115509513604073,-0.955608847089711,-0.4131366880255872,-0.9695943618251904,-0.24242284135290085,-0.46092545954315844,-0.6984313749487785,-0.8810742829893785,-0.7033564600762249,-1.0,-0.43711005918125345,-0.9841578184890649,-0.23332920841447186,-0.45578472275105797,-0.6883837978626575,-0.8650084039555705,-0.7570524780336738,-0.9843042304442583,-0.4963536397196143,-0.9728201843612088,-0.29588904240235275,-0.4834962449639727,-0.5831214212929218,-0.8215510238864532,-0.693169723639502,-0.9432993639465773,-0.5389753837534405,-0.9522232406087836,-0.361199879969394
5,0.0,0.0,-0.30613822781047934,0.010585963551483167,-0.5760676124336707,0.0009310573549453417,-0.7995723479137066,-0.02484586583350248,-0.9337150592977064,-0.14569665743613536,-0.4858486078087395,-0.6071862223446516,-0.8264810381448082,-0.615664394373242,-0.9500223816220605,-0.42199438375329834,-0.9674231866355438,-0.2546421477658248,-0.45558584575347233,-0.691411007227361,-0.8760141955664453,-0.7130239972670861,-1.0,-0.4492257725737234,-0.9866156540870473,-0.2475597688984255,-0.45044532178792007,-0.6823925500913388,-0.8601594894452982,-0.7619844751283092,-0.9825615902369008,-0.5047334412242295,-0.971361717821208,-0.30785717263026646,-0.4790858693130745,-0.5793775100037696,-0.8187131654681474,-0.6955145688955259,-0.9398684196218865,-0.5453610690260098,-0.9459495153971061,-0.3724662100936585
5,0.0,0.0,-0.31028778873031887,0.010216771853035007,-0.5769174613282977,-0.0073167467816175735,-0.7934408568422064,-0.024141450635372,-0.9295143388874835,-0.13551428337381394,-0.491783638406523,-0.621187920315769,-0.8337895910064245,-0.6371544189445136,-0.9550091044674739,-0.43076350928533824,-0.9615466288872827,-0.25583610017825303,-0.459260300662937,-0.7005178567842104,-0.8806731416065701,-0.7126619233320117,-1.0,-0.44047727313244456,-0.976524939064721,-0.23591707340960671,-0.4540377280827632,-0.6876017891649503,-0.8701298320305298,-0.7565511207555455,-0.9868983226522174,-0.4882016527276957,-0.9687871007895804,-0.28719342519566876,-0.48504910815935853,-0.5838073621506447,-0.8329085935837481,-0.6931019300929447,-0.9500149051946126,-0.5354360000731155,-0.950379129026631,-0.3587394876629896
5,0.0,0.0,-0.31252285785304795,0.007308180063677427,-0.5805400480894171,-0.0113635052847017,-0.8020424544827628,-0.0332998065974012,-0.9395286097200695,-0.14578566215228075,-0.4953384115745722,-0.621318118663837,-0.8367230619989791,-0.6200255261575262,-0.9560704011695983,-0.4207281174718926,-0.9669458199051104,-0.24834105986252605,-0.4641655585956045,-0.7008166289594551,-0.8857332392142033,-0.7038350529827222,-1.0,-0.4336264491341666,-0.9793363877569438,-0.23139124796131133,-0.4592258874953719,-0.687892852562805,-0.8748499043391075,-0.7514791306812155,-0.9861684685685155,-0.4854961621424421,-0.9673588162159631,-0.2873020371393605,-0.48901364222260774,-0.5839778013352039,-0.8380235706448736,-0.6898461034612302,-0.9520777265389937,-0.5323634403723572,-0.9505508163010051,-0.35511123646255316
5,0.0,0.0,-0.2824153626146485,0.03407798700347714,-0.5576554989053112,0.02440752268561181,-0.7952488910246162,0.0015142635762579204,-0.9346168982560634,-0.1026756308602521,-0.49269069946020955,-0.6019683575596225,-0.8527402386682995,-0.6248096759244585,-0.9731840000296144,-0.4104181796770327,-0.9713941844412367,-0.22605190418933918,-0.4663462150235769,-0.6852808490426129,-0.8856424445419764,-0.7144875114321695,-1.0,-0.4415044260686548,-0.9858464363212256,-0.24075703461613476,-0.4599536859766699,-0.6777127702277966,-0.8575118463072213,-0.7499599165523931,-0.9749485971718785,-0.4994972506109689,-0.964802684168114,-0.30242886026736643,-0.4788247186118842,-0.5816155676938286,-0.8055680940847011,-0.6906986504429539,-0.9289163726249834,-0.5466269402875782,-0.938491053119996,-0.3717536745473925
5,0.0,0.0,-0.3040262647131396,0.03404797236812316,-0.5776967315491293,0.022966130091915858,-0.7987739464664761,0.00031034060922497867,-0.9322386773662489,-0.12095282429610842,-0.48963608054148194,-0.6006001922631763,-0.8240021867219082,-0.6080837484890552,-0.9531952248246587,-0.410741115112547,-0.964623483071521,-0.24824126831720694,-0.45701424121142914,-0.686922982109627,-0.8722811954172266,-0.7092544402179229,-1.0,-0.44178720115552156,-0.9803097902287109,-0.23827498721752818,-0.4518642521149759,-0.6820974400137272,-0.863206160746723,-0.7577389165967706,-0.9884558843423913,-0.4854738857164925,-0.9720746639730397,-0.28227305302315,-0.4846308553953825,-0.5857762249955542,-0.8345953928525921,-0.6974050715020601,-0.9594700251903149,-0.5304864554361755,-0.9647379529683663,-0.3450555132749236
5,0.0,0.0,-0.3132700149327228,0.020693303353635895,-0.5875627671352137,0.009354259710554248,-0.8090238432281187,-0.014863943129976385,-0.9392652917593535,-0.13145800271691008,-0.4952607171134487,-0.5987329464764144,-0.8285053909756998,-0.6063141310172189,-0.9538104721002584,-0.41096155537960766,-0.9688213431681365,-0.2445353889534412,-0.4624708800480772,-0.6845847914731525,-0.8729996492466802,-0.7033312425236415,-1.0,-0.4424217288825365,-0.9871845933603653,-0.24089235300636727,-0.45654943279646365,-0.6780477550073749,-0.8604383388231369,-0.7527511285231,-0.9882738709342035,-0.4930705082724085,-0.9805280494116598,-0.29213569926159,-0.48736316907338284,-0.5786057612660938,-0.8292130672178178,-0.685683094946753,-0.955452500345612,-0.5295770737575963,-0.9665598411441642,-0.350131104050344
5,0.0,0.0,-0.3099849964502091,0.03130647460879439,-0.5750787190908805,0.023906122310989663,-0.7974355237894281,-0.004704376443377629,-0.9307719658613868,-0.12849263870123118,-0.4960185218647302,-0.5923393297015495,-0.8237998034500004,-0.6099712402817916,-0.9529713906670226,-0.4141991636715913,-0.9640590955668998,-0.24652009741232483,-0.4668985785681228,-0.6806126624364506,-0.8714684243474855,-0.7166338889037849,-1.0,-0.4509388584944923,-0.9865191881062769,-0.2522760046957497,-0.4639022985624804,-0.6829766250056831,-0.8656129597095816,-0.7676910737622071,-0.9904287378016011,-0.4947010772945114,-0.9731418972087802,-0.2856974319098808,-0.4976678631424451,-0.5937584300248194,-0.8391976190170868,-0.7001768483685534,-0.9645167796110269,-0.523396561191051,-0.9677630022021527,-0.32669174641552723
5,0.0,0.0,-0.31182667359798216,0.03385823284091465,-0.5837639374223432,0.022143221802872454,-0.8048070848612144,-0.002731186956694042,-0.9343466108431572,-0.1285131162712631,-0.499824230542391,-0.5859531296987442,-0.8247454956162538,-0.603138557151882,-0.9523485270566076,-0.4119861249361845,-0.9626373344585065,-0.25126104095614854,-0.4673266957440013,-0.6775252872571805,-0.8735548556895455,-0.7131901690324055,-1.0,-0.44625417569019815,-0.9786642919917663,-0.244526319961023,-0.458384599425136,-0.6823113916791578,-0.8603900963002161,-0.7690657410407696,-0.9871902762657615,-0.4975018124768341,-0.9700944819113646,-0.29224399784600824,-0.4863767014553431,-0.5951399978087096,-0.8287487965386937,-0.712924533360064,-0.9557405978492719,-0.5463846040874558,-0.9614682577610142,-0.3576565781836068
5,0.0,0.0,-0.3133411497301146,0.031166343658003585,-0.5870507373267689,0.017349923662766335,-0.8082293711274892,-0.005605931612214799,-0.9381435878476452,-0.12956250223473073,-0.4969891604166263,-0.5927959525491588,-0.8227985302307363,-0.603873439807396,-0.9497595137599821,-0.41076466000894124,-0.9619846886181687,-0.24908560076222722,-0.4662862385689871,-0.683795707400657,-0.876944098896972,-0.7117057124274866,-1.0,-0.4431754419625528,-0.9746833342720176,-0.2357029230161258,-0.4581675932376405,-0.6887302265765748,-0.8677165597228723,-0.7694038310938508,-0.9917820333023373,-0.4924839432405267,-0.9720600817146093,-0.28299040976256584,-0.48614022914958244,-0.6022922436556433,-0.8316456101475121,-0.722780979561065,-0.9580553016693701,-0.554213808287328,-0.9642679115567772,-0.36373494142025814
5,0.0,0.0,-0.3152539116962153,0.03032377093119987,-0.5868752501534352,0.021386970416020425,-0.8081558915509129,-0.004293162034772752,-0.9364837607541266,-0.13291871527940088,-0.49429900175842895,-0.5913029514209878,-0.8229177640858623,-0.6075275456578713,-0.9488827662103496,-0.4153357515510385,-0.9600912680665724,-0.25278840409027176,-0.462279594619454,-0.6810344566952281,-0.8777990730398029,-0.7137795849679792,-1.0,-0.4474850466096462,-0.9731926218080073,-0.24300785537020847,-0.4544530625524872,-0.6812542312414285,-0.8662975384553129,-0.7657526603766959,-0.9887989402448125,-0.4920121836496575,-0.967202195605858,-0.28616994828437475,-0.48350865295413037,-0.5897584828904935,-0.8277086166273747,-0.7161176838041974,-0.9523856701414302,-0.5520812184393867,-0.9572162914103503,-0.365406928270472
5,0.0,0.0,-0.3166306812749411,0.026388230084963275,-0.5876600893539246,0.012442575761935748,-0.8065470361249395,-0.008269832886068642,-0.9381997309914053,-0.12678840125537344,-0.49812074568662634,-0.6034244292849922,-0.8324049999582285,-0.6207780595550497,-0.9514953740361222,-0.41247891698513584,-0.9515884317021709,-0.23874327130417186,-0.46545750490351245,-0.6915652392255003,-0.8859714060015464,-0.7179824773111022,-1.0,-0.43709023298297855,-0.9628774172947092,-0.2283922884202846,-0.4574376049509463,-0.6880749965886591,-0.8744206522112451,-0.7717230473902547,-0.9901161619583975,-0.4875016128448355,-0.9606301094692324,-0.27716355592603287,-0.48726479152762164,-0.5943647665575347,-0.8354362199929638,-0.7179249254378351,-0.9547651558681096,-0.5464940234236124,-0.9524164360724002,-0.35674804996616505
5,0.0,0.0,-0.3132064628619635,0.01886216875485852,-0.5857100362271246,0.003166508809009412,-0.8071634324826658,-0.018564704653576253,-0.9420209568405585,-0.13556725115793594,-0.4962184329738381,-0.6091849690676444,-0.8260838057368471,-0.6258645841265518,-0.9480546698988185,-0.42454499840455256,-0.9583092444158764,-0.25205722997655944,-0.4647721293851511,-0.693600242756473,-0.878875056565341,-0.7182363898670798,-1.0,-0.4486545443335389,-0.9770791601895948,-0.24111639450503514,-0.45913917616017325,-0.686517928481164,-0.8686549906447195,-0.7666399876873328,-0.9892770288006445,-0.4960462350776202,-0.9714411457038062,-0.28861701738520085,-0.490642073847016,-0.5898036759937269,-0.8351784312990209,-0.7115161857970439,-0.9535696037239837,-0.5461806690664711,-0.9536027319765626,-0.3564075446834561
5,0.0,0.0,-0.3098454951310256,0.021660346444312396,-0.5814261691186803,0.010419182739685517,-0.8053794750893847,-0.014709556010885048,-0.9371726426366578,-0.1393305952336125,-0.4895918382341461,-0.6031537894240898,-0.8261997018826579,-0.629498968161325,-0.953844161593192,-0.42716445037944295,-0.9632595172997145,-0.2577959613641394,-0.4583280907173093,-0.6889991394456266,-0.8752469386949147,-0.7209758062071961,-1.0,-0.44959396895575354,-0.9771980643496294,-0.24650726970986367,-0.4532313495274298,-0.6848472171581867,-0.863370232165998,-0.7692375690303288,-0.9872000573090639,-0.4977845546562237,-0.9693212825107248,-0.2921545360950669,-0.4846078324224192,-0.5907547346562788,-0.827585818945605,-0.7109779461129484,-0.9526734127272043,-0.5475952235099414,-0.9594533780662415,-0.36218938074066453
5,0.0,0.0,-0.3144179607684048,0.01731260020192227,-0.585651600423097,0.003712069382418094,-0.8086826577188284,-0.020378793348254036,-0.9399683479388916,-0.1432389845212024,-0.48784810677814794,-0.6121725209227916,-0.8252029250079932,-0.6355674279434297,-0.9502159605690037,-0.43081159689346826,-0.9598992909800794,-0.26026291150830894,-0.45583551929664123,-0.6953667891722906,-0.8753087565736472,-0.7304525602987808,-1.0,-0.45847082269001266,-0.9795755965130017,-0.25377962510299523,-0.45044275068100065,-0.6851922902821755,-0.8628278515218086,-0.7751873969331192,-0.9876609676912904,-0.5037055372771205,-0.9727129896070766,-0.2958919933578803,-0.484329937784562,-0.5824520148106893,-0.8304180661988763,-0.6987303650071681,-0.952904895984818,-0.5361607035421201,-0.9578922156786571,-0.3526126702215071
5,0.0,0.0,-0.316210628457634,0.00692172095975776,-0.5868864202285479,-0.00727143895821955,-0.8088769438073303,-0.031689795795297786,-0.9387006708600847,-0.15299100258508072,-0.49423947528137907,-0.6097307034357109,-0.8296759135212034,-0.6390941093189682,-0.9528294150526758,-0.4386235775717236,-0.963635952472159,-0.26704840978817507,-0.46248640588348566,-0.691945613026413,-0.8759307444150767,-0.7276812645949016,-1.0,-0.4616511714867675,-0.9832663021467568,-0.2599078581017508,-0.45579790639755513,-0.6823226574547611,-0.8600831054227305,-0.7709219192322742,-0.9827466362770635,-0.5101097283049778,-0.9703635125575258,-0.3096313159104786,-0.48445011241914626,-0.5822875486001801,-0.8246900906914023,-0.7017708385442686,-0.9446810542158836,-0.5473790223565967,-0.9482474468416079,-0.36881863158613676
5,0.0,0.0,-0.3159494364328642,0.018123238204239885,-0.5820304556356022,0.0013109858585989005,-0.8001765657704036,-0.024476885285740043,-0.9338556218605855,-0.14398295303368952,-0.49337474874308135,-0.6048430160145015,-0.8270437061381161,-0.6317616873951223,-0.9487103874071577,-0.42769864571425675,-0.9549821843339265,-0.2600377110177686,-0.4596764636306331,-0.6910025237515315,-0.8788735297521854,-0.729909014906873,-1.0,-0.4535649085560849,-0.9736205021034336,-0.24996599183711865,-0.4513883861316787,-0.6857317196325551,-0.8648584776240122,-0.7786784497073453,-0.9859079395572344,-0.5028796267817395,-0.9646767011113637,-0.2965885316635594,-0.48193278880308327,-0.5899982799939315,-0.8249176771894455,-0.7139818970514116,-0.9457642429644604,-0.5497331915519573,-0.9473641252846887,-0.36716803537033393
0,0.0,0.0,-0.09302499228031638,-0.36344390029129736,-0.25290069755778455,-0.6896690862671656,-0.4150554336733427,-0.8499195111486209,-0.4878540272656099,-0.8824893115256026,-0.13253745035080192,-1.0,-0.5805115644446913,-0.8512744788454921,-0.5272307586770807,-0.6616693018113992,-0.39192562473344333,-0.6485689205445472,-0.09521500997075992,-0.7643360364026992,-0.6018826280727237,-0.5914222038882929,-0.5107318775024603,-0.45503567054762767,-0.3821271898567679,-0.464967992968697,-0.10703996524809012,-0.4819751134687743,-0.5846835959619664,-0.3529744644452246,-0.4937811258655103,-0.2543405403944055,-0.3589651964110046,-0.27347413717477786,-0.1448541848777329,-0.1950187948318672,-0.543075282869622,-0.14219004343804822,-0.47980164780991796,-0.10429048889000053,-0.3533261031607208,-0.13308109263270912
0,0.0,0.0,-0.16429452282377233,-0.3638069466286183,-0.3482061321756381,-0.6858082496749967,-0.49805133300953924,-0.8218882675292424,-0.5321000104659923,-0.8322955607441204,-0.1841247553755096,-1.0,-0.6435916187511949,-0.7807031177785294,-0.5702161934331894,-0.5955505207636096,-0.4255652604084014,-0.6031057260736706,-0.11927143814820153,-0.7479407821740494,-0.6427127180284814,-0.4973764328155848,-0.5347915856034419,-0.38305532039864837,-0.39642528734934956,-0.4114119538243963,-0.10459870478328513,-0.44592257209391284,-0.6085274180770132,-0.24937151552562076,-0.5042568312530676,-0.17146319099288204,-0.3615893507617847,-0.20452844778508011,-0.1217453878359412,-0.13496100123011573,-0.5420687865332774,-0.027947885797219088,-0.46645906082206706,-0.010306226164262328,-0.32735477712358974,-0.06285903941414334
0,0.0,0.0,-0.18157953267190804,-0.3638000617945793,-0.3737076107814606,-0.6801318572883921,-0.5281712906599488,-0.8032959429713559,-0.573550979210753,-0.791249104787725,-0.2044450323668867,-1.0,-0.6719793571482066,-0.7956376677476328,-0.5986814647498053,-0.6031380506708024,-0.45189224259754,-0.6009392061014809,-0.1406458925986126,-0.7459019694105542,-0.6713521910920216,-0.5114667142858755,-0.5649832849802667,-0.3876846828097792,-0.4232053698812016,-0.41278562587333767,-0.12728949480861557,-0.43964566340921674,-0.6378666418785853,-0.25414883612054984,-0.5351854646504522,-0.16886234373065392,-0.38606389228324195,-0.19851311027321708,-0.14678545877959093,-0.12455484005477965,-0.5722785829095463,-0.028127259199658586,-0.4939569643281194,-0.0013542496568744965,-0.34822167469331333,-0.04234302313984956
0,0.0,0.0,-0.15744962028866513,-0.36811307699444357,-0.34414620839895177,-0.6942613765264763,-0.5060625153889973,-0.8327944813727918,-0.5563358287017812,-0.8491091909996763,-0.20136464257039868,-1.0,-0.6655854216532132,-0.7855993688356959,-0.5921809375443374,-0.5943377932998283,-0.44724695412939763,-0.5982910688220745,-0.13839608817886576,-0.7422995523351026,-0.6661722042662609,-0.49427332181140565,-0.5584895682959862,-0.3780351233870029,-0.41881585398990223,-0.40390020635125606,-0.12328686082397443,-0.43445473433426635,-0.631899340436135,-0.24249683839469535,-0.528271491302723,-0.1608741871127373,-0.38421173277217247,-0.19342135859438464,-0.1389418885495473,-0.11970837451820487,-0.5671638281663681,-0.017829919444870033,-0.4882259859050359,0.0022831075021346884,-0.3447724623882874,-0.04759190374083359
0,0.0,0.0,-0.1600318210122819,-0.36270308094224524,-0.35200191545424037,-0.6819220084021106,-0.5139320075113224,-0.7910480460558736,-0.5681081684049467,-0.7515748469550835,-0.21058667064586675,-1.0,-0.6781674801698134,-0.7838012693566456,-0.6069070686993128,-0.5884075648168784,-0.4617281375818816,-0.5906939683726291,-0.14167261508929102,-0.748286342092782,-0.6741671944755837,-0.4925081503342674,-0.5716647122355257,-0.3739495768567281,-0.4317865137123081,-0.4039452050552395,-0.12495128870898356,-0.43900808209715425,-0.6388190952698203,-0.2380139775854655,-0.5439121519511873,-0.16233833457164062,-0.3981319978150906,-0.19964824488055247,-0.1440174603926162,-0.12032164487366975,-0.581506151465998,-0.015300030632350567,-0.5113788867715688,-0.0007709778848024407,-0.368271191612599,-0.05338837746590068
0,0.0,0.0,-0.15417698758305065,-0.3650569727776574,-0.34025661990573436,-0.6885640492976626,-0.4869866228485324,-0.8209531179195105,-0.5235903945488412,-0.8259926242531225,-0.2029100249153133,-1.0,-0.6663934629364338,-0.7825339140278934,-0.5942228247487903,-0.5961839362802712,-0.4482604181223215,-0.602489043660362,-0.1412179339371519,-0.7460224875755593,-0.6662364760148767,-0.4944584841678313,-0.560292165287817,-0.37988733691287385,-0.42020235105347553,-0.40778116136210746,-0.12779319639789458,-0.43959070701500674,-0.6332113653631255,-0.24344968300609035,-0.5320183118742137,-0.16684684983503653,-0.3876661048369216,-0.2002066648957738,-0.14561903307175442,-0.12253762102999062,-0.5706696981035961,-0.018781327300864306,-0.4969746094856096,-0.0019991803888093013,-0.35645736867492767,-0.053060825647554564
0,0.0,0.0,-0.16928374181717593,-0.3606497431868025,-0.3579437238286813,-0.68036587402036,-0.5090286780878571,-0.7945689222632946,-0.5580768749269197,-0.7739848120626652,-0.20679718378339226,-1.0,-0.6737086946315266,-0.7927746729581179,-0.5988770827038432,-0.6030108408351502,-0.44977113510818373,-0.6022589497360941,-0.14273576172534458,-0.7471661737065588,-0.6733784220773402,-0.5065915332593521,-0.5666748515052632,-0.3900395881131359,-0.4256619896987446,-0.41808881562224853,-0.12733293130457612,-0.4408838179920339,-0.6394356413748895,-0.253081342947538,-0.5388089731429174,-0.17761810118910792,-0.3924296986751123,-0.21085452296668683,-0.1450444776584183,-0.12057276470939184,-0.5773551035957885,-0.027267670086258123,-0.5010054395927227,-0.01321784934455027,-0.35521930383934336,-0.06308543755738756
0,0.0,0.0,-0.1508142604570503,-0.36186301870845955,-0.32624198088085155,-0.6858879298714302,-0.4819413952496115,-0.8146350945383578,-0.5387682900586152,-0.8104297144020983,-0.1729043065099582,-1.0,-0.631747516632901,-0.7951846074538736,-0.5654166113816207,-0.6054093490636479,-0.4229651665185585,-0.60498825355376,-0.10799891920058009,-0.7398813499288821,-0.6314756442891384,-0.5052706625768741,-0.5350206143534474,-0.3899738385587458,-0.3976217581127785,-0.41095604662304075,-0.09415015455654703,-0.4325918261384724,-0.6018909901542443,-0.25592061030230795,-0.5110321076963845,-0.17798895116741575,-0.37005003714783424,-0.2066830979398283,-0.11369708849435498,-0.11928989099461422,-0.540477016101607,-0.033096880585415676,-0.47664833990621425,-0.013820703998846355,-0.34101618931978395,-0.05923119035486867
0,0.0,0.0,-0.17100431199061236,-0.3547904858154282,-0.3565834684673306,-0.6624781942523875,-0.505048283863356,-0.7615736521326516,-0.5498103338389765,-0.7161166532759371,-0.19368810497944322,-1.0,-0.650334398715653,-0.7968877412216816,-0.5911414371811826,-0.6061844271478581,-0.4500057518650854,-0.6023950111975093,-0.13449441651099678,-0.7579211723700392,-0.6570356395737768,-0.520682816353034,-0.5578267799932504,-0.3938936273878191,-0.4182387371121421,-0.4194889726841837,-0.12179524341656787,-0.45911196291619016,-0.6299980572689491,-0.2699144017069864,-0.53110359663306,-0.18029016660054598,-0.3842376725173342,-0.21367488205041904,-0.14155003768243998,-0.1435422002437773,-0.5660260500424984,-0.03918719331337051,-0.4901007039810357,-0.011764154267747594,-0.34510663485361276,-0.05891581795610518
0,0.0,0.0,-0.5049463337608632,0.013873977523868783,-0.8598361690200371,0.07060038096132568,-1.0,0.20154204222272443,-0.8860400273540798,0.3002314237328927,-0.8344869789297276,-0.6372583404995935,-0.9946172336572581,0.2956773509980424,-0.8336167552543606,0.38584910644317716,-0.7646113930329276,0.14896248205989135,-0.48942582847348387,-0.5585783802980185,-0.7046099842391192,0.5261623282665673,-0.5705060211260371,0.4816517813904208,-0.5276490459824429,0.21197768235808603,-0.15921600624565255,-0.3687328486691301,-0.39015341177575524,0.647561025719292,-0.30660871045471755,0.5843678184534379,-0.25544425432250223,0.3452271239767901,0.13174100499828303,-0.1191540193180851,-0.10032989255012224,0.6441488097159813,-0.07168735343408165,0.5504889688509819,-0.024830871368320337,0.3001464558563265
0,0.0,0.0,-0.5627945003229676,0.1945163790716988,-0.9181766171449663,0.433630525053059,-1.0,0.6518787487311987,-0.8535668542954692,0.6942111285411091,-0.9002495155485836,-0.3513944818676756,-0.8648618621389683,0.8402581895358494,-0.7220256528559564,0.7769373442834733,-0.7316681738488512,0.410801328781028,-0.46440269447264004,-0.3984122912245086,-0.4420334040786195,0.9874945095506137,-0.36312927932084527,0.7798462674171819,-0.4364894343452985,0.36294306542401034,-0.030224600904309312,-0.334469133524038,-0.030548675832795052,0.9736198209836671,-0.023698809633662454,0.7687413490818492,-0.08429233182615115,0.39406662360431854,0.3722893789794223,-0.20521140537048999,0.34192931623142936,0.8352977761373074,0.30938857617421794,0.6355395404632278,0.24707354433883916,0.24224176432592046
0,0.0,0.0,-0.5227509600325492,0.19771880799906366,-0.8463383606155356,0.4458041422130074,-0.8993254691479816,0.6599788346960501,-0.7448201436844071,0.7003695219623121,-0.8100727478946166,-0.26758643079684097,-0.7690637522920951,0.8594005161045808,-0.642919794784334,0.7897755140145245,-0.6601031930487513,0.44123475652236915,-0.39163162338856655,-0.3136286304278763,-0.3633019546206966,1.0,-0.3061413519041807,0.7930196298092197,-0.38535692588938864,0.3965596279142352,0.020136996226751608,-0.26014408848462556,0.03164798156291627,0.980295297094543,0.01875825572257428,0.7774222359701484,-0.05018434296988647,0.4207938312683577,0.3988294291080754,-0.14996311050545924,0.38144782383333053,0.8368540332514032,0.33778550169712573,0.6447872601311998,0.26898328512270026,0.27441185814369556
0,0.0,0.0,-0.5601595360929992,0.2062641572462843,-0.9125623452291298,0.4542286593251024,-1.0,0.6972870328913507,-0.840320058157609,0.7727782435798716,-0.8795470122668848,-0.3411706426217132,-0.8248119755817508,0.8650420086449108,-0.6846965801133205,0.8007401041377329,-0.7017785382676552,0.4436710371943074,-0.45509285608383115,-0.3836238945069241,-0.4143869445585956,0.9935119021121499,-0.34498962706359626,0.7850175359465751,-0.42222210776448965,0.3852189243270468,-0.031486341166043874,-0.3174751327290701,-0.008105569599110565,0.9707657577946023,-0.014393346016067659,0.7645450127311745,-0.08538072668315104,0.3920142185935851,0.3662380510725936,-0.19573100045582792,0.3397584590293845,0.8285812935432472,0.2996812883558592,0.6378980630440549,0.2308781291262268,0.2594700181852898
0,0.0,0.0,-0.5483987931103529,0.190078444940801,-0.9050849769081155,0.4226060186459616,-1.0,0.6441160161096605,-0.8679586528814075,0.67217226787524,-0.9027081417427888,-0.33235374869261436,-0.8516245855961913,0.8370873955940519,-0.7123708353522121,0.7606963896133602,-0.7303522355707741,0.4058805023391334,-0.4717566825038162,-0.39143404913785607,-0.44223457140661526,0.9738088134115847,-0.3632073276370586,0.7559070018143752,-0.4405962580359794,0.35063531995816366,-0.03960670377194505,-0.33200108379065524,-0.02261348684388544,0.9584434471614174,-0.01891257987273758,0.7460681020278502,-0.08547226249958059,0.3818962223545893,0.3622927439782693,-0.2048171319738808,0.34266040300127754,0.8196897414740779,0.3055088241989817,0.6165583657706873,0.23158484901071633,0.230193491267079
0,0.0,0.0,-0.5147618829024196,0.209510912427566,-0.8566444608812432,0.44890230294278144,-0.9472445486183138,0.6641627201667212,-0.8162167236796555,0.7051099077656281,-0.8149772908711683,-0.25173895080683933,-0.760322480329052,0.8796966685799469,-0.6345385157800747,0.8021963950487576,-0.6508482228065992,0.45288360548967604,-0.41258650747439074,-0.2917371491250626,-0.37312657021571516,1.0,-0.31898844887279265,0.788518454985395,-0.39044653060632806,0.4040802914996861,-0.014263314065922916,-0.23214324543634351,0.009541665271686364,0.9757521935130482,-0.007673714739931377,0.7684190035319175,-0.07805907100179374,0.4129406311339585,0.3569048763794342,-0.12117656032717436,0.3360844070654918,0.8419424614631658,0.2919224945492223,0.6458863497754628,0.22431455845163054,0.2761018647406389
0,0.0,0.0,-0.5213194574964275,0.1396454514983604,-0.8736852151587514,0.3053315500478992,-1.0,0.44095842037219024,-0.8773653586380928,0.39943595889105793,-0.8711138704405781,-0.4151184255057591,-0.8213456139419392,0.6627810392805967,-0.685837310817726,0.6141548064178731,-0.7028676649981482,0.3046678668881224,-0.4881238988152726,-0.44794199588337286,-0.4628980755305638,0.7845046024594876,-0.3811974570592924,0.600854107294847,-0.44426217813809754,0.2601203131346725,-0.10323978359531581,-0.3761984163461172,-0.09540262196379205,0.7809733194483759,-0.0772315470837192,0.5957479000739091,-0.1251131518712282,0.27923927414723637,0.26035663319966296,-0.25040952915466475,0.21962619410036974,0.653325305074383,0.19817530290825147,0.4786653958694966,0.15006079826344654,0.14559368128029124
0,0.0,0.0,-0.5527213730276294,0.20423704046301716,-0.9193764163148546,0.4396452532455176,-0.9957523983462632,0.6427917597219858,-0.838679086384167,0.6445991800510033,-0.9264108976921067,-0.3251839786736783,-0.8709417031376752,0.8543589949024046,-0.735286485954982,0.7697645855961747,-0.7515215853439807,0.4001901014329533,-0.4957357371574555,-0.3838360976036112,-0.46340501893275526,1.0,-0.3923201934518797,0.7838240796969302,-0.47564288972387037,0.3621374029121573,-0.06235982523050254,-0.33121660364852723,-0.05989069167605186,0.9725827847128585,-0.05835931902170598,0.7526427103657176,-0.13060988145063418,0.3703476361596961,0.3414742511797123,-0.20863559430824655,0.31554798467898987,0.8287014924965471,0.27420602151751566,0.6223722437340728,0.1942993241748387,0.2228505928378739
0,0.0,0.0,-0.5464723592055424,0.19519359665722089,-0.9037813714619077,0.40340964734649004,-1.0,0.5906164407363297,-0.8661642248358745,0.610810642893172,-0.9380673926343867,-0.34422513072649075,-0.8706779173761543,0.7778306054259084,-0.7254015340025771,0.718011806014068,-0.7404003739004039,0.37774594078319007,-0.5326311643810372,-0.4142426498488708,-0.4786023454071713,0.9017084566709737,-0.39618243896651567,0.7126370754613995,-0.48116825974494604,0.3224122262483559,-0.12121470595358819,-0.37017087725838194,-0.08912182196064639,0.8800884345360135,-0.07033729312535035,0.688152425842092,-0.1379763395318944,0.33539220755333576,0.26477357648794075,-0.25318659532652577,0.2647855109732327,0.7453393202327786,0.23872515828111118,0.569274421905818,0.16594305074227234,0.207962793891088
0,0.0,0.0,-0.5194632771361171,0.21282079563036643,-0.8342794684288426,0.4740457097486111,-0.9074991239701297,0.7337708401768707,-0.7813840484123393,0.850197693309735,-0.8160984660999562,-0.23091907607707143,-0.74313091534246,0.8846894641094929,-0.6118802324159482,0.807609111532732,-0.6373609698635448,0.4628001579765303,-0.411694647671576,-0.2851892549926852,-0.3631959898897761,1.0,-0.3011391642383884,0.7900278856663702,-0.3796838482699138,0.41277499887820224,-0.013275577588843816,-0.23995100398332408,0.011613946738068953,0.9718533229705479,0.012709711960008509,0.7770773725338004,-0.05472180956429374,0.430407090995098,0.3609873327622155,-0.1411279839392811,0.3411847760223688,0.8310346469385539,0.30581235114771044,0.6418043166778619,0.2370165180013434,0.2817687137278248
0,0.0,0.0,-0.5201014312551526,0.21414834236596342,-0.8326144395940047,0.4796321512075793,-0.9084233217553487,0.7087057885418497,-0.7504652592882918,0.7492103769377356,-0.8145946804341069,-0.2204992836966658,-0.7381269343568813,0.8877697963265803,-0.6024111040531956,0.8346684056168994,-0.6294295927883121,0.506155816247922,-0.4088071522212161,-0.2526508291548972,-0.3723983322295955,1.0,-0.3033257423200119,0.8147788244516225,-0.3737491721966185,0.4621097498344393,-0.01589990674541498,-0.1899687124109689,-0.0053155113459745105,0.9864145639334514,0.008021921585057643,0.8153072671000527,-0.044936208457785405,0.49017346704328907,0.34813152951034587,-0.0779067724452974,0.32067413604357287,0.8623325809895798,0.29818559013934126,0.6970520063250936,0.2473986701085267,0.3647884540011623
0,0.0,0.0,-0.560156820946406,0.1805532835585954,-0.9073375042053378,0.40568812014800043,-1.0,0.6141461561069392,-0.8301317895414064,0.642214320816945,-0.9250909741877139,-0.3113945877431508,-0.8309315324713805,0.8139035582730354,-0.6809646436119847,0.7602906029862785,-0.7107043121987889,0.4315557915002965,-0.5064210920880664,-0.34889265440234135,-0.45592240161567277,0.935255631380239,-0.3694102444600141,0.7489964632294868,-0.44114876281620624,0.4015198202155945,-0.09703090293103041,-0.28291849240912953,-0.08557969530891785,0.9198132538528782,-0.059213899340074906,0.7464929797866003,-0.11035835136355826,0.4217529391067091,0.28142651916005046,-0.16464055979261555,0.23709085621534348,0.788666730454053,0.21690900729336746,0.6240798412311377,0.1659274531651404,0.28907294636338166
0,0.0,0.0,-0.45213580675276477,0.2144246270988569,-0.7036040560807024,0.49432093748142925,-0.7434297000752096,0.7475419483833122,-0.6198823739152272,0.812358662431412,-0.6714041709718913,-0.1456895995358345,-0.5973083000896509,0.8872350649441935,-0.49466343846707805,0.8165734693368963,-0.5294669061617588,0.5026120492613545,-0.2872286111009937,-0.18338867024631317,-0.247768791386867,1.0,-0.20393345768163895,0.8104218704771179,-0.27433050961718486,0.4700199813541441,0.07597099987923006,-0.13441901672823378,0.09718369618628986,0.9817503206154282,0.08488529092455457,0.8022475349194452,0.022546916564587315,0.48667936348492197,0.4092730224881291,-0.03709394303620734,0.40410004351551704,0.8542575236795341,0.3683029395658289,0.6742512104150972,0.3045977562351474,0.34434001146355914
0,0.0,0.0,-0.5403030977276477,0.22368581387465955,-0.8683001157078325,0.4842811322904651,-0.9408879992034528,0.7100435045634321,-0.770243568761689,0.7405995024455366,-0.8744852187647263,-0.28623256519483953,-0.7944404884674985,0.8883424808061231,-0.6398783324412914,0.8719090210772295,-0.659930402763185,0.5374393378593224,-0.4424899002770302,-0.3417144529111537,-0.3913990870619664,1.0,-0.30884178220975,0.8433702718936364,-0.38074922169498493,0.47617080043292487,-0.023519351317232488,-0.28779906017490253,0.0015301902547333634,0.9740464348220548,0.016680403751679992,0.8179867987391837,-0.04331225622365436,0.47590768103746683,0.35985531308871616,-0.18128602839604646,0.33418715337524313,0.8170191520006959,0.3135858392879673,0.6671518080292393,0.26377323996668595,0.3274538849111451
0,0.0,0.0,-0.4999845536612524,0.20832661753387785,-0.8168873478367739,0.46558908306503716,-0.8892547880292218,0.7108774460620567,-0.749033596458356,0.7890510306737424,-0.8184450775204731,-0.2114968106668386,-0.7531204962169902,0.8793180911548891,-0.622783954074677,0.8140559667863422,-0.6460874423952302,0.4875700625778193,-0.4250211211892875,-0.2640363566519322,-0.38021465038219615,1.0,-0.3089862097773981,0.8108642830951239,-0.3826571866441553,0.4475254293746382,-0.03334360850650022,-0.21590455774445846,0.0005436439659213473,0.9783549783549783,0.004099659777599585,0.7972537081286694,-0.059818968909878,0.46532800636120525,0.33016246862042703,-0.10906794105677134,0.33225242541097333,0.8394282571291569,0.30262198242340965,0.6620592924502325,0.23797905476465825,0.318256363555774
0,0.0,0.0,-0.5481760151332219,0.21161580384078507,-0.8985063456125386,0.45355191644125475,-1.0,0.6723904104758864,-0.8415997754681203,0.7109910410504237,-0.9015511339816739,-0.31443978126569216,-0.8175837945816801,0.8515952713642828,-0.6638063894487026,0.820364219342415,-0.6877440535020913,0.4882363509884045,-0.475884616979302,-0.362555375493777,-0.4253564390434573,0.9667263315722087,-0.33676096462240834,0.8024945151638753,-0.4045397539433943,0.445028139131803,-0.05822945131085014,-0.30088157821530465,-0.032840976784551806,0.9417209362157235,-0.016124762613174026,0.7786716685489875,-0.0746986662395269,0.4402256517041353,0.3271765435060639,-0.1905285535731435,0.2961939082261379,0.7887220925407292,0.27296357629388446,0.6313385693392788,0.222026804201893,0.28840368677377526
0,0.0,0.0,-0.40694995509776594,0.21869605106686663,-0.6323557361764198,0.5035743372721388,-0.6609316224449957,0.7482473945133427,-0.5334346588512643,0.8157487027621406,-0.5847980369922744,-0.06394600683648645,-0.5242302607464894,0.8975416866667613,-0.4300984564530445,0.8312123901798851,-0.45676657631476203,0.5377361659688096,-0.23162505776077075,-0.10525412126365263,-0.1949705018823106,1.0,-0.1560519477417125,0.826970454106035,-0.2238617115701449,0.5030507391512395,0.1044738749620216,-0.06699577553212693,0.13397094754538186,0.9802083792122439,0.11540508682964846,0.8116608451772462,0.05487553160437959,0.5115450623592372,0.41188136254952123,0.014283016205862,0.42028849405446644,0.8575619020033937,0.3808133463026015,0.6955707659955344,0.3203817324424053,0.38913910883808844
0,0.0,0.0,-0.11083983276252368,-0.438136362172924,-0.14022201858555758,-0.7898199881118346,-0.1109144367124826,-0.9899171290322916,-0.047053628642654693,-1.0,0.1799564977617084,-0.9983455578800292,-0.3086856999633385,-0.9970491627913578,-0.31734148910868876,-0.8488259138464584,-0.18119724280418073,-0.8221164015485772,0.24170710454627123,-0.7407517931777717,-0.3647420001544007,-0.6919403846932773,-0.3188475888037992,-0.5625994647209864,-0.18178697750838038,-0.5541934516772388,0.2309826569184172,-0.43532616466113017,-0.35805932104520305,-0.4040316251509821,-0.2964530755002359,-0.3050917282394472,-0.15763797316819608,-0.2829577229281998,0.17194237182400945,-0.12038619574207043,-0.27947055082640754,-0.13633499700718726,-0.2791279957986379,-0.11071208864403254,-0.19330021910366557,-0.10937025611484093
0,0.0,0.0,-0.11706259685020465,-0.47525792762864444,-0.17530322993711642,-0.8088912572051412,-0.21248177720148478,-0.9459204610409325,-0.19623737528557159,-0.8706125319988854,0.2035208043692865,-1.0,-0.331863088640905,-0.9648575785732563,-0.31671361488558963,-0.789010005055209,-0.17053216996221993,-0.7554177375792194,0.24070357348574098,-0.70322389803236,-0.3903919090223916,-0.6631111635681332,-0.3089085117310585,-0.542363715861278,-0.1588079031602582,-0.5404638824225207,0.2043484709369538,-0.367031116518345,-0.3979170850277339,-0.3593207296975722,-0.31786030662393905,-0.27838525538350384,-0.1737189340521006,-0.2681880141252157,0.11732783929648526,-0.03554120289009638,-0.35904869557619656,-0.06764526750572612,-0.30545632163611086,-0.04987677698672099,-0.1731286089951882,-0.05925736520452304
0,0.0,0.0,-0.11746168821265651,-0.47573016080365144,-0.1779986466323143,-0.8103221450831855,-0.2176763498675176,-0.9434656894816341,-0.2016721932397988,-0.8726944509994393,0.19957365516555403,-1.0,-0.3429311634834519,-0.9592019671909917,-0.32647030731337945,-0.7803049977068498,-0.18065151204963317,-0.7521869041038517,0.23512359615221443,-0.7056268086308491,-0.39792779017634505,-0.6661705605481277,-0.31752752722478084,-0.5389440698419358,-0.16905218941374506,-0.537338267183757,0.19897078970686746,-0.37340556197163666,-0.4025811981541911,-0.3620792662360686,-0.32594337458858663,-0.28078454141914605,-0.18540622495817036,-0.27399012451589433,0.11201107845717555,-0.04240521439092617,-0.3622072303590469,-0.07065384610788203,-0.3070331821450703,-0.05232997203818442,-0.17456383952673865,-0.06405119153259928
0,0.0,0.0,-0.12540082963482432,-0.4631456788680488,-0.1867176178896367,-0.7919976926931315,-0.22549541622971772,-0.9275463797179213,-0.21192682128797216,-0.8630130339750576,0.18049661930482822,-1.0,-0.3516958308667588,-0.9552515581355835,-0.33682748191509354,-0.7776205843806581,-0.19297180475335518,-0.7456554919567124,0.21639172702784892,-0.7181104830590069,-0.4012948118422994,-0.6670777323603396,-0.32139493222195886,-0.5401040668989124,-0.1750542826768367,-0.540112905081883,0.185979539426052,-0.39441888586226215,-0.40319393895448985,-0.3729146848394138,-0.3253717538165619,-0.28385610283748963,-0.18482606636284962,-0.27610700045417436,0.10762886702069903,-0.06966093483445362,-0.3585475871219377,-0.09167576638770475,-0.30456486739298494,-0.06257631951366184,-0.17207383093385684,-0.06822788659565096
0,0.0,0.0,-0.13320138221122851,-0.44826168090009316,-0.19006137319712219,-0.7732260954487269,-0.21306390306460612,-0.9032286552667147,-0.18240200688282485,-0.8434063694315929,0.18263889636646097,-1.0,-0.34644462635932083,-0.9480801229364125,-0.33400675216464776,-0.7631870665942667,-0.1907358476856721,-0.7317412996727071,0.2250754123826965,-0.7181806887656745,-0.3932119309415579,-0.6599644195253035,-0.31608386394436194,-0.5292438619790297,-0.16923518628625245,-0.5293538916245994,0.19751515780522347,-0.39528602595450946,-0.3891314236252651,-0.3690419648182018,-0.31074778807385417,-0.280948394015075,-0.1675554244931963,-0.2757646947260963,0.1200294944599259,-0.07045209064017799,-0.3436593199860255,-0.08818767510525882,-0.2888419352658315,-0.0633653128103915,-0.15364934221545234,-0.07356259976526405
0,0.0,0.0,-0.1346510716188071,-0.4522817526842209,-0.2063418158261985,-0.7741810331505323,-0.24908637169683537,-0.9050651672420128,-0.2334959027482684,-0.8425064585238325,0.15562399019197265,-1.0,-0.36952841976419454,-0.9484889684093099,-0.35374147938468836,-0.7700383236775548,-0.21150248951173325,-0.7396193225947025,0.19666754087717356,-0.7214972279815082,-0.41578144568631337,-0.6624540384277875,-0.33732554123179814,-0.5351676631521717,-0.19203808111576975,-0.5349049481338919,0.16997218853810614,-0.40198000546215884,-0.41144949464186076,-0.3729143436977586,-0.3328101325034419,-0.28978433509964824,-0.1919769888032974,-0.28470355136119274,0.09358800031305292,-0.08055129847372244,-0.3653450423317309,-0.09301738365484218,-0.30636113762561656,-0.07025489411780442,-0.17153401892885656,-0.08200666918386273
0,0.0,0.0,-0.15082106214689264,-0.447544406779661,-0.21683181920903954,-0.7718003163841808,-0.2379391638418079,-0.9070128813559322,-0.21019100564971752,-0.860250395480226,0.13389975141242938,-1.0,-0.39753762711864404,-0.9398804971751412,-0.3765071186440678,-0.7640362485875706,-0.2317707570621469,-0.7412526101694915,0.1779384406779661,-0.721976406779661,-0.4366152316384181,-0.6576495367231638,-0.3556546892655367,-0.5350196610169492,-0.21216253107344632,-0.5339062598870057,0.15392614689265538,-0.40310309604519773,-0.43101848587570624,-0.3696028926553672,-0.35319593220338985,-0.2813454463276836,-0.21164890395480226,-0.2694685649717514,0.08113048587570622,-0.07956248587570622,-0.38599611299435027,-0.08781035028248588,-0.32142210169491525,-0.06081609039548023,-0.17780357062146893,-0.06697925423728814
0,0.0,0.0,-0.14645952144539287,-0.43295113443538624,-0.21119648666977614,-0.7531042631821421,-0.23436431414517453,-0.8952164748518466,-0.20681412371340518,-0.8615760625405973,0.1400224340356369,-1.0,-0.38739237242788344,-0.9379920858502471,-0.36862550755574885,-0.7575233783254023,-0.22563464141311532,-0.7281492600202021,0.18597679622513014,-0.7305895694610967,-0.42444698242190293,-0.6541034397900816,-0.34393340324892907,-0.5276921915820859,-0.20191418981368878,-0.5265250637395592,0.1664146176055673,-0.41851816613204607,-0.4161288268773482,-0.3733056437051641,-0.33802783651768825,-0.28256404716870454,-0.1992878839038656,-0.2741426993524461,0.09822813325359331,-0.09688073191041266,-0.3677228881531695,-0.08852019063207323,-0.30595363966474853,-0.05955249249575785,-0.16716504182059067,-0.0658495460255416
0,0.0,0.0,-0.040572377223165146,-0.37916656544790106,-0.19688111752850818,-0.6982651027183312,-0.3887451455098057,-0.8526318177713874,-0.5143509111751475,-0.8614907897034618,-0.15377131953671905,-1.0,-0.6077173159258447,-0.879688166754746,-0.5529228236322976,-0.7051481315627001,-0.428058896029459,-0.7126917560867618,-0.15725431455492236,-0.7881584815443432,-0.6461308687595193,-0.6356546119318361,-0.554566463602725,-0.5055923177019475,-0.42830732125644494,-0.5228821634812166,-0.20000270425985095,-0.5342559824873966,-0.6540037025442502,-0.40380741453049235,-0.5592281034017297,-0.2929249687062133,-0.4280323117800768,-0.31416899240653,-0.258103268808471,-0.26755053184540983,-0.6204525464273289,-0.17065483881465415,-0.5333783584959365,-0.10660284002286245,-0.40101423494884597,-0.13842556158080946
0,0.0,0.0,-0.03861467147038172,-0.35968360691127965,-0.17977097864849353,-0.7008550421742347,-0.34899740027150683,-0.8862061464657012,-0.46430934772349336,-0.9319684856622636,-0.1279507106323892,-1.0,-0.5911682052758961,-0.8960402237922961,-0.5475062973002242,-0.7045573120681948,-0.4128362739527031,-0.6987581345755902,-0.1289807828689943,-0.7769594099858985,-0.6307953308716525,-0.6374003607719364,-0.5470254403177086,-0.49322348715040676,-0.417615715167291,-0.5014344666163807,-0.17105917500727627,-0.5139026864800729,-0.6391580610023577,-0.39784067730597,-0.5491999850598417,-0.28129193844560807,-0.41122621349439265,-0.29916609955924184,-0.22895064415338282,-0.24168783384852605,-0.6168483642053539,-0.17295276960232164,-0.5422974439879135,-0.10486534712494741,-0.4065928851489423,-0.1245513547975174
0,0.0,0.0,-0.04296943379792174,-0.37073333688785376,-0.18603455654447767,-0.7080699095531826,-0.35387075480556224,-0.8973242954146214,-0.4674518382139573,-0.9490295923263881,-0.1242861665770959,-1.0,-0.5941358905748745,-0.8959839187832971,-0.5443486191867666,-0.7055060544020927,-0.40837500064877863,-0.7024044207539326,-0.12502011213725608,-0.7678744408118084,-0.6302162390940313,-0.6329194047090475,-0.5417957342923618,-0.4947512629950358,-0.41161228800863653,-0.5030512648352079,-0.16735680983991919,-0.4987952770803735,-0.6372622108393685,-0.3908487770169112,-0.5444871039324477,-0.2805200798162848,-0.40603821801509604,-0.29763037737211157,-0.2258327604421509,-0.22356085567058467,-0.6154639569267616,-0.1664013358705689,-0.5367213417968667,-0.1027106206711721,-0.3981754929655883,-0.12156294780469828
0,0.0,0.0,-0.07449436300392544,-0.42343833418139737,-0.2512344743641671,-0.7771122076102511,-0.44290173002457084,-0.8884256340854457,-0.5269539617283606,-0.8125393332625671,-0.10717451749676532,-1.0,-0.6438923870625156,-0.9091649077270675,-0.5847831490239352,-0.711798844250843,-0.4224968135656168,-0.6840871018717481,-0.09637493698201696,-0.6723347859527211,-0.6917445855392345,-0.5925703851862555,-0.5957939848569058,-0.4678290751476896,-0.4305216467586784,-0.4549104212248479,-0.13208517084165422,-0.3173360026268686,-0.7001741943543711,-0.2840614643436232,-0.6047757263988036,-0.2006354351324897,-0.4327267871482697,-0.19264502873202732,-0.2005378925534587,0.030415810452339365,-0.673678343695711,-0.0018311402336275173,-0.6027763643377029,0.01958910579796741,-0.4375924405022869,0.012759038793518269
0,0.0,0.0,-0.1231317312590384,-0.4435821719946705,-0.26323668289509083,-0.7990221796532183,-0.4019902542315958,-0.9397459390513688,-0.4530699122062705,-0.8334194435861658,-0.0033032933813227044,-1.0,-0.5378587992757299,-0.9279582139559607,-0.5313037697410629,-0.6989468165408658,-0.38559844447244185,-0.6499011275178475,0.03523101450464578,-0.6889289808866705,-0.5889309536162857,-0.5994479019657464,-0.5143876738044381,-0.4323334982922576,-0.36737042282857235,-0.41397864102650683,-0.00027811856782734574,-0.3432774639362636,-0.5957517570303908,-0.2906687589703223,-0.5093113442966268,-0.1857226901302885,-0.3507096925047046,-0.1828371797324906,-0.07595904613318975,-0.007967649170733455,-0.5562577101353401,-0.013016384669204106,-0.4979680279832301,0.013273686703669265,-0.3524401273536147,-0.0025403432283272356
0,0.0,0.0,-0.1217278355074066,-0.452960472560536,-0.2522726835786175,-0.8093379009699219,-0.3918630862547943,-0.9448554008978266,-0.45751449115150583,-0.8395854761653001,-0.003942169971834776,-1.0,-0.5348047179151967,-0.918593493160561,-0.5298878197425718,-0.6938228763133357,-0.3853761931769026,-0.6483391650405176,0.034528592988493596,-0.6858782166511261,-0.5820232819694509,-0.5979582616385816,-0.5121706447240674,-0.43324241317324974,-0.3674285535764066,-0.4149941362504686,0.0012974747426198463,-0.3427460131309539,-0.5867758029011141,-0.29187221832373667,-0.5084796066481462,-0.1866195964586798,-0.35228686231723844,-0.18158686520104972,-0.07011434311586193,-0.011445606513568332,-0.5469479664324371,-0.021569466206538563,-0.4890035470878313,0.0059548299032000694,-0.3408251545242192,-0.0025221332513049245
